id,text,label,split,source,review_status
VNBL_00001,bạn An ép em phải đưa mật khẩu tài khoản và dọa đánh.,HIGH_RISK,validation,synthetic,
VNBL_00002,"Theo lời bé, mấy hôm nay em bị một nhóm bạn đánh ở sân trường.",HIGH_RISK,train,synthetic,
VNBL_00003,Em nói mấy bạn ném đồ cứng vào em và cười....,HIGH_RISK,train,synthetic,
VNBL_00004,bạn Minh vô tình va vào em ngoài hành lang rồi xin lỗi....,SAFE,train,synthetic,
VNBL_00005,em nói có bạn thường xuyên nói xấu bé với các bạn khác.,RISK,test,synthetic,
VNBL_00006,hôm nay các bạn cứ gọi con bằng biệt danh em không thích.,RISK,validation,synthetic,
VNBL_00007,bạn Linh mượn bút của bé và đã trả lại.,SAFE,test,synthetic,
VNBL_00008,con bị tát nhiều lần ngoài hành lang.,HIGH_RISK,train,synthetic,
VNBL_00009,Dạo này các bạn không cho em chơi cùng lúc tan học.,RISK,train,synthetic,
VNBL_00010,"bạn Huy nói câu đùa làm con khó chịu, sau đó bạn đã xin lỗi.",SAFE,test,synthetic,
VNBL_00011,"Bạn Mai nói câu đùa làm bé khó chịu, sau đó bạn đã xin lỗi.",SAFE,train,synthetic,
VNBL_00012,con nói là một nhóm bạn lấy tiền của em và dọa không được nói với bố mẹ.,HIGH_RISK,train,synthetic,
VNBL_00013,em bị đau tay do chơi thể thao ở lớp.,SAFE,train,synthetic,
VNBL_00014,"Theo lời bé, mấy hôm nay các bạn cứ gọi em bằng biệt danh em không thích....",RISK,train,synthetic,
VNBL_00015,Con nói là các bạn quay video lúc đánh con rồi gửi vào nhóm. ạ,HIGH_RISK,train,synthetic,
VNBL_00016,Bạn Hà vô tình va vào em ở lớp rồi xin lỗi. ạ,SAFE,train,synthetic,
VNBL_00017,bé kể rằng em bị giữ tay để một bạn khác đánh.,HIGH_RISK,train,synthetic,
VNBL_00018,"Theo lời bé, em bị chửi và xúc phạm trên xe đưa đón. ạ",RISK,train,synthetic,
VNBL_00019,"Bạn Mai nói câu đùa làm em khó chịu, sau đó bạn đã xin lỗi. ạ (lần kể 2)",SAFE,validation,synthetic,
VNBL_00020,Cô giáo đang giải thích thế nào là hành vi cô lập bạn bè.... (lần kể 2),SAFE,train,synthetic,
VNBL_00021,Bé kể rằng các bạn quay video lúc bé khóc rồi gửi cho nhau.,RISK,train,synthetic,
VNBL_00022,Bé kể rằng bạn Phúc nhắn tin xúc phạm em liên tục. ạ,RISK,train,synthetic,
VNBL_00023,Dạo này bạn Mai đấm em vào người.,HIGH_RISK,train,synthetic,
VNBL_00024,"Bạn Khánh nói câu đùa làm em khó chịu, sau đó bạn đã xin lỗi....",SAFE,validation,synthetic,
VNBL_00025,Bạn Minh vô tình va vào bé trong giờ ra chơi rồi xin lỗi.,SAFE,train,synthetic,
VNBL_00026,Bé kể rằng em ko dám kể với cô vì sợ bị các bạn ghét hơn.,RISK,train,synthetic,
VNBL_00027,hôm nay bé đi học bình thường và chơi với các bạn....,SAFE,validation,synthetic,
VNBL_00028,"bạn Mai nói câu đùa làm em khó chịu, sau đó bạn đã xin lỗi.",SAFE,train,synthetic,
VNBL_00029,"Em bị ngã trong giờ ra chơi khi đang chạy, không có ai xô em. (lần kể 2)",SAFE,train,synthetic,
VNBL_00030,em nói các bạn quay video lúc con khóc rồi gửi cho nhau.,RISK,train,synthetic,
VNBL_00031,Em nói các bạn ko cho em chơi cùng trong giờ ra chơi....,RISK,train,synthetic,
VNBL_00032,"em bị ngã ở sân trường khi đang chạy, không có ai xô bé. (lần kể 2)",SAFE,train,synthetic,
VNBL_00033,nhóm của bé ko chọn ý tưởng của em nhưng mọi người vẫn làm việc cùng nhau. (lần kể 2),SAFE,train,synthetic,
VNBL_00034,bạn Hà lấy đồ của em rồi không chịu trả....,RISK,train,synthetic,
VNBL_00035,Con nói là các bạn quay video lúc em khóc rồi gửi cho nhau....,RISK,train,synthetic,
VNBL_00036,Dạo này một số bạn tung tin sai về em trong lớp. ạ,RISK,train,synthetic,
VNBL_00037,"theo lời bé, bạn An lấy đồ của em rồi không chịu trả.",RISK,train,synthetic,
VNBL_00038,Em nói bạn Lan dọa sẽ đánh con nếu em kể với cô.,HIGH_RISK,test,synthetic,
VNBL_00039,Dạo này tuần này bé bị một nhóm bạn đánh ở sân trường.,HIGH_RISK,train,synthetic,
VNBL_00040,Em nói các bạn chế ảnh của em rồi gửi vào nhóm lớp. ạ,RISK,train,synthetic,
VNBL_00041,Em nói em bị chửi và xúc phạm ngoài hành lang.,RISK,train,synthetic,
VNBL_00042,bạn Mai vô tình va vào bé trên xe đưa đón rồi xin lỗi.,SAFE,validation,synthetic,
VNBL_00043,dạo này bạn Vy ép em phải đưa mật khẩu tài khoản và dọa đánh.,HIGH_RISK,train,synthetic,
VNBL_00044,bé kể rằng các bạn bắt em đưa tiền mỗi tuần.,HIGH_RISK,train,synthetic,
VNBL_00045,Con nói là mỗi giờ ra chơi em bị một nhóm bạn đánh lúc tan học.,HIGH_RISK,validation,synthetic,
VNBL_00046,Em nói bé bị đánh nhiều lần trong tuần này.,HIGH_RISK,train,synthetic,
VNBL_00047,Con nói là tuần này em bị một nhóm bạn đánh ở sân trường.,HIGH_RISK,train,synthetic,
VNBL_00048,bạn Nam mượn bút của em và đã trả lại.,SAFE,test,synthetic,
VNBL_00049,Em nói bạn Linh dọa sẽ đánh em nếu em kể với cô.,HIGH_RISK,train,synthetic,
VNBL_00050,Bé kể rằng em bị kéo tóc và xô ngã.,HIGH_RISK,train,synthetic,
VNBL_00051,Bạn Huy vô tình va vào con trên xe đưa đón rồi xin lỗi....,SAFE,train,synthetic,
VNBL_00052,Bạn Hà vô tình va vào bé ở sân trường rồi xin lỗi.,SAFE,train,synthetic,
VNBL_00053,bạn Minh vô tình va vào em ở lớp rồi xin lỗi. (lần kể 2),SAFE,train,synthetic,
VNBL_00054,bé ko muốn đi học vì sợ gặp nhóm bạn trong lớp.,RISK,train,synthetic,
VNBL_00055,Dạo này tuần này em bị một nhóm bạn đánh ở lớp....,HIGH_RISK,test,synthetic,
VNBL_00056,"Theo lời bé, các bạn quay video lúc em khóc rồi gửi cho nhau....",RISK,train,synthetic,
VNBL_00057,Dạo này các bạn không cho em chơi cùng ở sân trường.,RISK,validation,synthetic,
VNBL_00058,Em nói các bạn không cho em chơi cùng trên xe đưa đón. ạ,RISK,validation,synthetic,
VNBL_00059,Bạn Vy mượn bút của bé và đã trả lại.,SAFE,train,synthetic,
VNBL_00060,Bé kể rằng các bạn quay video lúc đánh em rồi gửi vào nhóm....,HIGH_RISK,validation,synthetic,
VNBL_00061,"bạn Khánh nói câu đùa làm con khó chịu, sau đó bạn đã xin lỗi....",SAFE,train,synthetic,
VNBL_00062,bạn Hà vô tình va vào em ở lớp rồi xin lỗi.,SAFE,train,synthetic,
VNBL_00063,"em và các bạn trêu nhau vui, khi em bảo dừng thì mọi người dừng lại....",SAFE,validation,synthetic,
VNBL_00064,Dạo này hôm qua các bạn cứ gọi con bằng biệt danh em không thích.,RISK,train,synthetic,
VNBL_00065,Bé kể rằng cả nhóm cố tình không cho con ngồi cùng.,RISK,train,synthetic,
VNBL_00066,con nói là hôm qua các bạn cứ gọi em bằng biệt danh em không thích.,RISK,validation,synthetic,
VNBL_00067,bạn Lan vô tình va vào em trong giờ ra chơi rồi xin lỗi.,SAFE,train,synthetic,
VNBL_00068,Con nói là hôm nay em bị một nhóm bạn đánh ngoài hành lang.,HIGH_RISK,train,synthetic,
VNBL_00069,Em với bạn Phúc giành bóng khi chơi rồi tiếp tục chơi bình thường....,SAFE,train,synthetic,
VNBL_00070,em nói các bạn chế ảnh của em rồi gửi vào nhóm lớp.,RISK,train,synthetic,
VNBL_00071,Bé kể rằng bạn Minh đấm em vào người. ạ,HIGH_RISK,validation,synthetic,
VNBL_00072,Bé kể rằng bạn Vy lấy đồ của em rồi không chịu trả.,RISK,train,synthetic,
VNBL_00073,"Theo lời bé, em bị xô xuống cầu thang nhưng may em bám được tay vịn....",HIGH_RISK,test,synthetic,
VNBL_00074,Bé kể rằng bạn Lan ép con phải đưa mật khẩu tài khoản và dọa đánh.,HIGH_RISK,train,synthetic,
VNBL_00075,Bé kể rằng gần đây các bạn cứ gọi em bằng biệt danh em không thích....,RISK,train,synthetic,
VNBL_00076,"Theo lời bé, cả nhóm cố tình ko cho con ngồi cùng.",RISK,train,synthetic,
VNBL_00077,Em và bạn Vy tranh luận một chút rồi đã làm hòa. ạ (lần kể 2),SAFE,train,synthetic,
VNBL_00078,"theo lời bé, bé bị đuổi ra khỏi nhóm chat của lớp.",RISK,train,synthetic,
VNBL_00079,Con nói là một số bạn tung tin sai về em trong lớp....,RISK,train,synthetic,
VNBL_00080,"Theo lời bé, em thường bị lấy đồ ăn mà ko được hỏi.",RISK,train,synthetic,
VNBL_00081,Em nói gần đây em bị một nhóm bạn đánh trên xe đưa đón.,HIGH_RISK,train,synthetic,
VNBL_00082,bạn Minh vô tình va vào bé ở sân trường rồi xin lỗi. ạ,SAFE,train,synthetic,
VNBL_00083,Bé kể rằng mấy hôm nay em bị một nhóm bạn đánh ở lớp.,HIGH_RISK,train,synthetic,
VNBL_00084,em nói bạn Huy lấy đồ của em rồi không chịu trả.,RISK,train,synthetic,
VNBL_00085,bé kể rằng bé bị giữ tay để một bạn khác đánh.,HIGH_RISK,train,synthetic,
VNBL_00086,Con nói là có người đăng bài bêu xấu bé trên mạng.,RISK,test,synthetic,
VNBL_00087,Bé kể rằng bé không dám phát biểu vì các bạn hay cười nhạo.,RISK,train,synthetic,
VNBL_00088,Dạo này tuần này các bạn cứ gọi con bằng biệt danh em không thích.,RISK,train,synthetic,
VNBL_00089,Con nói là cả nhóm cố tình không cho con ngồi cùng.,RISK,train,synthetic,
VNBL_00090,hôm nay lớp bé học về chủ đề phòng chống bắt nạt học đường. ạ (lần kể 2),SAFE,validation,synthetic,
VNBL_00091,con nói là một số bạn tung tin sai về con trong lớp.,RISK,test,synthetic,
VNBL_00092,Bạn Vy vô tình va vào em trong giờ ra chơi rồi xin lỗi. ạ (lần kể 2),SAFE,train,synthetic,
VNBL_00093,Con nói là bé không dám phát biểu vì các bạn hay cười nhạo.,RISK,train,synthetic,
VNBL_00094,Bé kể rằng ngày nào họ cũng trêu em dù em đã bảo dừng.,RISK,train,synthetic,
VNBL_00095,bé kể rằng con thường bị lấy đồ ăn mà không được hỏi.,RISK,train,synthetic,
VNBL_00096,bé kể rằng bạn Lan dọa sẽ đánh con nếu em kể với cô.,HIGH_RISK,train,synthetic,
VNBL_00097,bé kể rằng tuần này em bị một nhóm bạn đánh ở lớp.,HIGH_RISK,test,synthetic,
VNBL_00098,mỗi giờ ra chơi em đi học bình thường và chơi với các bạn. ạ,SAFE,test,synthetic,
VNBL_00099,"Theo lời bé, con có vết bầm vì bị bạn đánh lúc tan học.",HIGH_RISK,train,synthetic,
VNBL_00100,Bạn Lan vô tình va vào em trên xe đưa đón rồi xin lỗi. ạ,SAFE,train,synthetic,
VNBL_00101,Bạn Trang vô tình va vào con ở lớp rồi xin lỗi. (lần kể 2),SAFE,train,synthetic,
VNBL_00102,gần đây các bạn cứ gọi em bằng biệt danh em ko thích.,RISK,train,synthetic,
VNBL_00103,con nói là bé sợ giờ ra chơi vì các bạn hay vây quanh trêu chọc.,RISK,train,synthetic,
VNBL_00104,Em nói con bị ép đưa đồ ăn và tiền cho các bạn.,HIGH_RISK,train,synthetic,
VNBL_00105,Bạn An vô tình va vào bé trong giờ ra chơi rồi xin lỗi.,SAFE,train,synthetic,
VNBL_00106,em nói một số bạn tung tin sai về em trong lớp.,RISK,train,synthetic,
VNBL_00107,con bị đuổi ra khỏi nhóm chat của lớp.,RISK,train,synthetic,
VNBL_00108,Dạo này các bạn không cho em chơi cùng trong giờ ra chơi. ạ,RISK,validation,synthetic,
VNBL_00109,bạn Huy vô tình va vào bé ở sân trường rồi xin lỗi. ạ,SAFE,validation,synthetic,
VNBL_00110,em với bạn Mai giành bóng khi chơi rồi tiếp tục chơi bình thường. (lần kể 2),SAFE,validation,synthetic,
VNBL_00111,bạn Linh vô tình va vào bé ngoài hành lang rồi xin lỗi.,SAFE,train,synthetic,
VNBL_00112,em nói có bạn dọa làm em bị thương nếu em không làm theo.,HIGH_RISK,validation,synthetic,
VNBL_00113,bé bị đuổi ra khỏi nhóm chat của lớp. ạ,RISK,train,synthetic,
VNBL_00114,Bạn Nam mượn bút của bé và đã trả lại.,SAFE,train,synthetic,
VNBL_00115,Con nói là bé bị loại khỏi các hoạt động của nhóm nhiều lần. ạ,RISK,test,synthetic,
VNBL_00116,Em thấy hai bạn khác cãi nhau nhưng bé ko liên quan. ạ,SAFE,validation,synthetic,
VNBL_00117,Em nói em bị chửi và xúc phạm ở lớp.,RISK,validation,synthetic,
VNBL_00118,Nhóm của con ko chọn ý tưởng của em nhưng mọi người vẫn làm việc cùng nhau.,SAFE,train,synthetic,
VNBL_00119,"Theo lời bé, bạn Vy nhắn tin xúc phạm em liên tục.",RISK,train,synthetic,
VNBL_00120,Con nói là bạn An lấy đồ của con rồi không chịu trả.,RISK,train,synthetic,
VNBL_00121,Con nói là các bạn không cho con chơi cùng trên xe đưa đón.,RISK,train,synthetic,
VNBL_00122,Bạn An mượn bút của con và đã trả lại.... (lần kể 2),SAFE,validation,synthetic,
VNBL_00123,"Theo lời bé, bé không muốn đi học vì sợ gặp nhóm bạn trong lớp. ạ",RISK,train,synthetic,
VNBL_00124,"Theo lời bé, bạn Phúc nhắn tin xúc phạm con liên tục.",RISK,test,synthetic,
VNBL_00125,Dạo này em bị ép làm việc em không muốn và bị đe dọa nếu từ chối....,HIGH_RISK,train,synthetic,
VNBL_00126,hôm nay em làm rơi hộp bút và bạn đã nhặt giúp. (lần kể 2),SAFE,test,synthetic,
VNBL_00127,bé kể rằng bé bị tát nhiều lần ở sân trường.,HIGH_RISK,train,synthetic,
VNBL_00128,"Em bị ngã lúc tan học khi đang chạy, không có ai xô con. (lần kể 2)",SAFE,validation,synthetic,
VNBL_00129,Bé kể rằng có bạn bóp cổ bé trong giờ ra chơi.,HIGH_RISK,train,synthetic,
VNBL_00130,Dạo này bạn Nam đấm em vào người.,HIGH_RISK,test,synthetic,
VNBL_00131,con nói là bạn Trang dọa sẽ đánh em nếu em kể với cô....,HIGH_RISK,validation,synthetic,
VNBL_00132,em thấy hai bạn khác cãi nhau nhưng em không liên quan. (lần kể 2),SAFE,train,synthetic,
VNBL_00133,"Theo lời bé, con bị kéo tóc và xô ngã. ạ",HIGH_RISK,train,synthetic,
VNBL_00134,em nói họ dọa sẽ tiếp tục đánh nếu em báo với người lớn.,HIGH_RISK,train,synthetic,
VNBL_00135,Bé kể rằng em bị tát nhiều lần ở lớp....,HIGH_RISK,train,synthetic,
VNBL_00136,Bạn Mai mượn bút của bé và đã trả lại.,SAFE,train,synthetic,
VNBL_00137,"Theo lời bé, một số bạn tung tin sai về con trong lớp.",RISK,train,synthetic,
VNBL_00138,Bé kể rằng em bị đánh nhiều lần trong tuần này. ạ,HIGH_RISK,test,synthetic,
VNBL_00139,Em nói em không dám kể với cô vì sợ bị các bạn ghét hơn.,RISK,test,synthetic,
VNBL_00140,Em nói bạn Mai lấy đồ của em rồi không chịu trả. ạ,RISK,train,synthetic,
VNBL_00141,Em bị đau tay do chơi thể thao ở sân trường. (lần kể 2),SAFE,train,synthetic,
VNBL_00142,Con nói là em bị xô xuống cầu thang nhưng may em bám được tay vịn....,HIGH_RISK,train,synthetic,
VNBL_00143,các bạn ko cho em chơi cùng ở sân trường.,RISK,train,synthetic,
VNBL_00144,bạn Linh vô tình va vào em lúc tan học rồi xin lỗi.,SAFE,train,synthetic,
VNBL_00145,Em nói bạn Trang nhắn tin xúc phạm em liên tục.,RISK,train,synthetic,
VNBL_00146,Bé kể rằng các bạn không cho con chơi cùng lúc tan học.,RISK,train,synthetic,
VNBL_00147,"theo lời bé, bạn Hà đấm em vào người.",HIGH_RISK,validation,synthetic,
VNBL_00148,Con nói là em sợ giờ ra chơi vì các bạn hay vây quanh trêu chọc....,RISK,train,synthetic,
VNBL_00149,"Em bị ngã ở lớp khi đang chạy, ko có ai xô bé.",SAFE,train,synthetic,
VNBL_00150,"em bị ngã ngoài hành lang khi đang chạy, không có ai xô em. ạ",SAFE,train,synthetic,
VNBL_00151,"Theo lời bé, một nhóm bạn thường xuyên đạp vào chân bé dưới bàn.",HIGH_RISK,train,synthetic,
VNBL_00152,Bạn Linh mượn bút của con và đã trả lại.,SAFE,train,synthetic,
VNBL_00153,Em thấy hai bạn khác cãi nhau nhưng bé ko liên quan. (lần kể 2),SAFE,test,synthetic,
VNBL_00154,hôm nay em bị một nhóm bạn đánh lúc tan học.,HIGH_RISK,train,synthetic,
VNBL_00155,gần đây em đi học bình thường và chơi với các bạn. ạ (lần kể 2),SAFE,train,synthetic,
VNBL_00156,Bạn Nam vô tình va vào bé ngoài hành lang rồi xin lỗi.,SAFE,train,synthetic,
VNBL_00157,Em nói mấy bạn chặn đường em lúc tan học để đánh....,HIGH_RISK,train,synthetic,
VNBL_00158,Dạo này bạn Mai nhắn tin xúc phạm em liên tục.,RISK,train,synthetic,
VNBL_00159,Em với bạn Vy giành bóng khi chơi rồi tiếp tục chơi bình thường. ạ (lần kể 2),SAFE,test,synthetic,
VNBL_00160,gần đây em đi học bình thường và chơi với các bạn....,SAFE,test,synthetic,
VNBL_00161,con thường bị lấy đồ ăn mà không được hỏi.,RISK,train,synthetic,
VNBL_00162,Bạn Linh vô tình va vào em ở sân trường rồi xin lỗi. (lần kể 2),SAFE,train,synthetic,
VNBL_00163,Em nói gần đây bé bị một nhóm bạn đánh lúc tan học.,HIGH_RISK,train,synthetic,
VNBL_00164,Bé kể rằng em bị đuổi ra khỏi nhóm chat của lớp....,RISK,train,synthetic,
VNBL_00165,Bé kể rằng có bạn thường xuyên nói xấu em với các bạn khác....,RISK,validation,synthetic,
VNBL_00166,"Em bị ngã ngoài hành lang khi đang chạy, không có ai xô bé. (lần kể 2)",SAFE,test,synthetic,
VNBL_00167,Con nói là bạn Trang đấm em vào người.,HIGH_RISK,train,synthetic,
VNBL_00168,Dạo này bạn Trang lấy đồ của em rồi không chịu trả.,RISK,train,synthetic,
VNBL_00169,bé kể rằng các bạn không cho em chơi cùng ngoài hành lang.,RISK,train,synthetic,
VNBL_00170,em và bạn Phúc tranh luận một chút rồi đã làm hòa. (lần kể 2),SAFE,test,synthetic,
VNBL_00171,Em nói các bạn đá em khi em ngã xuống.,HIGH_RISK,train,synthetic,
VNBL_00172,Bé kể rằng bé bị đánh nhiều lần trong tuần này....,HIGH_RISK,train,synthetic,
VNBL_00173,Bạn Trang vô tình va vào em trên xe đưa đón rồi xin lỗi. ạ (lần kể 2),SAFE,validation,synthetic,
VNBL_00174,Em với bạn Vy giành bóng khi chơi rồi tiếp tục chơi bình thường.... (lần kể 2),SAFE,train,synthetic,
VNBL_00175,bé kể rằng một nhóm bạn thường xuyên đạp vào chân con dưới bàn.,HIGH_RISK,train,synthetic,
VNBL_00176,Em nói bạn Nam ép em phải đưa mật khẩu tài khoản và dọa đánh.,HIGH_RISK,train,synthetic,
VNBL_00177,"mẹ hỏi em có bị bạn nào bắt nạt ko, em nói là ko. (lần kể 2)",SAFE,train,synthetic,
VNBL_00178,Bạn Nam mượn bút của con và đã trả lại. (lần kể 2),SAFE,test,synthetic,
VNBL_00179,Bạn An mượn bút của em và đã trả lại. ạ,SAFE,train,synthetic,
VNBL_00180,Con nói là gần đây con bị một nhóm bạn đánh trên xe đưa đón.,HIGH_RISK,train,synthetic,
VNBL_00181,Bé kể rằng em có vết bầm vì bị bạn đánh ở lớp.,HIGH_RISK,train,synthetic,
VNBL_00182,"bạn Hà nói câu đùa làm con khó chịu, sau đó bạn đã xin lỗi.",SAFE,train,synthetic,
VNBL_00183,Em ko thích tiết thể dục nhưng vẫn đi học bình thường. ạ,SAFE,test,synthetic,
VNBL_00184,bạn Khánh vô tình va vào em ngoài hành lang rồi xin lỗi. (lần kể 2),SAFE,train,synthetic,
VNBL_00185,Em nói bạn An nhắn tin xúc phạm bé liên tục.,RISK,train,synthetic,
VNBL_00186,bạn Lan nhắn tin xúc phạm em liên tục.,RISK,train,synthetic,
VNBL_00187,"theo lời bé, các bạn không cho em chơi cùng trong giờ ra chơi.",RISK,validation,synthetic,
VNBL_00188,"Theo lời bé, các bạn không cho em chơi cùng trên xe đưa đón. ạ",RISK,test,synthetic,
VNBL_00189,"Theo lời bé, các bạn bắt bé đưa tiền mỗi tuần.",HIGH_RISK,train,synthetic,
VNBL_00190,"Theo lời bé, các bạn chế ảnh của con rồi gửi vào nhóm lớp.",RISK,train,synthetic,
VNBL_00191,Con nói là bạn Mai lấy đồ của con rồi không chịu trả.,RISK,train,synthetic,
VNBL_00192,em bị chửi và xúc phạm ngoài hành lang....,RISK,train,synthetic,
VNBL_00193,bé kể rằng bạn Trang ép em phải đưa mật khẩu tài khoản và dọa đánh.,HIGH_RISK,train,synthetic,
VNBL_00194,Em và bạn Nam tranh luận một chút rồi đã làm hòa....,SAFE,validation,synthetic,
VNBL_00195,Bé kể rằng mấy bạn thường xuyên cười nhạo em trước lớp. ạ,RISK,train,synthetic,
VNBL_00196,"em bị ngã ngoài hành lang khi đang chạy, không có ai xô em. (lần kể 2)",SAFE,train,synthetic,
VNBL_00197,Bạn Linh vô tình va vào bé lúc tan học rồi xin lỗi.,SAFE,validation,synthetic,
VNBL_00198,hôm nay con đi học bình thường và chơi với các bạn. ạ,SAFE,test,synthetic,
VNBL_00199,"bạn Linh nói câu đùa làm con khó chịu, sau đó bạn đã xin lỗi.",SAFE,train,synthetic,
VNBL_00200,bạn Vy vô tình va vào em ở lớp rồi xin lỗi.,SAFE,validation,synthetic,
VNBL_00201,bạn Hà vô tình va vào em ở sân trường rồi xin lỗi.,SAFE,train,synthetic,
VNBL_00202,Con nói là em bị tát nhiều lần trong giờ ra chơi.,HIGH_RISK,train,synthetic,
VNBL_00203,"Theo lời bé, bé có vết bầm vì bị bạn đánh trên xe đưa đón.",HIGH_RISK,validation,synthetic,
VNBL_00204,Em và bạn Trang tranh luận một chút rồi đã làm hòa.... (lần kể 2),SAFE,train,synthetic,
VNBL_00205,Con nói là các bạn chế ảnh của em rồi gửi vào nhóm lớp....,RISK,train,synthetic,
VNBL_00206,Bạn Khánh mượn bút của con và đã trả lại....,SAFE,train,synthetic,
VNBL_00207,Bạn Minh vô tình va vào con ở sân trường rồi xin lỗi.,SAFE,train,synthetic,
VNBL_00208,"bạn Hà nói câu đùa làm em khó chịu, sau đó bạn đã xin lỗi....",SAFE,train,synthetic,
VNBL_00209,"Mẹ hỏi con có bị bạn nào bắt nạt không, em nói là không.",SAFE,validation,synthetic,
VNBL_00210,em sợ bị cô gọi lên bảng vì chưa thuộc bài.,SAFE,train,synthetic,
VNBL_00211,"Theo lời bé, bạn Linh ép em phải đưa mật khẩu tài khoản và dọa đánh.",HIGH_RISK,test,synthetic,
VNBL_00212,"theo lời bé, có bạn thường xuyên nói xấu em với các bạn khác.",RISK,test,synthetic,
VNBL_00213,mấy bạn chặn đường em lúc tan học để đánh....,HIGH_RISK,test,synthetic,
VNBL_00214,Bạn Lan vô tình va vào bé lúc tan học rồi xin lỗi.,SAFE,validation,synthetic,
VNBL_00215,Dạo này con bị xô xuống cầu thang nhưng may em bám được tay vịn.,HIGH_RISK,train,synthetic,
VNBL_00216,Bé kể rằng bạn Mai nhắn tin xúc phạm em liên tục.,RISK,test,synthetic,
VNBL_00217,em nói em không muốn đi học vì sợ gặp nhóm bạn trong lớp.,RISK,train,synthetic,
VNBL_00218,dạo này em bị ép làm việc em không muốn và bị đe dọa nếu từ chối.,HIGH_RISK,train,synthetic,
VNBL_00219,Con nói là con bị tát nhiều lần ở sân trường.,HIGH_RISK,train,synthetic,
VNBL_00220,bé kể rằng mấy bạn chặn đường em lúc tan học để đánh....,HIGH_RISK,train,synthetic,
VNBL_00221,Bé kể rằng bé thường bị xô vai và chọc ghẹo khi đi qua hành lang.,RISK,train,synthetic,
VNBL_00222,dạo này bạn Phúc nhắn tin xúc phạm em liên tục....,RISK,test,synthetic,
VNBL_00223,"Theo lời bé, bạn Nam nhắn tin xúc phạm em liên tục. ạ",RISK,train,synthetic,
VNBL_00224,Dạo này bạn Hà ép em phải đưa mật khẩu tài khoản và dọa đánh.,HIGH_RISK,train,synthetic,
VNBL_00225,em bị đau tay do chơi thể thao ngoài hành lang. (lần kể 2),SAFE,train,synthetic,
VNBL_00226,Bé kể rằng mỗi giờ ra chơi em bị một nhóm bạn đánh trong giờ ra chơi.,HIGH_RISK,train,synthetic,
VNBL_00227,em thấy hai bạn khác cãi nhau nhưng con không liên quan. (lần kể 2),SAFE,train,synthetic,
VNBL_00228,bạn Minh ép bé phải đưa mật khẩu tài khoản và dọa đánh.,HIGH_RISK,train,synthetic,
VNBL_00229,Dạo này em bị xô xuống cầu thang nhưng may em bám được tay vịn.,HIGH_RISK,train,synthetic,
VNBL_00230,Dạo này bé không dám kể với cô vì sợ bị các bạn ghét hơn.,RISK,validation,synthetic,
VNBL_00231,Em nói có bạn thường xuyên nói xấu em với các bạn khác. ạ,RISK,test,synthetic,
VNBL_00232,Bé kể rằng bé bị kéo tóc và xô ngã....,HIGH_RISK,test,synthetic,
VNBL_00233,Bạn An mượn bút của bé và đã trả lại.,SAFE,train,synthetic,
VNBL_00234,em với bạn Nam giành bóng khi chơi rồi tiếp tục chơi bình thường....,SAFE,test,synthetic,
VNBL_00235,Dạo này bạn Phúc dọa sẽ đánh em nếu em kể với cô.,HIGH_RISK,train,synthetic,
VNBL_00236,Em nói em bị tát nhiều lần ngoài hành lang.,HIGH_RISK,train,synthetic,
VNBL_00237,Bé kể rằng em bị chửi và xúc phạm lúc tan học. ạ,RISK,test,synthetic,
VNBL_00238,bạn Trang mượn bút của em và đã trả lại....,SAFE,validation,synthetic,
VNBL_00239,Em nói bạn Phúc dọa sẽ đánh em nếu em kể với cô.,HIGH_RISK,test,synthetic,
VNBL_00240,Dạo này em bị giữ tay để một bạn khác đánh. ạ,HIGH_RISK,train,synthetic,
VNBL_00241,Dạo này gần đây em bị một nhóm bạn đánh ngoài hành lang.,HIGH_RISK,validation,synthetic,
VNBL_00242,Con nói là em bị chửi và xúc phạm trên xe đưa đón. ạ,RISK,train,synthetic,
VNBL_00243,Em nói họ nói tan học đợi đấy rồi vây em ở cổng trường. ạ,HIGH_RISK,train,synthetic,
VNBL_00244,em nói em bị ép đưa đồ ăn và tiền cho các bạn.,HIGH_RISK,train,synthetic,
VNBL_00245,Con nói là họ dọa sẽ tiếp tục đánh nếu em báo với người lớn.,HIGH_RISK,train,synthetic,
VNBL_00246,Em nói bạn Khánh lấy đồ của em rồi không chịu trả.,RISK,train,synthetic,
VNBL_00247,Con nói là có bạn dọa làm em bị thương nếu em không làm theo. ạ,HIGH_RISK,train,synthetic,
VNBL_00248,Bạn Minh vô tình va vào em lúc tan học rồi xin lỗi. ạ,SAFE,validation,synthetic,
VNBL_00249,mấy bạn ném đồ cứng vào con và cười.,HIGH_RISK,train,synthetic,
VNBL_00250,Nhóm của em không chọn ý tưởng của em nhưng mọi người vẫn làm việc cùng nhau.... (lần kể 2),SAFE,train,synthetic,
VNBL_00251,bạn An vô tình va vào em ở sân trường rồi xin lỗi.,SAFE,train,synthetic,
VNBL_00252,Bạn Hà mượn bút của em và đã trả lại.,SAFE,train,synthetic,
VNBL_00253,em và bạn Minh tranh luận một chút rồi đã làm hòa. (lần kể 2),SAFE,train,synthetic,
VNBL_00254,Dạo này các bạn bắt em đưa tiền mỗi tuần.,HIGH_RISK,train,synthetic,
VNBL_00255,Em với bạn Nam giành bóng khi chơi rồi tiếp tục chơi bình thường.,SAFE,train,synthetic,
VNBL_00256,tuần này em đi học bình thường và chơi với các bạn....,SAFE,train,synthetic,
VNBL_00257,mấy bạn chặn đường con lúc tan học để đánh.,HIGH_RISK,train,synthetic,
VNBL_00258,"Theo lời bé, bé không muốn đi học vì sợ gặp nhóm bạn trong lớp.",RISK,train,synthetic,
VNBL_00259,bạn Phúc nhắn tin xúc phạm em liên tục. ạ,RISK,train,synthetic,
VNBL_00260,Bạn Vy vô tình va vào con ở lớp rồi xin lỗi.,SAFE,train,synthetic,
VNBL_00261,bé kể rằng bạn Linh lấy đồ của em rồi không chịu trả.,RISK,train,synthetic,
VNBL_00262,bé kể rằng mỗi giờ ra chơi các bạn cứ gọi em bằng biệt danh em không thích....,RISK,train,synthetic,
VNBL_00263,Bạn Nam vô tình va vào bé ở lớp rồi xin lỗi.,SAFE,train,synthetic,
VNBL_00264,"Bạn Mai nói câu đùa làm bé khó chịu, sau đó bạn đã xin lỗi. ạ",SAFE,train,synthetic,
VNBL_00265,dạo này bạn Mai dọa sẽ đánh bé nếu em kể với cô.,HIGH_RISK,train,synthetic,
VNBL_00266,em nói bạn Linh nhắn tin xúc phạm bé liên tục.,RISK,train,synthetic,
VNBL_00267,dạo này một nhóm bạn lấy tiền của em và dọa không được nói với bố mẹ.,HIGH_RISK,train,synthetic,
VNBL_00268,Dạo này con bị đuổi ra khỏi nhóm chat của lớp.,RISK,train,synthetic,
VNBL_00269,hôm nay lớp em học về chủ đề phòng chống bắt nạt học đường. ạ,SAFE,test,synthetic,
VNBL_00270,Em nói em bị chửi và xúc phạm ở sân trường.,RISK,train,synthetic,
VNBL_00271,"theo lời bé, em không dám phát biểu vì các bạn hay cười nhạo....",RISK,train,synthetic,
VNBL_00272,"Theo lời bé, có người đăng bài bêu xấu con trên mạng.",RISK,train,synthetic,
VNBL_00273,Con nói là các bạn bắt em đưa tiền mỗi tuần....,HIGH_RISK,validation,synthetic,
VNBL_00274,bạn Nam vô tình va vào bé ngoài hành lang rồi xin lỗi.,SAFE,train,synthetic,
VNBL_00275,Em nói các bạn ko cho em chơi cùng ngoài hành lang.,RISK,train,synthetic,
VNBL_00276,Em nói một số bạn tung tin sai về con trong lớp.,RISK,test,synthetic,
VNBL_00277,Em bị đau tay do chơi thể thao trong giờ ra chơi.,SAFE,train,synthetic,
VNBL_00278,Em nói em thường bị lấy đồ ăn mà không được hỏi. ạ,RISK,train,synthetic,
VNBL_00279,Bé kể rằng em bị chửi và xúc phạm trong giờ ra chơi. ạ,RISK,test,synthetic,
VNBL_00280,em nói cả nhóm cố tình không cho em ngồi cùng.,RISK,train,synthetic,
VNBL_00281,Em nói bé bị chặn ở cổng trường và cướp tiền.,HIGH_RISK,test,synthetic,
VNBL_00282,"Theo lời bé, có bạn bắt em làm bài hộ nếu không sẽ nói xấu em....",RISK,train,synthetic,
VNBL_00283,"theo lời bé, các bạn cố tình làm hỏng đồ dùng của bé.",RISK,train,synthetic,
VNBL_00284,Con nói là em thường bị lấy đồ ăn mà không được hỏi. ạ,RISK,train,synthetic,
VNBL_00285,Bé kể rằng họ nói tan học đợi đấy rồi vây bé ở cổng trường....,HIGH_RISK,test,synthetic,
VNBL_00286,dạo này các bạn đá em khi em ngã xuống....,HIGH_RISK,test,synthetic,
VNBL_00287,mỗi giờ ra chơi bé đi học bình thường và chơi với các bạn. (lần kể 2),SAFE,validation,synthetic,
VNBL_00288,Bạn Mai vô tình va vào em lúc tan học rồi xin lỗi....,SAFE,train,synthetic,
VNBL_00289,Bạn Minh vô tình va vào con ở sân trường rồi xin lỗi. (lần kể 2),SAFE,train,synthetic,
VNBL_00290,Bạn Khánh mượn bút của bé và đã trả lại. ạ (lần kể 2),SAFE,train,synthetic,
VNBL_00291,"bạn Nam nói câu đùa làm em khó chịu, sau đó bạn đã xin lỗi....",SAFE,train,synthetic,
VNBL_00292,Bạn Khánh vô tình va vào bé ở lớp rồi xin lỗi.,SAFE,train,synthetic,
VNBL_00293,em bị tát nhiều lần ở lớp....,HIGH_RISK,test,synthetic,
VNBL_00294,bạn Vy mượn bút của em và đã trả lại.,SAFE,train,synthetic,
VNBL_00295,"Em và các bạn trêu nhau vui, khi bé bảo dừng thì mọi người dừng lại. ạ",SAFE,train,synthetic,
VNBL_00296,"theo lời bé, em bị giấu cặp sách và đồ dùng học tập.",RISK,validation,synthetic,
VNBL_00297,Dạo này em bị chửi và xúc phạm ngoài hành lang.,RISK,test,synthetic,
VNBL_00298,Dạo này em bị kéo tóc và xô ngã....,HIGH_RISK,train,synthetic,
VNBL_00299,bạn Lan đấm con vào người.,HIGH_RISK,train,synthetic,
VNBL_00300,Bé kể rằng em không dám kể với cô vì sợ bị các bạn ghét hơn....,RISK,train,synthetic,
VNBL_00301,em ko thích tiết thể dục nhưng vẫn đi học bình thường.,SAFE,train,synthetic,
VNBL_00302,"Theo lời bé, em bị tát nhiều lần ở sân trường.",HIGH_RISK,test,synthetic,
VNBL_00303,"Em bị ngã trong giờ ra chơi khi đang chạy, không có ai xô em. ạ",SAFE,train,synthetic,
VNBL_00304,"Mẹ hỏi con có bị bạn nào bắt nạt ko, em nói là ko.... (lần kể 2)",SAFE,train,synthetic,
VNBL_00305,Em nói hôm qua em bị một nhóm bạn đánh ở sân trường....,HIGH_RISK,validation,synthetic,
VNBL_00306,"Theo lời bé, tuần này các bạn cứ gọi em bằng biệt danh em không thích.",RISK,train,synthetic,
VNBL_00307,Con nói là mỗi giờ ra chơi em bị một nhóm bạn đánh ở lớp.,HIGH_RISK,test,synthetic,
VNBL_00308,bé kể rằng bạn Trang đấm em vào người.,HIGH_RISK,test,synthetic,
VNBL_00309,Bạn Linh vô tình va vào bé ngoài hành lang rồi xin lỗi....,SAFE,validation,synthetic,
VNBL_00310,Em nói con sợ giờ ra chơi vì các bạn hay vây quanh trêu chọc.,RISK,train,synthetic,
VNBL_00311,tuần này em đi học bình thường và chơi với các bạn. ạ (lần kể 2),SAFE,train,synthetic,
VNBL_00312,"theo lời bé, mỗi giờ ra chơi các bạn cứ gọi em bằng biệt danh em không thích.",RISK,test,synthetic,
VNBL_00313,"Theo lời bé, một nhóm bạn lấy tiền của con và dọa ko được nói với bố mẹ.",HIGH_RISK,train,synthetic,
VNBL_00314,em với bạn Linh giành bóng khi chơi rồi tiếp tục chơi bình thường. (lần kể 2),SAFE,train,synthetic,
VNBL_00315,Dạo này các bạn không cho con chơi cùng ở sân trường.,RISK,train,synthetic,
VNBL_00316,bé kể rằng em không muốn đi học vì sợ gặp nhóm bạn trong lớp....,RISK,train,synthetic,
VNBL_00317,"em và các bạn trêu nhau vui, khi bé bảo dừng thì mọi người dừng lại. ạ",SAFE,train,synthetic,
VNBL_00318,em với bạn Minh giành bóng khi chơi rồi tiếp tục chơi bình thường.,SAFE,train,synthetic,
VNBL_00319,Hôm nay lớp em học về chủ đề phòng chống bắt nạt học đường. ạ (lần kể 2),SAFE,train,synthetic,
VNBL_00320,Em với bạn Vy giành bóng khi chơi rồi tiếp tục chơi bình thường. ạ,SAFE,train,synthetic,
VNBL_00321,Nhóm của em không chọn ý tưởng của em nhưng mọi người vẫn làm việc cùng nhau....,SAFE,validation,synthetic,
VNBL_00322,"Bạn Lan nói câu đùa làm bé khó chịu, sau đó bạn đã xin lỗi. ạ",SAFE,test,synthetic,
VNBL_00323,Bé kể rằng bạn Mai nhắn tin xúc phạm con liên tục.,RISK,train,synthetic,
VNBL_00324,Em nói bạn Lan dọa sẽ đánh bé nếu em kể với cô.,HIGH_RISK,train,synthetic,
VNBL_00325,bạn Lan vô tình va vào con trên xe đưa đón rồi xin lỗi. (lần kể 2),SAFE,train,synthetic,
VNBL_00326,Bạn Mai vô tình va vào con ở lớp rồi xin lỗi.,SAFE,train,synthetic,
VNBL_00327,Dạo này bạn Linh ép em phải đưa mật khẩu tài khoản và dọa đánh....,HIGH_RISK,train,synthetic,
VNBL_00328,con nói là bé bị đánh nhiều lần trong tuần này.,HIGH_RISK,test,synthetic,
VNBL_00329,Bạn Minh vô tình va vào bé lúc tan học rồi xin lỗi. (lần kể 2),SAFE,train,synthetic,
VNBL_00330,"Theo lời bé, các bạn bắt em đưa tiền mỗi tuần.",HIGH_RISK,validation,synthetic,
VNBL_00331,Dạo này em không muốn đi học vì sợ gặp nhóm bạn trong lớp. ạ,RISK,train,synthetic,
VNBL_00332,"Bạn Vy nói câu đùa làm em khó chịu, sau đó bạn đã xin lỗi. (lần kể 2)",SAFE,train,synthetic,
VNBL_00333,Dạo này có người đăng bài bêu xấu con trên mạng.,RISK,train,synthetic,
VNBL_00334,Em nói em bị tát nhiều lần trong giờ ra chơi.,HIGH_RISK,train,synthetic,
VNBL_00335,"Theo lời bé, bạn Nam dọa sẽ đánh em nếu em kể với cô.",HIGH_RISK,train,synthetic,
VNBL_00336,bé bị loại khỏi các hoạt động của nhóm nhiều lần.,RISK,train,synthetic,
VNBL_00337,dạo này các bạn quay video lúc bé khóc rồi gửi cho nhau.,RISK,test,synthetic,
VNBL_00338,Bạn Lan vô tình va vào con ở lớp rồi xin lỗi.,SAFE,train,synthetic,
VNBL_00339,"Mẹ hỏi em có bị bạn nào bắt nạt ko, em nói là ko. ạ",SAFE,test,synthetic,
VNBL_00340,Bé kể rằng tuần này em bị một nhóm bạn đánh trong giờ ra chơi.,HIGH_RISK,test,synthetic,
VNBL_00341,bạn Minh vô tình va vào em lúc tan học rồi xin lỗi.,SAFE,validation,synthetic,
VNBL_00342,họ nói tan học đợi đấy rồi vây em ở cổng trường....,HIGH_RISK,train,synthetic,
VNBL_00343,con nói là có người đăng bài bêu xấu em trên mạng....,RISK,train,synthetic,
VNBL_00344,bạn Huy lấy đồ của con rồi không chịu trả.,RISK,train,synthetic,
VNBL_00345,Con nói là có bạn bắt em làm bài hộ nếu không sẽ nói xấu em. ạ,RISK,validation,synthetic,
VNBL_00346,Bé kể rằng tuần này các bạn cứ gọi em bằng biệt danh em không thích. ạ,RISK,train,synthetic,
VNBL_00347,Bạn Linh vô tình va vào bé ở sân trường rồi xin lỗi.,SAFE,train,synthetic,
VNBL_00348,Bạn Huy vô tình va vào em ở sân trường rồi xin lỗi....,SAFE,train,synthetic,
VNBL_00349,Bé kể rằng hôm nay em bị một nhóm bạn đánh trong giờ ra chơi.,HIGH_RISK,train,synthetic,
VNBL_00350,Dạo này bạn Lan ép em phải đưa mật khẩu tài khoản và dọa đánh.,HIGH_RISK,validation,synthetic,
VNBL_00351,Con nói là tuần này các bạn cứ gọi em bằng biệt danh em không thích.,RISK,train,synthetic,
VNBL_00352,Con nói là bạn Khánh lấy đồ của con rồi không chịu trả.,RISK,train,synthetic,
VNBL_00353,"theo lời bé, hôm nay các bạn cứ gọi em bằng biệt danh em không thích.",RISK,train,synthetic,
VNBL_00354,"Theo lời bé, bạn Trang nhắn tin xúc phạm bé liên tục.",RISK,train,synthetic,
VNBL_00355,Hôm nay em làm rơi hộp bút và bạn đã nhặt giúp. ạ,SAFE,train,synthetic,
VNBL_00356,dạo này bạn Minh nhắn tin xúc phạm em liên tục.,RISK,validation,synthetic,
VNBL_00357,Em nói ngày nào họ cũng trêu bé dù em đã bảo dừng.,RISK,validation,synthetic,
VNBL_00358,Dạo này có người đăng bài bêu xấu em trên mạng. ạ,RISK,train,synthetic,
VNBL_00359,em ko dám kể với cô vì sợ bị các bạn ghét hơn.,RISK,train,synthetic,
VNBL_00360,"Theo lời bé, con không dám kể với cô vì sợ bị các bạn ghét hơn.",RISK,train,synthetic,
VNBL_00361,"Theo lời bé, con không muốn đi học vì sợ gặp nhóm bạn trong lớp.",RISK,train,synthetic,
VNBL_00362,"Mẹ hỏi con có bị bạn nào bắt nạt ko, em nói là ko.",SAFE,train,synthetic,
VNBL_00363,Em nói hôm nay em bị một nhóm bạn đánh ngoài hành lang.,HIGH_RISK,test,synthetic,
VNBL_00364,em nói em bị kéo tóc và xô ngã.,HIGH_RISK,test,synthetic,
VNBL_00365,Bé kể rằng bạn Lan dọa sẽ đánh em nếu em kể với cô.,HIGH_RISK,train,synthetic,
VNBL_00366,Dạo này bạn Vy lấy đồ của em rồi ko chịu trả.,RISK,test,synthetic,
VNBL_00367,Dạo này các bạn đá con khi em ngã xuống.,HIGH_RISK,test,synthetic,
VNBL_00368,Bạn Lan mượn bút của em và đã trả lại. (lần kể 2),SAFE,train,synthetic,
VNBL_00369,bạn Hà vô tình va vào em trên xe đưa đón rồi xin lỗi. (lần kể 2),SAFE,train,synthetic,
VNBL_00370,"Bạn Linh nói câu đùa làm em khó chịu, sau đó bạn đã xin lỗi. (lần kể 2)",SAFE,test,synthetic,
VNBL_00371,Dạo này các bạn không cho em chơi cùng trong giờ ra chơi.,RISK,test,synthetic,
VNBL_00372,bạn An mượn bút của em và đã trả lại.,SAFE,validation,synthetic,
VNBL_00373,dạo này em bị loại khỏi các hoạt động của nhóm nhiều lần. ạ,RISK,train,synthetic,
VNBL_00374,"Em bị ngã ở lớp khi đang chạy, không có ai xô em. (lần kể 2)",SAFE,train,synthetic,
VNBL_00375,"em bị ngã ngoài hành lang khi đang chạy, không có ai xô em.",SAFE,train,synthetic,
VNBL_00376,Em và bạn Linh tranh luận một chút rồi đã làm hòa. (lần kể 2),SAFE,test,synthetic,
VNBL_00377,"Em bị ngã ở sân trường khi đang chạy, ko có ai xô em. ạ",SAFE,train,synthetic,
VNBL_00378,Bạn Huy mượn bút của em và đã trả lại. ạ,SAFE,train,synthetic,
VNBL_00379,dạo này có bạn bóp cổ em trong giờ ra chơi.,HIGH_RISK,train,synthetic,
VNBL_00380,"Theo lời bé, bạn Huy lấy đồ của em rồi không chịu trả.",RISK,validation,synthetic,
VNBL_00381,bạn Nam vô tình va vào em trên xe đưa đón rồi xin lỗi.,SAFE,train,synthetic,
VNBL_00382,Bạn Hà mượn bút của em và đã trả lại. ạ,SAFE,train,synthetic,
VNBL_00383,Em hơi buồn vì điểm kiểm tra thấp. (lần kể 2),SAFE,validation,synthetic,
VNBL_00384,Bạn Khánh vô tình va vào bé ở sân trường rồi xin lỗi. ạ,SAFE,train,synthetic,
VNBL_00385,Em với bạn Khánh giành bóng khi chơi rồi tiếp tục chơi bình thường....,SAFE,validation,synthetic,
VNBL_00386,Em thấy lo vì ngày mai có bài kiểm tra. (lần kể 2),SAFE,validation,synthetic,
VNBL_00387,Em nói bạn Huy lấy đồ của bé rồi không chịu trả.,RISK,train,synthetic,
VNBL_00388,Em nói bạn Khánh đấm bé vào người.,HIGH_RISK,validation,synthetic,
VNBL_00389,Dạo này bạn Linh đấm em vào người. ạ,HIGH_RISK,validation,synthetic,
VNBL_00390,Con nói là bé bị đuổi ra khỏi nhóm chat của lớp.,RISK,train,synthetic,
VNBL_00391,Dạo này em bị tát nhiều lần ở sân trường.,HIGH_RISK,validation,synthetic,
VNBL_00392,"em bị ngã ở lớp khi đang chạy, không có ai xô em.",SAFE,train,synthetic,
VNBL_00393,bé kể rằng em bị giấu cặp sách và đồ dùng học tập. ạ,RISK,train,synthetic,
VNBL_00394,"Theo lời bé, bạn Nam dọa sẽ đánh em nếu em kể với cô. ạ",HIGH_RISK,train,synthetic,
VNBL_00395,Em nói bạn Mai dọa sẽ đánh em nếu em kể với cô.,HIGH_RISK,validation,synthetic,
VNBL_00396,"Theo lời bé, bạn Vy ép em phải đưa mật khẩu tài khoản và dọa đánh....",HIGH_RISK,train,synthetic,
VNBL_00397,"theo lời bé, con sợ giờ ra chơi vì các bạn hay vây quanh trêu chọc.",RISK,test,synthetic,
VNBL_00398,Em với bạn Linh giành bóng khi chơi rồi tiếp tục chơi bình thường....,SAFE,train,synthetic,
VNBL_00399,Con nói là em ko muốn đi học vì sợ gặp nhóm bạn trong lớp.,RISK,train,synthetic,
VNBL_00400,Dạo này mỗi giờ ra chơi em bị một nhóm bạn đánh trên xe đưa đón.,HIGH_RISK,train,synthetic,
VNBL_00401,Bé kể rằng có bạn dọa làm em bị thương nếu em ko làm theo.,HIGH_RISK,train,synthetic,
VNBL_00402,"bạn Phúc nói câu đùa làm bé khó chịu, sau đó bạn đã xin lỗi....",SAFE,train,synthetic,
VNBL_00403,Bé kể rằng các bạn không cho em chơi cùng ngoài hành lang. ạ,RISK,train,synthetic,
VNBL_00404,"Em bị ngã ở lớp khi đang chạy, không có ai xô em....",SAFE,train,synthetic,
VNBL_00405,con nói là một số bạn tung tin sai về em trong lớp.,RISK,train,synthetic,
VNBL_00406,Bạn Linh vô tình va vào em ở lớp rồi xin lỗi. ạ,SAFE,train,synthetic,
VNBL_00407,Con nói là em bị chửi và xúc phạm ở sân trường.,RISK,train,synthetic,
VNBL_00408,"Theo lời bé, bé ko dám kể với cô vì sợ bị các bạn ghét hơn....",RISK,test,synthetic,
VNBL_00409,dạo này có bạn thường xuyên nói xấu em với các bạn khác. ạ,RISK,test,synthetic,
VNBL_00410,Bé kể rằng em có vết bầm vì bị bạn đánh lúc tan học.,HIGH_RISK,train,synthetic,
VNBL_00411,lớp con xem video hướng dẫn cách báo với người lớn khi bị bắt nạt. ạ,SAFE,train,synthetic,
VNBL_00412,"Bạn Nam nói câu đùa làm em khó chịu, sau đó bạn đã xin lỗi. (lần kể 2)",SAFE,test,synthetic,
VNBL_00413,"bạn Khánh nói câu đùa làm em khó chịu, sau đó bạn đã xin lỗi. (lần kể 2)",SAFE,test,synthetic,
VNBL_00414,con nói là một nhóm bạn thường xuyên đạp vào chân em dưới bàn.,HIGH_RISK,train,synthetic,
VNBL_00415,Bạn Lan mượn bút của con và đã trả lại....,SAFE,train,synthetic,
VNBL_00416,"em bị ngã ngoài hành lang khi đang chạy, ko có ai xô em. ạ",SAFE,train,synthetic,
VNBL_00417,"theo lời bé, tuần này em bị một nhóm bạn đánh ở lớp. ạ",HIGH_RISK,test,synthetic,
VNBL_00418,Em với bạn Nam giành bóng khi chơi rồi tiếp tục chơi bình thường. ạ,SAFE,train,synthetic,
VNBL_00419,em nói bé bị ép làm việc em không muốn và bị đe dọa nếu từ chối.,HIGH_RISK,validation,synthetic,
VNBL_00420,Em thấy hai bạn khác cãi nhau nhưng bé không liên quan....,SAFE,train,synthetic,
VNBL_00421,"Mẹ hỏi bé có bị bạn nào bắt nạt không, em nói là không....",SAFE,train,synthetic,
VNBL_00422,em nói bạn Mai lấy đồ của em rồi không chịu trả.,RISK,train,synthetic,
VNBL_00423,Dạo này có người đăng bài bêu xấu bé trên mạng....,RISK,train,synthetic,
VNBL_00424,bạn Minh vô tình va vào con lúc tan học rồi xin lỗi.,SAFE,test,synthetic,
VNBL_00425,Con nói là có bạn bắt con làm bài hộ nếu không sẽ nói xấu em.,RISK,train,synthetic,
VNBL_00426,Bạn Hà vô tình va vào em trong giờ ra chơi rồi xin lỗi....,SAFE,validation,synthetic,
VNBL_00427,Con nói là em bị chửi và xúc phạm lúc tan học. ạ,RISK,train,synthetic,
VNBL_00428,bạn Trang vô tình va vào em ở lớp rồi xin lỗi.,SAFE,train,synthetic,
VNBL_00429,Dạo này ngày nào họ cũng trêu con dù em đã bảo dừng.,RISK,train,synthetic,
VNBL_00430,các bạn không cho em chơi cùng ở lớp.,RISK,train,synthetic,
VNBL_00431,Con nói là em bị giữ tay để một bạn khác đánh....,HIGH_RISK,train,synthetic,
VNBL_00432,Em nói bé bị chửi và xúc phạm trên xe đưa đón.,RISK,train,synthetic,
VNBL_00433,"Theo lời bé, em bị chặn ở cổng trường và cướp tiền....",HIGH_RISK,train,synthetic,
VNBL_00434,Con nói là bạn An ép em phải đưa mật khẩu tài khoản và dọa đánh.,HIGH_RISK,train,synthetic,
VNBL_00435,Bạn An vô tình va vào bé trên xe đưa đón rồi xin lỗi....,SAFE,train,synthetic,
VNBL_00436,Em nói con có vết bầm vì bị bạn đánh ở sân trường.,HIGH_RISK,train,synthetic,
VNBL_00437,bạn An dọa sẽ đánh em nếu em kể với cô.,HIGH_RISK,train,synthetic,
VNBL_00438,"Bạn Lan nói câu đùa làm em khó chịu, sau đó bạn đã xin lỗi....",SAFE,train,synthetic,
VNBL_00439,Dạo này bạn Trang dọa sẽ đánh em nếu em kể với cô.,HIGH_RISK,train,synthetic,
VNBL_00440,Dạo này bé bị tát nhiều lần ở sân trường....,HIGH_RISK,train,synthetic,
VNBL_00441,Bạn Khánh vô tình va vào em ở sân trường rồi xin lỗi. (lần kể 2),SAFE,train,synthetic,
VNBL_00442,Bé kể rằng em cảm thấy bị cô lập vì không ai trong nhóm chịu nói chuyện với em. ạ,RISK,train,synthetic,
VNBL_00443,Con nói là mỗi giờ ra chơi các bạn cứ gọi em bằng biệt danh em ko thích.,RISK,train,synthetic,
VNBL_00444,"Bạn Khánh nói câu đùa làm bé khó chịu, sau đó bạn đã xin lỗi. (lần kể 2)",SAFE,test,synthetic,
VNBL_00445,Lớp con xem video hướng dẫn cách báo với người lớn khi bị bắt nạt. ạ (lần kể 2),SAFE,train,synthetic,
VNBL_00446,Em nói mấy hôm nay em bị một nhóm bạn đánh lúc tan học.,HIGH_RISK,train,synthetic,
VNBL_00447,em với bạn Khánh giành bóng khi chơi rồi tiếp tục chơi bình thường.,SAFE,validation,synthetic,
VNBL_00448,Bé kể rằng các bạn không cho con chơi cùng ở lớp.,RISK,test,synthetic,
VNBL_00449,Bạn Hà mượn bút của bé và đã trả lại. ạ,SAFE,train,synthetic,
VNBL_00450,Dạo này bạn Trang đấm em vào người.,HIGH_RISK,train,synthetic,
VNBL_00451,Bạn An vô tình va vào em trên xe đưa đón rồi xin lỗi....,SAFE,train,synthetic,
VNBL_00452,bạn Nam mượn bút của em và đã trả lại....,SAFE,test,synthetic,
VNBL_00453,"em bị ngã trong giờ ra chơi khi đang chạy, không có ai xô em. ạ (lần kể 2)",SAFE,train,synthetic,
VNBL_00454,Lớp con xem video hướng dẫn cách báo với người lớn khi bị bắt nạt.... (lần kể 2),SAFE,train,synthetic,
VNBL_00455,Dạo này em không muốn đi học vì sợ gặp nhóm bạn trong lớp.,RISK,test,synthetic,
VNBL_00456,Bạn Lan vô tình va vào em ở lớp rồi xin lỗi. (lần kể 2),SAFE,train,synthetic,
VNBL_00457,hôm nay các bạn cứ gọi bé bằng biệt danh em không thích.,RISK,train,synthetic,
VNBL_00458,Con nói là em có vết bầm vì bị bạn đánh lúc tan học.,HIGH_RISK,train,synthetic,
VNBL_00459,mấy hôm nay em đi học bình thường và chơi với các bạn. (lần kể 2),SAFE,train,synthetic,
VNBL_00460,Bé kể rằng một nhóm bạn thường xuyên đạp vào chân em dưới bàn. ạ,HIGH_RISK,validation,synthetic,
VNBL_00461,Dạo này các bạn đá em khi em ngã xuống.,HIGH_RISK,validation,synthetic,
VNBL_00462,Bạn Phúc vô tình va vào em ngoài hành lang rồi xin lỗi. (lần kể 2),SAFE,train,synthetic,
VNBL_00463,Bé kể rằng có người đăng bài bêu xấu em trên mạng. ạ,RISK,validation,synthetic,
VNBL_00464,có người đăng bài bêu xấu em trên mạng.,RISK,train,synthetic,
VNBL_00465,Em nói bé có vết bầm vì bị bạn đánh trên xe đưa đón.,HIGH_RISK,validation,synthetic,
VNBL_00466,"theo lời bé, bạn An dọa sẽ đánh em nếu em kể với cô.",HIGH_RISK,train,synthetic,
VNBL_00467,"Bạn Minh nói câu đùa làm con khó chịu, sau đó bạn đã xin lỗi. (lần kể 2)",SAFE,validation,synthetic,
VNBL_00468,Con nói là cả nhóm cố tình không cho em ngồi cùng.,RISK,train,synthetic,
VNBL_00469,Bé kể rằng một số bạn tung tin sai về em trong lớp.,RISK,test,synthetic,
VNBL_00470,con nói là một nhóm bạn thường xuyên đạp vào chân con dưới bàn.,HIGH_RISK,validation,synthetic,
VNBL_00471,con nói là em bị đánh nhiều lần trong tuần này....,HIGH_RISK,test,synthetic,
VNBL_00472,Em với bạn Linh giành bóng khi chơi rồi tiếp tục chơi bình thường.... (lần kể 2),SAFE,validation,synthetic,
VNBL_00473,bạn Hà ép em phải đưa mật khẩu tài khoản và dọa đánh.,HIGH_RISK,train,synthetic,
VNBL_00474,Bạn Nam vô tình va vào bé trên xe đưa đón rồi xin lỗi.,SAFE,validation,synthetic,
VNBL_00475,"Theo lời bé, mấy hôm nay bé bị một nhóm bạn đánh lúc tan học.",HIGH_RISK,train,synthetic,
VNBL_00476,dạo này em không dám kể với cô vì sợ bị các bạn ghét hơn. ạ,RISK,train,synthetic,
VNBL_00477,"Theo lời bé, các bạn ko cho em chơi cùng ở sân trường.",RISK,train,synthetic,
VNBL_00478,Dạo này các bạn không cho con chơi cùng trong giờ ra chơi.,RISK,train,synthetic,
VNBL_00479,Con nói là mấy bạn chặn đường em lúc tan học để đánh.,HIGH_RISK,train,synthetic,
VNBL_00480,Bạn Hà vô tình va vào con ở sân trường rồi xin lỗi.,SAFE,train,synthetic,
VNBL_00481,Em và bạn Trang tranh luận một chút rồi đã làm hòa. ạ,SAFE,train,synthetic,
VNBL_00482,Em nói bạn Nam dọa sẽ đánh em nếu em kể với cô.,HIGH_RISK,train,synthetic,
VNBL_00483,"Theo lời bé, bạn Phúc ép em phải đưa mật khẩu tài khoản và dọa đánh.",HIGH_RISK,train,synthetic,
VNBL_00484,con nói là ngày nào họ cũng trêu bé dù em đã bảo dừng. ạ,RISK,test,synthetic,
VNBL_00485,"Theo lời bé, bé bị chặn ở cổng trường và cướp tiền.",HIGH_RISK,train,synthetic,
VNBL_00486,Bạn Hà vô tình va vào em trên xe đưa đón rồi xin lỗi.,SAFE,test,synthetic,
VNBL_00487,Con nói là bạn Trang đấm em vào người. ạ,HIGH_RISK,train,synthetic,
VNBL_00488,"theo lời bé, gần đây em bị một nhóm bạn đánh ngoài hành lang.",HIGH_RISK,train,synthetic,
VNBL_00489,Bé kể rằng mấy bạn ném đồ cứng vào em và cười....,HIGH_RISK,train,synthetic,
VNBL_00490,Em nói mấy hôm nay em bị một nhóm bạn đánh trên xe đưa đón.,HIGH_RISK,train,synthetic,
VNBL_00491,bạn Hà đấm em vào người. ạ,HIGH_RISK,train,synthetic,
VNBL_00492,Dạo này bạn Hà đấm con vào người.,HIGH_RISK,train,synthetic,
VNBL_00493,Em nói bạn Linh lấy đồ của em rồi không chịu trả....,RISK,train,synthetic,
VNBL_00494,bé kể rằng con không muốn đi học vì sợ gặp nhóm bạn trong lớp....,RISK,validation,synthetic,
VNBL_00495,Dạo này bạn Minh dọa sẽ đánh em nếu em kể với cô.,HIGH_RISK,train,synthetic,
VNBL_00496,"Mẹ hỏi em có bị bạn nào bắt nạt ko, em nói là ko. (lần kể 2)",SAFE,validation,synthetic,
VNBL_00497,"em và các bạn trêu nhau vui, khi em bảo dừng thì mọi người dừng lại. (lần kể 2)",SAFE,train,synthetic,
VNBL_00498,Dạo này bạn Khánh lấy đồ của em rồi không chịu trả. ạ,RISK,train,synthetic,
VNBL_00499,Em nói bé bị loại khỏi các hoạt động của nhóm nhiều lần.,RISK,train,synthetic,
VNBL_00500,bé kể rằng bạn Linh đấm em vào người.,HIGH_RISK,train,synthetic,
VNBL_00501,con nói là con có vết bầm vì bị bạn đánh trong giờ ra chơi.,HIGH_RISK,validation,synthetic,
VNBL_00502,"Mẹ hỏi em có bị bạn nào bắt nạt không, em nói là không.",SAFE,train,synthetic,
VNBL_00503,bạn Minh dọa sẽ đánh bé nếu em kể với cô.,HIGH_RISK,train,synthetic,
VNBL_00504,Con nói là con bị chặn ở cổng trường và cướp tiền. ạ,HIGH_RISK,train,synthetic,
VNBL_00505,Con nói là em cảm thấy bị cô lập vì ko ai trong nhóm chịu nói chuyện với em....,RISK,test,synthetic,
VNBL_00506,Em nói bạn Trang đấm con vào người.,HIGH_RISK,train,synthetic,
VNBL_00507,Bạn Linh vô tình va vào em ở lớp rồi xin lỗi. (lần kể 2),SAFE,train,synthetic,
VNBL_00508,Em và bạn An tranh luận một chút rồi đã làm hòa.,SAFE,train,synthetic,
VNBL_00509,"Theo lời bé, bạn Minh nhắn tin xúc phạm em liên tục.",RISK,train,synthetic,
VNBL_00510,Cô giáo đang giải thích thế nào là hành vi cô lập bạn bè.,SAFE,train,synthetic,
VNBL_00511,"Theo lời bé, bạn Lan ép em phải đưa mật khẩu tài khoản và dọa đánh. ạ",HIGH_RISK,train,synthetic,
VNBL_00512,Con nói là bạn Trang lấy đồ của em rồi không chịu trả.,RISK,train,synthetic,
VNBL_00513,bé kể rằng em có vết bầm vì bị bạn đánh trong giờ ra chơi.,HIGH_RISK,train,synthetic,
VNBL_00514,"Mẹ hỏi em có bị bạn nào bắt nạt không, em nói là không. ạ (lần kể 2)",SAFE,train,synthetic,
VNBL_00515,Dạo này họ nói tan học đợi đấy rồi vây em ở cổng trường.,HIGH_RISK,train,synthetic,
VNBL_00516,em bị tát nhiều lần trên xe đưa đón.,HIGH_RISK,test,synthetic,
VNBL_00517,Em nói một nhóm bạn thường xuyên đạp vào chân em dưới bàn....,HIGH_RISK,test,synthetic,
VNBL_00518,Dạo này em bị đuổi ra khỏi nhóm chat của lớp. ạ,RISK,train,synthetic,
VNBL_00519,em không dám phát biểu vì các bạn hay cười nhạo....,RISK,train,synthetic,
VNBL_00520,"Theo lời bé, bạn Linh dọa sẽ đánh em nếu em kể với cô....",HIGH_RISK,train,synthetic,
VNBL_00521,"Em bị ngã trên xe đưa đón khi đang chạy, không có ai xô em....",SAFE,train,synthetic,
VNBL_00522,Em nói mấy bạn thường xuyên cười nhạo con trước lớp.,RISK,train,synthetic,
VNBL_00523,em nói mấy bạn chặn đường em lúc tan học để đánh....,HIGH_RISK,train,synthetic,
VNBL_00524,em với bạn Lan giành bóng khi chơi rồi tiếp tục chơi bình thường. (lần kể 2),SAFE,train,synthetic,
VNBL_00525,"mẹ hỏi em có bị bạn nào bắt nạt không, em nói là không. ạ",SAFE,validation,synthetic,
VNBL_00526,Bé kể rằng bạn Lan đấm em vào người.,HIGH_RISK,train,synthetic,
VNBL_00527,"bạn Nam nói câu đùa làm bé khó chịu, sau đó bạn đã xin lỗi.",SAFE,test,synthetic,
VNBL_00528,Bạn Hà mượn bút của con và đã trả lại. ạ,SAFE,validation,synthetic,
VNBL_00529,"Em bị ngã ở sân trường khi đang chạy, không có ai xô con. ạ",SAFE,train,synthetic,
VNBL_00530,Con nói là bạn Mai ép em phải đưa mật khẩu tài khoản và dọa đánh.,HIGH_RISK,train,synthetic,
VNBL_00531,Em và bạn Lan tranh luận một chút rồi đã làm hòa. ạ (lần kể 2),SAFE,test,synthetic,
VNBL_00532,Em nói con bị đánh nhiều lần trong tuần này.,HIGH_RISK,train,synthetic,
VNBL_00533,"Theo lời bé, các bạn không cho em chơi cùng ở lớp.",RISK,train,synthetic,
VNBL_00534,dạo này bạn Huy ép em phải đưa mật khẩu tài khoản và dọa đánh.,HIGH_RISK,validation,synthetic,
VNBL_00535,em nghỉ học hôm nay vì gia đình có việc. (lần kể 2),SAFE,train,synthetic,
VNBL_00536,Bé kể rằng em ko dám phát biểu vì các bạn hay cười nhạo....,RISK,train,synthetic,
VNBL_00537,Em nói bạn Huy dọa sẽ đánh em nếu em kể với cô.,HIGH_RISK,test,synthetic,
VNBL_00538,em nói các bạn quay video lúc đánh em rồi gửi vào nhóm.,HIGH_RISK,validation,synthetic,
VNBL_00539,em nói bạn Mai nhắn tin xúc phạm em liên tục.,RISK,train,synthetic,
VNBL_00540,Em nói em ko muốn đi học vì sợ gặp nhóm bạn trong lớp.,RISK,train,synthetic,
VNBL_00541,mấy hôm nay bé đi học bình thường và chơi với các bạn. (lần kể 2),SAFE,test,synthetic,
VNBL_00542,Em nghỉ học hôm nay vì gia đình có việc. ạ (lần kể 2),SAFE,train,synthetic,
VNBL_00543,Bạn Lan mượn bút của bé và đã trả lại....,SAFE,validation,synthetic,
VNBL_00544,Con nói là bạn Hà ép con phải đưa mật khẩu tài khoản và dọa đánh.,HIGH_RISK,test,synthetic,
VNBL_00545,các bạn bắt em đưa tiền mỗi tuần.,HIGH_RISK,validation,synthetic,
VNBL_00546,Em nói em cảm thấy bị cô lập vì không ai trong nhóm chịu nói chuyện với em....,RISK,train,synthetic,
VNBL_00547,Bạn Mai mượn bút của bé và đã trả lại. (lần kể 2),SAFE,train,synthetic,
VNBL_00548,"em bị ngã lúc tan học khi đang chạy, ko có ai xô con.",SAFE,train,synthetic,
VNBL_00549,bạn Nam vô tình va vào em ngoài hành lang rồi xin lỗi.,SAFE,train,synthetic,
VNBL_00550,Bé kể rằng bé bị kéo tóc và xô ngã. ạ,HIGH_RISK,test,synthetic,
VNBL_00551,Dạo này em bị xô xuống cầu thang nhưng may em bám được tay vịn....,HIGH_RISK,train,synthetic,
VNBL_00552,em nói có người đăng bài bêu xấu em trên mạng. ạ,RISK,train,synthetic,
VNBL_00553,Con nói là mấy bạn ném đồ cứng vào em và cười. ạ,HIGH_RISK,train,synthetic,
VNBL_00554,em với bạn Vy giành bóng khi chơi rồi tiếp tục chơi bình thường....,SAFE,train,synthetic,
VNBL_00555,Dạo này em bị đánh nhiều lần trong tuần này.,HIGH_RISK,train,synthetic,
VNBL_00556,Bé kể rằng cả nhóm cố tình không cho em ngồi cùng. ạ,RISK,train,synthetic,
VNBL_00557,Con nói là bạn Lan ép em phải đưa mật khẩu tài khoản và dọa đánh.,HIGH_RISK,train,synthetic,
VNBL_00558,bé kể rằng mấy bạn thường xuyên cười nhạo con trước lớp.,RISK,train,synthetic,
VNBL_00559,em không thích tiết thể dục nhưng vẫn đi học bình thường. ạ (lần kể 2),SAFE,train,synthetic,
VNBL_00560,Bạn Hà vô tình va vào em ngoài hành lang rồi xin lỗi. ạ (lần kể 2),SAFE,train,synthetic,
VNBL_00561,Em với bạn Trang giành bóng khi chơi rồi tiếp tục chơi bình thường. (lần kể 2),SAFE,train,synthetic,
VNBL_00562,em không muốn đến trường ngày mai vì chưa làm xong bài tập....,SAFE,train,synthetic,
VNBL_00563,các bạn không cho em chơi cùng ở sân trường. ạ,RISK,train,synthetic,
VNBL_00564,bạn Trang vô tình va vào em trong giờ ra chơi rồi xin lỗi. (lần kể 2),SAFE,train,synthetic,
VNBL_00565,em với bạn Hà giành bóng khi chơi rồi tiếp tục chơi bình thường.,SAFE,train,synthetic,
VNBL_00566,Dạo này bé có vết bầm vì bị bạn đánh ở sân trường.,HIGH_RISK,test,synthetic,
VNBL_00567,Bạn Khánh mượn bút của em và đã trả lại. ạ,SAFE,validation,synthetic,
VNBL_00568,Dạo này mấy hôm nay em bị một nhóm bạn đánh trong giờ ra chơi.,HIGH_RISK,train,synthetic,
VNBL_00569,Bé kể rằng con có vết bầm vì bị bạn đánh lúc tan học. ạ,HIGH_RISK,train,synthetic,
VNBL_00570,Dạo này các bạn quay video lúc đánh em rồi gửi vào nhóm....,HIGH_RISK,train,synthetic,
VNBL_00571,Dạo này mấy bạn thường xuyên cười nhạo em trước lớp.,RISK,train,synthetic,
VNBL_00572,Bạn Trang mượn bút của em và đã trả lại.,SAFE,train,synthetic,
VNBL_00573,bé kể rằng bạn Hà nhắn tin xúc phạm em liên tục.,RISK,train,synthetic,
VNBL_00574,nhóm của bé không chọn ý tưởng của em nhưng mọi người vẫn làm việc cùng nhau....,SAFE,train,synthetic,
VNBL_00575,Bạn Huy vô tình va vào em trên xe đưa đón rồi xin lỗi....,SAFE,test,synthetic,
VNBL_00576,Hôm nay lớp bé học về chủ đề phòng chống bắt nạt học đường. ạ,SAFE,test,synthetic,
VNBL_00577,"theo lời bé, em không dám phát biểu vì các bạn hay cười nhạo. ạ",RISK,train,synthetic,
VNBL_00578,"Theo lời bé, hôm nay em bị một nhóm bạn đánh ở lớp.",HIGH_RISK,train,synthetic,
VNBL_00579,Bé kể rằng bạn Trang lấy đồ của em rồi không chịu trả. ạ,RISK,train,synthetic,
VNBL_00580,Bạn Minh vô tình va vào em ngoài hành lang rồi xin lỗi. ạ (lần kể 2),SAFE,train,synthetic,
VNBL_00581,Em nói con bị xô xuống cầu thang nhưng may em bám được tay vịn. ạ,HIGH_RISK,train,synthetic,
VNBL_00582,Con nói là bé bị loại khỏi các hoạt động của nhóm nhiều lần.,RISK,train,synthetic,
VNBL_00583,bạn Khánh đấm bé vào người. ạ,HIGH_RISK,train,synthetic,
VNBL_00584,Bé kể rằng em bị ép đưa đồ ăn và tiền cho các bạn....,HIGH_RISK,train,synthetic,
VNBL_00585,"Em và các bạn trêu nhau vui, khi con bảo dừng thì mọi người dừng lại....",SAFE,train,synthetic,
VNBL_00586,Bạn Huy vô tình va vào con ngoài hành lang rồi xin lỗi.,SAFE,train,synthetic,
VNBL_00587,Dạo này bạn Phúc dọa sẽ đánh bé nếu em kể với cô.,HIGH_RISK,train,synthetic,
VNBL_00588,Bạn Khánh vô tình va vào em ngoài hành lang rồi xin lỗi....,SAFE,train,synthetic,
VNBL_00589,cô giáo nhắc cả lớp không được đánh nhau và phải tôn trọng nhau.,SAFE,train,synthetic,
VNBL_00590,gần đây con đi học bình thường và chơi với các bạn. (lần kể 2),SAFE,validation,synthetic,
VNBL_00591,"Em bị ngã ở lớp khi đang chạy, không có ai xô bé. ạ",SAFE,train,synthetic,
VNBL_00592,Dạo này một nhóm bạn thường xuyên đạp vào chân em dưới bàn.,HIGH_RISK,validation,synthetic,
VNBL_00593,Em nói bạn An dọa sẽ đánh bé nếu em kể với cô.,HIGH_RISK,train,synthetic,
VNBL_00594,Bạn Hà vô tình va vào con ở lớp rồi xin lỗi.,SAFE,train,synthetic,
VNBL_00595,các bạn đá em khi em ngã xuống. ạ,HIGH_RISK,validation,synthetic,
VNBL_00596,"Theo lời bé, mấy hôm nay em bị một nhóm bạn đánh ở lớp.",HIGH_RISK,train,synthetic,
VNBL_00597,em nói các bạn không cho em chơi cùng lúc tan học.,RISK,train,synthetic,
VNBL_00598,"bạn Vy nói câu đùa làm con khó chịu, sau đó bạn đã xin lỗi.",SAFE,train,synthetic,
VNBL_00599,"Mẹ hỏi con có bị bạn nào bắt nạt ko, em nói là ko. (lần kể 2)",SAFE,train,synthetic,
VNBL_00600,"Theo lời bé, bạn Mai lấy đồ của em rồi không chịu trả.",RISK,test,synthetic,
VNBL_00601,"Em bị ngã ngoài hành lang khi đang chạy, không có ai xô em....",SAFE,train,synthetic,
VNBL_00602,"mẹ hỏi con có bị bạn nào bắt nạt không, em nói là không.",SAFE,train,synthetic,
VNBL_00603,Bạn Nam mượn bút của em và đã trả lại. ạ,SAFE,validation,synthetic,
VNBL_00604,em nói họ nhốt em trong nhà vệ sinh và ko cho ra.,HIGH_RISK,train,synthetic,
VNBL_00605,Dạo này em không muốn đi học vì sợ gặp nhóm bạn trong lớp....,RISK,train,synthetic,
VNBL_00606,bạn Huy vô tình va vào em ở lớp rồi xin lỗi.,SAFE,train,synthetic,
VNBL_00607,Con nói là bạn Lan đấm em vào người.,HIGH_RISK,validation,synthetic,
VNBL_00608,"Em bị ngã ở lớp khi đang chạy, ko có ai xô em....",SAFE,train,synthetic,
VNBL_00609,"Theo lời bé, hôm qua em bị một nhóm bạn đánh ngoài hành lang.",HIGH_RISK,train,synthetic,
VNBL_00610,bạn Hà lấy đồ của em rồi ko chịu trả.,RISK,validation,synthetic,
VNBL_00611,Dạo này con bị tát nhiều lần trong giờ ra chơi.,HIGH_RISK,train,synthetic,
VNBL_00612,"Bạn Linh nói câu đùa làm bé khó chịu, sau đó bạn đã xin lỗi. ạ",SAFE,train,synthetic,
VNBL_00613,Bé kể rằng bạn Nam ép con phải đưa mật khẩu tài khoản và dọa đánh.,HIGH_RISK,train,synthetic,
VNBL_00614,"Theo lời bé, em bị chửi và xúc phạm trên xe đưa đón.",RISK,train,synthetic,
VNBL_00615,Con nói là em bị ép đưa đồ ăn và tiền cho các bạn....,HIGH_RISK,validation,synthetic,
VNBL_00616,Bé kể rằng bạn Vy nhắn tin xúc phạm bé liên tục.,RISK,validation,synthetic,
VNBL_00617,Em nói em bị chặn ở cổng trường và cướp tiền....,HIGH_RISK,train,synthetic,
VNBL_00618,Cô giáo nhắc cả lớp ko được đánh nhau và phải tôn trọng nhau. (lần kể 2),SAFE,train,synthetic,
VNBL_00619,Dạo này bạn Phúc nhắn tin xúc phạm em liên tục.,RISK,train,synthetic,
VNBL_00620,"bạn Phúc nói câu đùa làm em khó chịu, sau đó bạn đã xin lỗi....",SAFE,train,synthetic,
VNBL_00621,Em bị đau tay do chơi thể thao ngoài hành lang.... (lần kể 2),SAFE,train,synthetic,
VNBL_00622,dạo này em bị đánh nhiều lần trong tuần này.,HIGH_RISK,train,synthetic,
VNBL_00623,Bé kể rằng bạn Linh nhắn tin xúc phạm con liên tục.,RISK,train,synthetic,
VNBL_00624,Bạn Phúc vô tình va vào bé ngoài hành lang rồi xin lỗi.,SAFE,train,synthetic,
VNBL_00625,em bị giấu cặp sách và đồ dùng học tập....,RISK,train,synthetic,
VNBL_00626,Bạn Vy vô tình va vào em trên xe đưa đón rồi xin lỗi.,SAFE,train,synthetic,
VNBL_00627,"theo lời bé, họ dọa sẽ tiếp tục đánh nếu em báo với người lớn.",HIGH_RISK,train,synthetic,
VNBL_00628,bé kể rằng các bạn cố tình làm hỏng đồ dùng của con....,RISK,train,synthetic,
VNBL_00629,bạn Hà vô tình va vào em ngoài hành lang rồi xin lỗi.,SAFE,train,synthetic,
VNBL_00630,Bé kể rằng mấy bạn thường xuyên cười nhạo bé trước lớp.,RISK,train,synthetic,
VNBL_00631,bé kể rằng tuần này em bị một nhóm bạn đánh lúc tan học.,HIGH_RISK,train,synthetic,
VNBL_00632,bạn An mượn bút của bé và đã trả lại.,SAFE,train,synthetic,
VNBL_00633,Con nói là bạn Mai dọa sẽ đánh em nếu em kể với cô. ạ,HIGH_RISK,test,synthetic,
VNBL_00634,dạo này các bạn không cho con chơi cùng trong giờ ra chơi.,RISK,train,synthetic,
VNBL_00635,Con nói là em không dám kể với cô vì sợ bị các bạn ghét hơn. ạ,RISK,validation,synthetic,
VNBL_00636,"Bạn Nam nói câu đùa làm con khó chịu, sau đó bạn đã xin lỗi. (lần kể 2)",SAFE,train,synthetic,
VNBL_00637,Em nói các bạn chế ảnh của em rồi gửi vào nhóm lớp.,RISK,train,synthetic,
VNBL_00638,con nói là em bị đuổi ra khỏi nhóm chat của lớp....,RISK,train,synthetic,
VNBL_00639,Em nói con bị tát nhiều lần trong giờ ra chơi.,HIGH_RISK,validation,synthetic,
VNBL_00640,bạn Trang dọa sẽ đánh em nếu em kể với cô.,HIGH_RISK,train,synthetic,
VNBL_00641,Em nói bé không dám phát biểu vì các bạn hay cười nhạo.,RISK,train,synthetic,
VNBL_00642,"Theo lời bé, em bị tát nhiều lần ngoài hành lang.",HIGH_RISK,test,synthetic,
VNBL_00643,Bé kể rằng các bạn không cho em chơi cùng lúc tan học. ạ,RISK,train,synthetic,
VNBL_00644,một nhóm bạn lấy tiền của em và dọa không được nói với bố mẹ. ạ,HIGH_RISK,test,synthetic,
VNBL_00645,"Theo lời bé, bạn Mai ép bé phải đưa mật khẩu tài khoản và dọa đánh.",HIGH_RISK,train,synthetic,
VNBL_00646,con nói là bạn Khánh lấy đồ của bé rồi không chịu trả. ạ,RISK,test,synthetic,
VNBL_00647,cả nhóm cố tình ko cho em ngồi cùng.,RISK,train,synthetic,
VNBL_00648,em sợ bị cô gọi lên bảng vì chưa thuộc bài.... (lần kể 2),SAFE,train,synthetic,
VNBL_00649,Bạn Lan vô tình va vào bé ở lớp rồi xin lỗi. (lần kể 2),SAFE,validation,synthetic,
VNBL_00650,Dạo này bé bị chặn ở cổng trường và cướp tiền.,HIGH_RISK,train,synthetic,
VNBL_00651,Dạo này em bị ép đưa đồ ăn và tiền cho các bạn.,HIGH_RISK,test,synthetic,
VNBL_00652,Dạo này một nhóm bạn lấy tiền của em và dọa không được nói với bố mẹ.,HIGH_RISK,train,synthetic,
VNBL_00653,một số bạn tung tin sai về em trong lớp. ạ,RISK,train,synthetic,
VNBL_00654,dạo này em bị đánh nhiều lần trong tuần này. ạ,HIGH_RISK,train,synthetic,
VNBL_00655,Bé kể rằng con bị loại khỏi các hoạt động của nhóm nhiều lần.,RISK,train,synthetic,
VNBL_00656,"theo lời bé, bạn Trang ép bé phải đưa mật khẩu tài khoản và dọa đánh.",HIGH_RISK,train,synthetic,
VNBL_00657,em có vết bầm vì bị bạn đánh ngoài hành lang....,HIGH_RISK,train,synthetic,
VNBL_00658,Bạn Hà vô tình va vào em ngoài hành lang rồi xin lỗi. (lần kể 2),SAFE,train,synthetic,
VNBL_00659,Dạo này các bạn quay video lúc con khóc rồi gửi cho nhau.,RISK,test,synthetic,
VNBL_00660,dạo này có bạn dọa làm em bị thương nếu em không làm theo. ạ,HIGH_RISK,train,synthetic,
VNBL_00661,Con nói là bạn Huy đấm em vào người. ạ,HIGH_RISK,train,synthetic,
VNBL_00662,Con nói là bạn An đấm em vào người....,HIGH_RISK,train,synthetic,
VNBL_00663,Em nói em bị ép làm việc em không muốn và bị đe dọa nếu từ chối.,HIGH_RISK,train,synthetic,
VNBL_00664,Con nói là bé bị chặn ở cổng trường và cướp tiền.,HIGH_RISK,test,synthetic,
VNBL_00665,Bé kể rằng bạn Huy lấy đồ của bé rồi không chịu trả.,RISK,test,synthetic,
VNBL_00666,dạo này các bạn quay video lúc em khóc rồi gửi cho nhau.,RISK,train,synthetic,
VNBL_00667,Bạn An vô tình va vào em ngoài hành lang rồi xin lỗi. ạ,SAFE,train,synthetic,
VNBL_00668,"Bạn An nói câu đùa làm em khó chịu, sau đó bạn đã xin lỗi....",SAFE,train,synthetic,
VNBL_00669,Em đọc một bài báo nói về bạo lực học đường....,SAFE,train,synthetic,
VNBL_00670,Em không thích tiết thể dục nhưng vẫn đi học bình thường....,SAFE,train,synthetic,
VNBL_00671,con nói là bé thường bị xô vai và chọc ghẹo khi đi qua hành lang.,RISK,train,synthetic,
VNBL_00672,Bạn Mai vô tình va vào em trong giờ ra chơi rồi xin lỗi. (lần kể 2),SAFE,train,synthetic,
VNBL_00673,"Theo lời bé, mỗi giờ ra chơi bé bị một nhóm bạn đánh trên xe đưa đón.",HIGH_RISK,train,synthetic,
VNBL_00674,"Theo lời bé, mấy hôm nay em bị một nhóm bạn đánh trong giờ ra chơi.",HIGH_RISK,train,synthetic,
VNBL_00675,bé kể rằng em thường bị lấy đồ ăn mà không được hỏi. ạ,RISK,test,synthetic,
VNBL_00676,Em nói bé bị giữ tay để một bạn khác đánh.,HIGH_RISK,validation,synthetic,
VNBL_00677,Dạo này họ nói tan học đợi đấy rồi vây bé ở cổng trường.,HIGH_RISK,train,synthetic,
VNBL_00678,con nói là cả nhóm cố tình không cho bé ngồi cùng.,RISK,train,synthetic,
VNBL_00679,Bạn Hà vô tình va vào em trong giờ ra chơi rồi xin lỗi.,SAFE,validation,synthetic,
VNBL_00680,"Theo lời bé, em có vết bầm vì bị bạn đánh ở lớp.",HIGH_RISK,train,synthetic,
VNBL_00681,em nói bạn An dọa sẽ đánh em nếu em kể với cô.,HIGH_RISK,train,synthetic,
VNBL_00682,Bạn Huy vô tình va vào em ở lớp rồi xin lỗi. ạ,SAFE,train,synthetic,
VNBL_00683,bạn Vy mượn bút của em và đã trả lại. ạ,SAFE,validation,synthetic,
VNBL_00684,"Theo lời bé, họ dọa sẽ tiếp tục đánh nếu bé báo với người lớn.",HIGH_RISK,train,synthetic,
VNBL_00685,"Bạn Trang nói câu đùa làm con khó chịu, sau đó bạn đã xin lỗi. ạ",SAFE,test,synthetic,
VNBL_00686,em nói bạn Vy lấy đồ của em rồi không chịu trả.,RISK,test,synthetic,
VNBL_00687,"bạn Hà nói câu đùa làm em khó chịu, sau đó bạn đã xin lỗi.",SAFE,train,synthetic,
VNBL_00688,"Theo lời bé, các bạn quay video lúc con khóc rồi gửi cho nhau.",RISK,validation,synthetic,
VNBL_00689,"Theo lời bé, con bị giấu cặp sách và đồ dùng học tập.",RISK,train,synthetic,
VNBL_00690,hôm qua em đi học bình thường và chơi với các bạn. ạ,SAFE,train,synthetic,
VNBL_00691,dạo này các bạn không cho em chơi cùng ở lớp.,RISK,train,synthetic,
VNBL_00692,Em thấy hai bạn khác cãi nhau nhưng em không liên quan. ạ (lần kể 2),SAFE,test,synthetic,
VNBL_00693,Bạn Hà vô tình va vào bé lúc tan học rồi xin lỗi. (lần kể 2),SAFE,validation,synthetic,
VNBL_00694,"Theo lời bé, các bạn đá em khi em ngã xuống....",HIGH_RISK,train,synthetic,
VNBL_00695,Bạn Minh vô tình va vào em ở lớp rồi xin lỗi.,SAFE,train,synthetic,
VNBL_00696,"em bị ngã lúc tan học khi đang chạy, không có ai xô em.",SAFE,train,synthetic,
VNBL_00697,mỗi giờ ra chơi các bạn cứ gọi em bằng biệt danh em không thích.,RISK,train,synthetic,
VNBL_00698,"bạn Minh nói câu đùa làm em khó chịu, sau đó bạn đã xin lỗi. ạ",SAFE,train,synthetic,
VNBL_00699,Bạn Khánh vô tình va vào em trong giờ ra chơi rồi xin lỗi....,SAFE,validation,synthetic,
VNBL_00700,Dạo này mỗi giờ ra chơi em bị một nhóm bạn đánh lúc tan học. ạ,HIGH_RISK,train,synthetic,
VNBL_00701,Con nói là bạn Mai nhắn tin xúc phạm em liên tục.,RISK,test,synthetic,
VNBL_00702,em và bạn Trang tranh luận một chút rồi đã làm hòa....,SAFE,validation,synthetic,
VNBL_00703,Con nói là hôm qua em bị một nhóm bạn đánh lúc tan học.,HIGH_RISK,train,synthetic,
VNBL_00704,Con nói là mấy bạn chặn đường em lúc tan học để đánh....,HIGH_RISK,test,synthetic,
VNBL_00705,dạo này các bạn quay video lúc đánh con rồi gửi vào nhóm.,HIGH_RISK,train,synthetic,
VNBL_00706,mỗi giờ ra chơi em bị một nhóm bạn đánh trên xe đưa đón.,HIGH_RISK,test,synthetic,
VNBL_00707,tuần này bé đi học bình thường và chơi với các bạn. ạ,SAFE,train,synthetic,
VNBL_00708,"mẹ hỏi bé có bị bạn nào bắt nạt không, em nói là không. (lần kể 2)",SAFE,train,synthetic,
VNBL_00709,Bé kể rằng em sợ giờ ra chơi vì các bạn hay vây quanh trêu chọc....,RISK,train,synthetic,
VNBL_00710,Em nói con bị tát nhiều lần ngoài hành lang.,HIGH_RISK,train,synthetic,
VNBL_00711,Dạo này em có vết bầm vì bị bạn đánh ở lớp....,HIGH_RISK,train,synthetic,
VNBL_00712,bé kể rằng các bạn đá em khi em ngã xuống.,HIGH_RISK,train,synthetic,
VNBL_00713,Bạn An vô tình va vào em trong giờ ra chơi rồi xin lỗi. ạ,SAFE,test,synthetic,
VNBL_00714,Bé kể rằng hôm qua em bị một nhóm bạn đánh trên xe đưa đón.,HIGH_RISK,train,synthetic,
VNBL_00715,Em thấy hai bạn khác cãi nhau nhưng em không liên quan. ạ,SAFE,test,synthetic,
VNBL_00716,Bé kể rằng bé bị tát nhiều lần trong giờ ra chơi.,HIGH_RISK,train,synthetic,
VNBL_00717,em nói em bị đuổi ra khỏi nhóm chat của lớp.,RISK,train,synthetic,
VNBL_00718,Em nói ngày nào họ cũng trêu em dù em đã bảo dừng. ạ,RISK,train,synthetic,
VNBL_00719,em sợ bị cô gọi lên bảng vì chưa thuộc bài. ạ (lần kể 2),SAFE,validation,synthetic,
VNBL_00720,"theo lời bé, các bạn chế ảnh của bé rồi gửi vào nhóm lớp.",RISK,train,synthetic,
VNBL_00721,Bé kể rằng có bạn bắt em làm bài hộ nếu không sẽ nói xấu em.,RISK,test,synthetic,
VNBL_00722,Bạn Nam mượn bút của em và đã trả lại. (lần kể 2),SAFE,validation,synthetic,
VNBL_00723,dạo này các bạn không cho em chơi cùng trên xe đưa đón.,RISK,train,synthetic,
VNBL_00724,Em nói mấy hôm nay em bị một nhóm bạn đánh ở lớp.,HIGH_RISK,train,synthetic,
VNBL_00725,Con nói là các bạn quay video lúc đánh bé rồi gửi vào nhóm. ạ,HIGH_RISK,train,synthetic,
VNBL_00726,bé kể rằng các bạn đá em khi em ngã xuống....,HIGH_RISK,train,synthetic,
VNBL_00727,bé kể rằng mấy bạn ném đồ cứng vào con và cười.,HIGH_RISK,train,synthetic,
VNBL_00728,Dạo này có bạn bóp cổ con trong giờ ra chơi.,HIGH_RISK,train,synthetic,
VNBL_00729,bé kể rằng em bị loại khỏi các hoạt động của nhóm nhiều lần.,RISK,validation,synthetic,
VNBL_00730,Dạo này em thường bị xô vai và chọc ghẹo khi đi qua hành lang. ạ,RISK,train,synthetic,
VNBL_00731,các bạn bắt con đưa tiền mỗi tuần.,HIGH_RISK,test,synthetic,
VNBL_00732,"Theo lời bé, mấy bạn chặn đường bé lúc tan học để đánh.",HIGH_RISK,test,synthetic,
VNBL_00733,Em nói bạn Hà ép em phải đưa mật khẩu tài khoản và dọa đánh.,HIGH_RISK,train,synthetic,
VNBL_00734,"theo lời bé, em bị chửi và xúc phạm trên xe đưa đón.",RISK,train,synthetic,
VNBL_00735,bạn Minh vô tình va vào em trên xe đưa đón rồi xin lỗi. (lần kể 2),SAFE,train,synthetic,
VNBL_00736,Con nói là hôm nay em bị một nhóm bạn đánh ở lớp.,HIGH_RISK,train,synthetic,
VNBL_00737,có bạn dọa làm bé bị thương nếu em không làm theo....,HIGH_RISK,test,synthetic,
VNBL_00738,Dạo này em bị xô xuống cầu thang nhưng may em bám được tay vịn. ạ,HIGH_RISK,train,synthetic,
VNBL_00739,"Theo lời bé, em có vết bầm vì bị bạn đánh ở sân trường....",HIGH_RISK,train,synthetic,
VNBL_00740,Bạn Trang vô tình va vào em trên xe đưa đón rồi xin lỗi. (lần kể 2),SAFE,test,synthetic,
VNBL_00741,bạn Khánh nhắn tin xúc phạm bé liên tục.,RISK,validation,synthetic,
VNBL_00742,"Bạn Lan nói câu đùa làm em khó chịu, sau đó bạn đã xin lỗi. ạ",SAFE,train,synthetic,
VNBL_00743,bé kể rằng bạn Minh dọa sẽ đánh con nếu em kể với cô.,HIGH_RISK,train,synthetic,
VNBL_00744,em với bạn Trang giành bóng khi chơi rồi tiếp tục chơi bình thường.... (lần kể 2),SAFE,test,synthetic,
VNBL_00745,Em nói cả nhóm cố tình không cho em ngồi cùng....,RISK,validation,synthetic,
VNBL_00746,"Mẹ hỏi bé có bị bạn nào bắt nạt ko, em nói là ko. ạ",SAFE,train,synthetic,
VNBL_00747,Con nói là mỗi giờ ra chơi em bị một nhóm bạn đánh trên xe đưa đón.,HIGH_RISK,train,synthetic,
VNBL_00748,em nói em ko muốn đi học vì sợ gặp nhóm bạn trong lớp.,RISK,validation,synthetic,
VNBL_00749,"theo lời bé, em có vết bầm vì bị bạn đánh trong giờ ra chơi.",HIGH_RISK,train,synthetic,
VNBL_00750,"Bạn Hà nói câu đùa làm con khó chịu, sau đó bạn đã xin lỗi....",SAFE,train,synthetic,
VNBL_00751,Bé kể rằng bạn Lan nhắn tin xúc phạm bé liên tục.,RISK,train,synthetic,
VNBL_00752,Nhóm của bé không chọn ý tưởng của em nhưng mọi người vẫn làm việc cùng nhau....,SAFE,train,synthetic,
VNBL_00753,hôm nay em bị một nhóm bạn đánh ở lớp.,HIGH_RISK,train,synthetic,
VNBL_00754,"Theo lời bé, các bạn đá em khi em ngã xuống.",HIGH_RISK,train,synthetic,
VNBL_00755,"bạn Vy nói câu đùa làm em khó chịu, sau đó bạn đã xin lỗi.... (lần kể 2)",SAFE,train,synthetic,
VNBL_00756,Em với bạn Lan giành bóng khi chơi rồi tiếp tục chơi bình thường.... (lần kể 2),SAFE,train,synthetic,
VNBL_00757,Dạo này con bị đánh nhiều lần trong tuần này.,HIGH_RISK,train,synthetic,
VNBL_00758,Bạn Huy vô tình va vào em ở lớp rồi xin lỗi....,SAFE,train,synthetic,
VNBL_00759,Bé kể rằng một nhóm bạn lấy tiền của bé và dọa không được nói với bố mẹ.,HIGH_RISK,train,synthetic,
VNBL_00760,bạn Hà dọa sẽ đánh em nếu em kể với cô.,HIGH_RISK,test,synthetic,
VNBL_00761,Bạn Hà vô tình va vào em trên xe đưa đón rồi xin lỗi. (lần kể 2),SAFE,test,synthetic,
VNBL_00762,Em nói có bạn dọa làm bé bị thương nếu em không làm theo.,HIGH_RISK,train,synthetic,
VNBL_00763,Dạo này em bị tát nhiều lần trên xe đưa đón.,HIGH_RISK,train,synthetic,
VNBL_00764,các bạn cố tình làm hỏng đồ dùng của con.,RISK,validation,synthetic,
VNBL_00765,Bạn Hà vô tình va vào bé ở lớp rồi xin lỗi. (lần kể 2),SAFE,train,synthetic,
VNBL_00766,em nói gần đây các bạn cứ gọi em bằng biệt danh em ko thích.,RISK,test,synthetic,
VNBL_00767,bạn An vô tình va vào em lúc tan học rồi xin lỗi.,SAFE,train,synthetic,
VNBL_00768,"theo lời bé, họ nói tan học đợi đấy rồi vây em ở cổng trường.",HIGH_RISK,train,synthetic,
VNBL_00769,Bạn An vô tình va vào con lúc tan học rồi xin lỗi. (lần kể 2),SAFE,test,synthetic,
VNBL_00770,Con nói là em bị chửi và xúc phạm ngoài hành lang....,RISK,train,synthetic,
VNBL_00771,"Mẹ hỏi em có bị bạn nào bắt nạt ko, em nói là ko.",SAFE,train,synthetic,
VNBL_00772,"Em bị ngã trên xe đưa đón khi đang chạy, không có ai xô bé.",SAFE,train,synthetic,
VNBL_00773,con nói là cả nhóm cố tình không cho em ngồi cùng....,RISK,train,synthetic,
VNBL_00774,"Theo lời bé, có bạn bóp cổ em trong giờ ra chơi....",HIGH_RISK,test,synthetic,
VNBL_00775,Em và bạn Mai tranh luận một chút rồi đã làm hòa....,SAFE,train,synthetic,
VNBL_00776,bé kể rằng có bạn dọa làm con bị thương nếu em không làm theo.,HIGH_RISK,train,synthetic,
VNBL_00777,Dạo này hôm nay em bị một nhóm bạn đánh trên xe đưa đón.,HIGH_RISK,train,synthetic,
VNBL_00778,Bé kể rằng bạn Khánh lấy đồ của con rồi không chịu trả.,RISK,train,synthetic,
VNBL_00779,cả nhóm cố tình không cho bé ngồi cùng.,RISK,validation,synthetic,
VNBL_00780,bạn Khánh vô tình va vào em ở sân trường rồi xin lỗi. (lần kể 2),SAFE,train,synthetic,
VNBL_00781,Em nói có bạn bóp cổ bé trong giờ ra chơi.,HIGH_RISK,validation,synthetic,
VNBL_00782,"em và các bạn trêu nhau vui, khi em bảo dừng thì mọi người dừng lại.... (lần kể 2)",SAFE,test,synthetic,
VNBL_00783,bạn Lan dọa sẽ đánh em nếu em kể với cô.,HIGH_RISK,train,synthetic,
VNBL_00784,Con nói là hôm qua các bạn cứ gọi con bằng biệt danh em không thích.,RISK,train,synthetic,
VNBL_00785,Bạn Nam vô tình va vào em ở sân trường rồi xin lỗi.,SAFE,train,synthetic,
VNBL_00786,bạn Linh vô tình va vào em ngoài hành lang rồi xin lỗi. (lần kể 2),SAFE,train,synthetic,
VNBL_00787,gần đây em bị một nhóm bạn đánh trong giờ ra chơi.,HIGH_RISK,train,synthetic,
VNBL_00788,Dạo này các bạn quay video lúc em khóc rồi gửi cho nhau.,RISK,train,synthetic,
VNBL_00789,Em bị đau tay do chơi thể thao lúc tan học. ạ (lần kể 2),SAFE,train,synthetic,
VNBL_00790,Con nói là em cảm thấy bị cô lập vì ko ai trong nhóm chịu nói chuyện với em.,RISK,validation,synthetic,
VNBL_00791,em nói các bạn quay video lúc em khóc rồi gửi cho nhau.,RISK,train,synthetic,
VNBL_00792,Dạo này hôm nay các bạn cứ gọi bé bằng biệt danh em không thích.,RISK,train,synthetic,
VNBL_00793,"theo lời bé, bạn Khánh nhắn tin xúc phạm em liên tục.",RISK,validation,synthetic,
VNBL_00794,dạo này em có vết bầm vì bị bạn đánh trong giờ ra chơi.,HIGH_RISK,train,synthetic,
VNBL_00795,bé kể rằng một nhóm bạn lấy tiền của con và dọa không được nói với bố mẹ.,HIGH_RISK,train,synthetic,
VNBL_00796,tuần này các bạn cứ gọi em bằng biệt danh em ko thích.,RISK,train,synthetic,
VNBL_00797,bạn Mai mượn bút của em và đã trả lại.,SAFE,train,synthetic,
VNBL_00798,Con nói là bạn An nhắn tin xúc phạm em liên tục.,RISK,train,synthetic,
VNBL_00799,Dạo này mấy hôm nay các bạn cứ gọi em bằng biệt danh em không thích.,RISK,train,synthetic,
VNBL_00800,"Theo lời bé, em bị kéo tóc và xô ngã.",HIGH_RISK,train,synthetic,
VNBL_00801,Em nói em thường bị xô vai và chọc ghẹo khi đi qua hành lang.,RISK,validation,synthetic,
VNBL_00802,Bé kể rằng tuần này em bị một nhóm bạn đánh ở lớp.,HIGH_RISK,train,synthetic,
VNBL_00803,Bạn An vô tình va vào con ngoài hành lang rồi xin lỗi.,SAFE,test,synthetic,
VNBL_00804,Em và bạn Hà tranh luận một chút rồi đã làm hòa.... (lần kể 2),SAFE,train,synthetic,
VNBL_00805,em bị chặn ở cổng trường và cướp tiền. ạ,HIGH_RISK,test,synthetic,
VNBL_00806,"Em bị ngã ở sân trường khi đang chạy, ko có ai xô con.",SAFE,train,synthetic,
VNBL_00807,"bạn Phúc nói câu đùa làm em khó chịu, sau đó bạn đã xin lỗi. (lần kể 2)",SAFE,train,synthetic,
VNBL_00808,Bé kể rằng mỗi giờ ra chơi em bị một nhóm bạn đánh ở sân trường. ạ,HIGH_RISK,train,synthetic,
VNBL_00809,Em nói các bạn không cho con chơi cùng lúc tan học.,RISK,train,synthetic,
VNBL_00810,dạo này bạn Linh lấy đồ của em rồi không chịu trả.,RISK,train,synthetic,
VNBL_00811,con nói là cả nhóm cố tình không cho em ngồi cùng.,RISK,validation,synthetic,
VNBL_00812,Con nói là hôm qua em bị một nhóm bạn đánh trong giờ ra chơi.,HIGH_RISK,train,synthetic,
VNBL_00813,Bạn Lan vô tình va vào em ở lớp rồi xin lỗi....,SAFE,train,synthetic,
VNBL_00814,"Em bị ngã ở lớp khi đang chạy, không có ai xô em. ạ (lần kể 2)",SAFE,test,synthetic,
VNBL_00815,Dạo này bé bị tát nhiều lần ở lớp.,HIGH_RISK,validation,synthetic,
VNBL_00816,Em và bạn Vy tranh luận một chút rồi đã làm hòa. (lần kể 2),SAFE,train,synthetic,
VNBL_00817,"theo lời bé, em sợ giờ ra chơi vì các bạn hay vây quanh trêu chọc. ạ",RISK,train,synthetic,
VNBL_00818,con nói là em có vết bầm vì bị bạn đánh trong giờ ra chơi.,HIGH_RISK,train,synthetic,
VNBL_00819,bạn Nam vô tình va vào em lúc tan học rồi xin lỗi.,SAFE,train,synthetic,
VNBL_00820,"Bạn Vy nói câu đùa làm bé khó chịu, sau đó bạn đã xin lỗi. (lần kể 2)",SAFE,train,synthetic,
VNBL_00821,dạo này có bạn bắt em làm bài hộ nếu không sẽ nói xấu em. ạ,RISK,train,synthetic,
VNBL_00822,Bạn Trang vô tình va vào em trên xe đưa đón rồi xin lỗi. ạ,SAFE,train,synthetic,
VNBL_00823,bạn An vô tình va vào em ở lớp rồi xin lỗi.,SAFE,train,synthetic,
VNBL_00824,dạo này có bạn dọa làm em bị thương nếu em ko làm theo.,HIGH_RISK,train,synthetic,
VNBL_00825,bạn Linh đấm em vào người.,HIGH_RISK,train,synthetic,
VNBL_00826,Con nói là bạn Hà ép em phải đưa mật khẩu tài khoản và dọa đánh.,HIGH_RISK,train,synthetic,
VNBL_00827,em và bạn Khánh tranh luận một chút rồi đã làm hòa.,SAFE,train,synthetic,
VNBL_00828,Con nói là các bạn không cho em chơi cùng lúc tan học. ạ,RISK,train,synthetic,
VNBL_00829,Dạo này các bạn không cho bé chơi cùng lúc tan học.,RISK,train,synthetic,
VNBL_00830,"Theo lời bé, em bị tát nhiều lần trên xe đưa đón.",HIGH_RISK,train,synthetic,
VNBL_00831,"Theo lời bé, hôm nay em bị một nhóm bạn đánh trong giờ ra chơi.",HIGH_RISK,train,synthetic,
VNBL_00832,bạn Trang lấy đồ của em rồi không chịu trả.,RISK,train,synthetic,
VNBL_00833,Lớp em xem video hướng dẫn cách báo với người lớn khi bị bắt nạt.,SAFE,train,synthetic,
VNBL_00834,Bạn Mai vô tình va vào bé ở sân trường rồi xin lỗi.,SAFE,train,synthetic,
VNBL_00835,mấy hôm nay bé đi học bình thường và chơi với các bạn.,SAFE,train,synthetic,
VNBL_00836,Dạo này một số bạn tung tin sai về em trong lớp....,RISK,train,synthetic,
VNBL_00837,"Theo lời bé, bé cảm thấy bị cô lập vì không ai trong nhóm chịu nói chuyện với em.",RISK,validation,synthetic,
VNBL_00838,gần đây em bị một nhóm bạn đánh trên xe đưa đón.,HIGH_RISK,train,synthetic,
VNBL_00839,Bé kể rằng họ nói tan học đợi đấy rồi vây em ở cổng trường. ạ,HIGH_RISK,validation,synthetic,
VNBL_00840,"Mẹ hỏi bé có bị bạn nào bắt nạt không, em nói là không. ạ (lần kể 2)",SAFE,train,synthetic,
VNBL_00841,bé kể rằng họ dọa sẽ tiếp tục đánh nếu em báo với người lớn....,HIGH_RISK,train,synthetic,
VNBL_00842,bạn An vô tình va vào em ngoài hành lang rồi xin lỗi. ạ,SAFE,validation,synthetic,
VNBL_00843,Em nói bé bị tát nhiều lần lúc tan học.,HIGH_RISK,train,synthetic,
VNBL_00844,"Theo lời bé, em cảm thấy bị cô lập vì ko ai trong nhóm chịu nói chuyện với em.",RISK,train,synthetic,
VNBL_00845,bé kể rằng em không dám kể với cô vì sợ bị các bạn ghét hơn....,RISK,train,synthetic,
VNBL_00846,Dạo này ngày nào họ cũng trêu bé dù em đã bảo dừng.,RISK,train,synthetic,
VNBL_00847,Em ko muốn đến trường ngày mai vì chưa làm xong bài tập. ạ (lần kể 2),SAFE,train,synthetic,
VNBL_00848,em nói bạn Huy nhắn tin xúc phạm em liên tục....,RISK,train,synthetic,
VNBL_00849,bạn Mai vô tình va vào em ngoài hành lang rồi xin lỗi.,SAFE,test,synthetic,
VNBL_00850,bạn Linh ép em phải đưa mật khẩu tài khoản và dọa đánh....,HIGH_RISK,train,synthetic,
VNBL_00851,Dạo này bạn Phúc lấy đồ của em rồi không chịu trả. ạ,RISK,train,synthetic,
VNBL_00852,con bị giữ tay để một bạn khác đánh.,HIGH_RISK,train,synthetic,
VNBL_00853,Bé kể rằng họ nhốt em trong nhà vệ sinh và không cho ra. ạ,HIGH_RISK,train,synthetic,
VNBL_00854,dạo này bạn Huy đấm em vào người.,HIGH_RISK,train,synthetic,
VNBL_00855,Dạo này có bạn thường xuyên nói xấu em với các bạn khác. ạ,RISK,test,synthetic,
VNBL_00856,Em bị đau tay do chơi thể thao trên xe đưa đón. ạ (lần kể 2),SAFE,test,synthetic,
VNBL_00857,Con nói là em có vết bầm vì bị bạn đánh ngoài hành lang.,HIGH_RISK,train,synthetic,
VNBL_00858,"theo lời bé, các bạn quay video lúc em khóc rồi gửi cho nhau. ạ",RISK,train,synthetic,
VNBL_00859,Em nói bé có vết bầm vì bị bạn đánh lúc tan học.,HIGH_RISK,train,synthetic,
VNBL_00860,con nói là em bị tát nhiều lần ở lớp.,HIGH_RISK,train,synthetic,
VNBL_00861,Con nói là các bạn ko cho em chơi cùng ở sân trường.,RISK,test,synthetic,
VNBL_00862,gần đây bé đi học bình thường và chơi với các bạn.,SAFE,train,synthetic,
VNBL_00863,Bé kể rằng bạn Hà dọa sẽ đánh em nếu em kể với cô.,HIGH_RISK,train,synthetic,
VNBL_00864,Dạo này các bạn không cho con chơi cùng trên xe đưa đón.,RISK,train,synthetic,
VNBL_00865,Dạo này em có vết bầm vì bị bạn đánh lúc tan học. ạ,HIGH_RISK,train,synthetic,
VNBL_00866,bạn Trang vô tình va vào em trong giờ ra chơi rồi xin lỗi.,SAFE,train,synthetic,
VNBL_00867,em và bạn An tranh luận một chút rồi đã làm hòa.,SAFE,train,synthetic,
VNBL_00868,Bé kể rằng mấy bạn chặn đường em lúc tan học để đánh. ạ,HIGH_RISK,validation,synthetic,
VNBL_00869,Bé kể rằng tuần này các bạn cứ gọi em bằng biệt danh em không thích....,RISK,validation,synthetic,
VNBL_00870,"Bạn Trang nói câu đùa làm em khó chịu, sau đó bạn đã xin lỗi. (lần kể 2)",SAFE,train,synthetic,
VNBL_00871,"em và các bạn trêu nhau vui, khi bé bảo dừng thì mọi người dừng lại.",SAFE,validation,synthetic,
VNBL_00872,"theo lời bé, các bạn không cho bé chơi cùng ngoài hành lang.",RISK,train,synthetic,
VNBL_00873,Dạo này con có vết bầm vì bị bạn đánh ở sân trường.,HIGH_RISK,train,synthetic,
VNBL_00874,Bạn Nam vô tình va vào bé lúc tan học rồi xin lỗi. ạ,SAFE,train,synthetic,
VNBL_00875,bạn Phúc lấy đồ của em rồi không chịu trả.,RISK,train,synthetic,
VNBL_00876,bạn Mai vô tình va vào em ở lớp rồi xin lỗi.,SAFE,train,synthetic,
VNBL_00877,bạn Linh vô tình va vào em ở sân trường rồi xin lỗi.,SAFE,train,synthetic,
VNBL_00878,Bé kể rằng bạn Hà ép em phải đưa mật khẩu tài khoản và dọa đánh....,HIGH_RISK,train,synthetic,
VNBL_00879,em bị đau tay do chơi thể thao ngoài hành lang.,SAFE,test,synthetic,
VNBL_00880,Em nói mấy bạn chặn đường con lúc tan học để đánh.,HIGH_RISK,train,synthetic,
VNBL_00881,bạn Nam vô tình va vào em trong giờ ra chơi rồi xin lỗi....,SAFE,train,synthetic,
VNBL_00882,Bé kể rằng em bị chặn ở cổng trường và cướp tiền.,HIGH_RISK,train,synthetic,
VNBL_00883,Bạn Mai mượn bút của em và đã trả lại. ạ,SAFE,train,synthetic,
VNBL_00884,"Theo lời bé, bạn Phúc dọa sẽ đánh em nếu em kể với cô.",HIGH_RISK,train,synthetic,
VNBL_00885,Bạn An vô tình va vào bé ở sân trường rồi xin lỗi. ạ,SAFE,train,synthetic,
VNBL_00886,bạn Huy vô tình va vào em ở sân trường rồi xin lỗi.,SAFE,train,synthetic,
VNBL_00887,Bé kể rằng có bạn bóp cổ con trong giờ ra chơi.,HIGH_RISK,train,synthetic,
VNBL_00888,Dạo này các bạn chế ảnh của con rồi gửi vào nhóm lớp.,RISK,train,synthetic,
VNBL_00889,Con nói là hôm nay em bị một nhóm bạn đánh trên xe đưa đón.,HIGH_RISK,train,synthetic,
VNBL_00890,"theo lời bé, tuần này em bị một nhóm bạn đánh ở sân trường.",HIGH_RISK,train,synthetic,
VNBL_00891,dạo này gần đây các bạn cứ gọi con bằng biệt danh em không thích.,RISK,validation,synthetic,
VNBL_00892,Con nói là bạn Khánh lấy đồ của em rồi không chịu trả.,RISK,train,synthetic,
VNBL_00893,Dạo này có bạn thường xuyên nói xấu bé với các bạn khác.,RISK,test,synthetic,
VNBL_00894,Dạo này gần đây các bạn cứ gọi em bằng biệt danh em ko thích.,RISK,train,synthetic,
VNBL_00895,em nói các bạn ko cho em chơi cùng trên xe đưa đón.,RISK,test,synthetic,
VNBL_00896,bé kể rằng họ dọa sẽ tiếp tục đánh nếu em báo với người lớn. ạ,HIGH_RISK,train,synthetic,
VNBL_00897,Bé kể rằng một nhóm bạn thường xuyên đạp vào chân em dưới bàn....,HIGH_RISK,train,synthetic,
VNBL_00898,bạn Trang ép em phải đưa mật khẩu tài khoản và dọa đánh.,HIGH_RISK,train,synthetic,
VNBL_00899,Dạo này bạn Khánh lấy đồ của con rồi không chịu trả.,RISK,train,synthetic,
VNBL_00900,"Bạn Nam nói câu đùa làm bé khó chịu, sau đó bạn đã xin lỗi....",SAFE,train,synthetic,
VNBL_00901,Con nói là bé bị kéo tóc và xô ngã....,HIGH_RISK,train,synthetic,
VNBL_00902,"theo lời bé, bạn Lan lấy đồ của em rồi không chịu trả.",RISK,validation,synthetic,
VNBL_00903,Bé kể rằng mỗi giờ ra chơi em bị một nhóm bạn đánh lúc tan học.,HIGH_RISK,train,synthetic,
VNBL_00904,Con nói là bạn Phúc lấy đồ của em rồi không chịu trả. ạ,RISK,train,synthetic,
VNBL_00905,Bé kể rằng tuần này các bạn cứ gọi bé bằng biệt danh em không thích....,RISK,validation,synthetic,
VNBL_00906,Bé kể rằng có bạn dọa làm em bị thương nếu em không làm theo. ạ,HIGH_RISK,validation,synthetic,
VNBL_00907,Em nói em bị chặn ở cổng trường và cướp tiền.,HIGH_RISK,train,synthetic,
VNBL_00908,dạo này em có vết bầm vì bị bạn đánh lúc tan học.,HIGH_RISK,train,synthetic,
VNBL_00909,Em nói một nhóm bạn lấy tiền của bé và dọa không được nói với bố mẹ.,HIGH_RISK,test,synthetic,
VNBL_00910,Bạn Minh vô tình va vào con ngoài hành lang rồi xin lỗi. ạ,SAFE,train,synthetic,
VNBL_00911,Bạn An mượn bút của em và đã trả lại.,SAFE,train,synthetic,
VNBL_00912,"bạn Vy nói câu đùa làm em khó chịu, sau đó bạn đã xin lỗi.",SAFE,train,synthetic,
VNBL_00913,các bạn ko cho con chơi cùng lúc tan học.,RISK,train,synthetic,
VNBL_00914,Hôm nay lớp con học về chủ đề phòng chống bắt nạt học đường.,SAFE,train,synthetic,
VNBL_00915,Dạo này tuần này em bị một nhóm bạn đánh trong giờ ra chơi.,HIGH_RISK,test,synthetic,
VNBL_00916,bạn Mai nhắn tin xúc phạm em liên tục.,RISK,train,synthetic,
VNBL_00917,em nói các bạn không cho em chơi cùng ở lớp.,RISK,test,synthetic,
VNBL_00918,Bạn Phúc vô tình va vào em trên xe đưa đón rồi xin lỗi....,SAFE,train,synthetic,
VNBL_00919,"bạn Mai nói câu đùa làm con khó chịu, sau đó bạn đã xin lỗi.",SAFE,train,synthetic,
VNBL_00920,Dạo này tuần này em bị một nhóm bạn đánh trên xe đưa đón.,HIGH_RISK,train,synthetic,
VNBL_00921,Con nói là con bị chửi và xúc phạm lúc tan học.,RISK,train,synthetic,
VNBL_00922,dạo này mấy bạn chặn đường bé lúc tan học để đánh.,HIGH_RISK,train,synthetic,
VNBL_00923,"Theo lời bé, em bị ép làm việc em không muốn và bị đe dọa nếu từ chối. ạ",HIGH_RISK,validation,synthetic,
VNBL_00924,Bé kể rằng tuần này em bị một nhóm bạn đánh ở sân trường.,HIGH_RISK,validation,synthetic,
VNBL_00925,dạo này em ko dám kể với cô vì sợ bị các bạn ghét hơn.,RISK,validation,synthetic,
VNBL_00926,"em bị ngã ngoài hành lang khi đang chạy, không có ai xô em.... (lần kể 2)",SAFE,train,synthetic,
VNBL_00927,"em bị ngã trong giờ ra chơi khi đang chạy, ko có ai xô em.",SAFE,train,synthetic,
VNBL_00928,"Theo lời bé, con bị xô xuống cầu thang nhưng may em bám được tay vịn.",HIGH_RISK,test,synthetic,
VNBL_00929,Bé kể rằng mấy bạn ném đồ cứng vào bé và cười.,HIGH_RISK,train,synthetic,
VNBL_00930,Bạn Vy vô tình va vào em ở lớp rồi xin lỗi....,SAFE,train,synthetic,
VNBL_00931,Con nói là con bị tát nhiều lần trong giờ ra chơi.,HIGH_RISK,train,synthetic,
VNBL_00932,em với bạn Trang giành bóng khi chơi rồi tiếp tục chơi bình thường....,SAFE,train,synthetic,
VNBL_00933,Dạo này có người đăng bài bêu xấu em trên mạng.,RISK,train,synthetic,
VNBL_00934,Con nói là em bị loại khỏi các hoạt động của nhóm nhiều lần. ạ,RISK,train,synthetic,
VNBL_00935,Bạn Trang vô tình va vào em ngoài hành lang rồi xin lỗi.,SAFE,test,synthetic,
VNBL_00936,Con nói là con bị ép làm việc em không muốn và bị đe dọa nếu từ chối.,HIGH_RISK,train,synthetic,
VNBL_00937,Em bị đau tay do chơi thể thao trên xe đưa đón. ạ,SAFE,validation,synthetic,
VNBL_00938,Bạn Hà vô tình va vào em lúc tan học rồi xin lỗi. (lần kể 2),SAFE,validation,synthetic,
VNBL_00939,Bạn Khánh vô tình va vào em lúc tan học rồi xin lỗi.,SAFE,test,synthetic,
VNBL_00940,Em nói có bạn bắt em làm bài hộ nếu không sẽ nói xấu em. ạ,RISK,test,synthetic,
VNBL_00941,"Theo lời bé, em bị kéo tóc và xô ngã....",HIGH_RISK,train,synthetic,
VNBL_00942,Bé kể rằng bé bị chửi và xúc phạm trên xe đưa đón.,RISK,validation,synthetic,
VNBL_00943,Bạn Hà mượn bút của con và đã trả lại.... (lần kể 2),SAFE,train,synthetic,
VNBL_00944,Dạo này con bị chửi và xúc phạm trong giờ ra chơi.,RISK,test,synthetic,
VNBL_00945,Dạo này hôm qua các bạn cứ gọi con bằng biệt danh em ko thích. ạ,RISK,train,synthetic,
VNBL_00946,Con nói là bạn Minh nhắn tin xúc phạm bé liên tục.,RISK,validation,synthetic,
VNBL_00947,Bạn Khánh vô tình va vào bé ngoài hành lang rồi xin lỗi. (lần kể 2),SAFE,train,synthetic,
VNBL_00948,Dạo này bạn An dọa sẽ đánh bé nếu em kể với cô.,HIGH_RISK,train,synthetic,
VNBL_00949,Con nói là em bị ép làm việc em ko muốn và bị đe dọa nếu từ chối.,HIGH_RISK,train,synthetic,
VNBL_00950,"Mẹ hỏi bé có bị bạn nào bắt nạt ko, em nói là ko. (lần kể 2)",SAFE,validation,synthetic,
VNBL_00951,Em nói một số bạn tung tin sai về con trong lớp. ạ,RISK,train,synthetic,
VNBL_00952,bạn Minh vô tình va vào em trên xe đưa đón rồi xin lỗi. ạ,SAFE,train,synthetic,
VNBL_00953,hôm nay em bị một nhóm bạn đánh trên xe đưa đón. ạ,HIGH_RISK,test,synthetic,
VNBL_00954,Con nói là mấy hôm nay các bạn cứ gọi em bằng biệt danh em không thích.,RISK,train,synthetic,
VNBL_00955,"Em bị ngã ngoài hành lang khi đang chạy, không có ai xô con.",SAFE,train,synthetic,
VNBL_00956,Bạn An mượn bút của bé và đã trả lại....,SAFE,train,synthetic,
VNBL_00957,Em nói một nhóm bạn lấy tiền của em và dọa ko được nói với bố mẹ. ạ,HIGH_RISK,train,synthetic,
VNBL_00958,bạn An vô tình va vào con ở sân trường rồi xin lỗi. (lần kể 2),SAFE,validation,synthetic,
VNBL_00959,bé kể rằng mấy hôm nay em bị một nhóm bạn đánh ở sân trường....,HIGH_RISK,train,synthetic,
VNBL_00960,Con nói là bạn Minh nhắn tin xúc phạm em liên tục....,RISK,train,synthetic,
VNBL_00961,Bé kể rằng bạn Mai lấy đồ của em rồi không chịu trả.,RISK,train,synthetic,
VNBL_00962,con cảm thấy bị cô lập vì không ai trong nhóm chịu nói chuyện với em.,RISK,train,synthetic,
VNBL_00963,Em nói em bị giấu cặp sách và đồ dùng học tập. ạ,RISK,train,synthetic,
VNBL_00964,"theo lời bé, em ko muốn đi học vì sợ gặp nhóm bạn trong lớp.",RISK,train,synthetic,
VNBL_00965,"Mẹ hỏi con có bị bạn nào bắt nạt không, em nói là không. ạ",SAFE,train,synthetic,
VNBL_00966,Em nói hôm qua các bạn cứ gọi em bằng biệt danh em không thích. ạ,RISK,validation,synthetic,
VNBL_00967,Em nói gần đây em bị một nhóm bạn đánh ở sân trường.,HIGH_RISK,train,synthetic,
VNBL_00968,Con nói là có bạn bóp cổ con trong giờ ra chơi.,HIGH_RISK,validation,synthetic,
VNBL_00969,Em với bạn Hà giành bóng khi chơi rồi tiếp tục chơi bình thường....,SAFE,train,synthetic,
VNBL_00970,các bạn chế ảnh của em rồi gửi vào nhóm lớp. ạ,RISK,train,synthetic,
VNBL_00971,em nói em bị tát nhiều lần trên xe đưa đón.,HIGH_RISK,test,synthetic,
VNBL_00972,dạo này hôm nay em bị một nhóm bạn đánh trong giờ ra chơi.,HIGH_RISK,train,synthetic,
VNBL_00973,em và bạn Lan tranh luận một chút rồi đã làm hòa. (lần kể 2),SAFE,train,synthetic,
VNBL_00974,Em nói bé bị ép làm việc em không muốn và bị đe dọa nếu từ chối.,HIGH_RISK,validation,synthetic,
VNBL_00975,em nói gần đây em bị một nhóm bạn đánh ngoài hành lang.,HIGH_RISK,validation,synthetic,
VNBL_00976,"theo lời bé, bé sợ giờ ra chơi vì các bạn hay vây quanh trêu chọc.",RISK,train,synthetic,
VNBL_00977,Con nói là bạn Linh dọa sẽ đánh em nếu em kể với cô. ạ,HIGH_RISK,train,synthetic,
VNBL_00978,Bạn Huy vô tình va vào em lúc tan học rồi xin lỗi.,SAFE,train,synthetic,
VNBL_00979,Em nói họ nói tan học đợi đấy rồi vây em ở cổng trường....,HIGH_RISK,train,synthetic,
VNBL_00980,"Em và các bạn trêu nhau vui, khi bé bảo dừng thì mọi người dừng lại....",SAFE,train,synthetic,
VNBL_00981,bé kể rằng em thường bị lấy đồ ăn mà ko được hỏi.,RISK,validation,synthetic,
VNBL_00982,Bạn An vô tình va vào con lúc tan học rồi xin lỗi.,SAFE,train,synthetic,
VNBL_00983,Bạn Nam vô tình va vào em lúc tan học rồi xin lỗi....,SAFE,test,synthetic,
VNBL_00984,"bạn Khánh nói câu đùa làm con khó chịu, sau đó bạn đã xin lỗi.",SAFE,train,synthetic,
VNBL_00985,Bé kể rằng bạn Lan dọa sẽ đánh con nếu em kể với cô.,HIGH_RISK,validation,synthetic,
VNBL_00986,em nói có bạn dọa làm con bị thương nếu em không làm theo.,HIGH_RISK,test,synthetic,
VNBL_00987,Em với bạn Vy giành bóng khi chơi rồi tiếp tục chơi bình thường. (lần kể 2),SAFE,train,synthetic,
VNBL_00988,Em với bạn Linh giành bóng khi chơi rồi tiếp tục chơi bình thường. ạ,SAFE,train,synthetic,
VNBL_00989,bạn Nam vô tình va vào em ở lớp rồi xin lỗi.,SAFE,test,synthetic,
VNBL_00990,Bé kể rằng em bị chửi và xúc phạm ở sân trường. ạ,RISK,test,synthetic,
VNBL_00991,Con nói là bé bị chửi và xúc phạm trong giờ ra chơi.,RISK,validation,synthetic,
VNBL_00992,Con nói là gần đây các bạn cứ gọi bé bằng biệt danh em không thích.,RISK,test,synthetic,
VNBL_00993,có bạn dọa làm em bị thương nếu em không làm theo....,HIGH_RISK,train,synthetic,
VNBL_00994,Hôm nay con làm rơi hộp bút và bạn đã nhặt giúp. (lần kể 2),SAFE,validation,synthetic,
VNBL_00995,em với bạn Trang giành bóng khi chơi rồi tiếp tục chơi bình thường. (lần kể 2),SAFE,train,synthetic,
VNBL_00996,Con nói là con bị loại khỏi các hoạt động của nhóm nhiều lần.,RISK,train,synthetic,
VNBL_00997,một số bạn tung tin sai về em trong lớp.,RISK,train,synthetic,
VNBL_00998,Em nói các bạn cố tình làm hỏng đồ dùng của bé.,RISK,train,synthetic,
VNBL_00999,Bé kể rằng bạn Trang dọa sẽ đánh em nếu em kể với cô.,HIGH_RISK,validation,synthetic,
VNBL_01000,Dạo này bạn Khánh đấm em vào người.,HIGH_RISK,train,synthetic,
VNBL_01001,bạn Minh lấy đồ của con rồi không chịu trả.,RISK,train,synthetic,
VNBL_01002,Nhóm của em ko chọn ý tưởng của em nhưng mọi người vẫn làm việc cùng nhau. ạ (lần kể 2),SAFE,test,synthetic,
VNBL_01003,"em bị ngã trên xe đưa đón khi đang chạy, không có ai xô em....",SAFE,test,synthetic,
VNBL_01004,"Bạn An nói câu đùa làm em khó chịu, sau đó bạn đã xin lỗi.... (lần kể 2)",SAFE,test,synthetic,
VNBL_01005,tuần này con đi học bình thường và chơi với các bạn. (lần kể 2),SAFE,test,synthetic,
VNBL_01006,Dạo này có người đăng bài bêu xấu em trên mạng....,RISK,train,synthetic,
VNBL_01007,con nói là con bị tát nhiều lần ở lớp.,HIGH_RISK,train,synthetic,
VNBL_01008,Bạn Lan mượn bút của bé và đã trả lại. ạ,SAFE,train,synthetic,
VNBL_01009,em bị chửi và xúc phạm ngoài hành lang.,RISK,train,synthetic,
VNBL_01010,Con nói là bạn Trang lấy đồ của bé rồi không chịu trả.,RISK,train,synthetic,
VNBL_01011,Bạn An vô tình va vào bé ở sân trường rồi xin lỗi. ạ (lần kể 2),SAFE,train,synthetic,
VNBL_01012,em có vết bầm vì bị bạn đánh trên xe đưa đón.,HIGH_RISK,train,synthetic,
VNBL_01013,con thường bị xô vai và chọc ghẹo khi đi qua hành lang.,RISK,train,synthetic,
VNBL_01014,bé kể rằng bạn Phúc nhắn tin xúc phạm em liên tục.,RISK,test,synthetic,
VNBL_01015,Bạn Vy vô tình va vào em lúc tan học rồi xin lỗi....,SAFE,train,synthetic,
VNBL_01016,Con nói là bạn Mai dọa sẽ đánh em nếu em kể với cô.,HIGH_RISK,validation,synthetic,
VNBL_01017,Bạn Minh vô tình va vào bé ngoài hành lang rồi xin lỗi.,SAFE,test,synthetic,
VNBL_01018,bé bị giữ tay để một bạn khác đánh.,HIGH_RISK,train,synthetic,
VNBL_01019,"Theo lời bé, em bị đánh nhiều lần trong tuần này. ạ",HIGH_RISK,train,synthetic,
VNBL_01020,bé kể rằng con cảm thấy bị cô lập vì không ai trong nhóm chịu nói chuyện với em.,RISK,test,synthetic,
VNBL_01021,"Theo lời bé, em bị ép đưa đồ ăn và tiền cho các bạn.",HIGH_RISK,validation,synthetic,
VNBL_01022,mấy bạn chặn đường em lúc tan học để đánh.,HIGH_RISK,train,synthetic,
VNBL_01023,Con nói là em không dám kể với cô vì sợ bị các bạn ghét hơn....,RISK,train,synthetic,
VNBL_01024,dạo này con bị chửi và xúc phạm trên xe đưa đón.,RISK,validation,synthetic,
VNBL_01025,bạn Phúc mượn bút của em và đã trả lại.,SAFE,test,synthetic,
VNBL_01026,"Bạn Phúc nói câu đùa làm em khó chịu, sau đó bạn đã xin lỗi.",SAFE,train,synthetic,
VNBL_01027,Em nói các bạn chế ảnh của con rồi gửi vào nhóm lớp.,RISK,train,synthetic,
VNBL_01028,"Theo lời bé, em bị ép làm việc em ko muốn và bị đe dọa nếu từ chối.",HIGH_RISK,train,synthetic,
VNBL_01029,Bạn Vy vô tình va vào em lúc tan học rồi xin lỗi. ạ,SAFE,train,synthetic,
VNBL_01030,"Theo lời bé, bạn Mai ép em phải đưa mật khẩu tài khoản và dọa đánh.",HIGH_RISK,train,synthetic,
VNBL_01031,Bạn Vy vô tình va vào bé trên xe đưa đón rồi xin lỗi. (lần kể 2),SAFE,train,synthetic,
VNBL_01032,"Theo lời bé, có người đăng bài bêu xấu bé trên mạng.",RISK,train,synthetic,
VNBL_01033,Em nói các bạn cố tình làm hỏng đồ dùng của em. ạ,RISK,train,synthetic,
VNBL_01034,Dạo này họ dọa sẽ tiếp tục đánh nếu em báo với người lớn. ạ,HIGH_RISK,validation,synthetic,
VNBL_01035,Bé kể rằng tuần này các bạn cứ gọi em bằng biệt danh em ko thích....,RISK,train,synthetic,
VNBL_01036,Em nói bạn Hà đấm em vào người.,HIGH_RISK,validation,synthetic,
VNBL_01037,Con nói là bạn Mai lấy đồ của em rồi không chịu trả.,RISK,train,synthetic,
VNBL_01038,Bé kể rằng mỗi giờ ra chơi em bị một nhóm bạn đánh trên xe đưa đón.,HIGH_RISK,train,synthetic,
VNBL_01039,"Theo lời bé, con bị chửi và xúc phạm ở sân trường.",RISK,validation,synthetic,
VNBL_01040,Em thấy hai bạn khác cãi nhau nhưng em ko liên quan. (lần kể 2),SAFE,test,synthetic,
VNBL_01041,Em với bạn An giành bóng khi chơi rồi tiếp tục chơi bình thường. ạ (lần kể 2),SAFE,test,synthetic,
VNBL_01042,Bạn Huy vô tình va vào em trên xe đưa đón rồi xin lỗi.,SAFE,validation,synthetic,
VNBL_01043,Bé kể rằng tuần này các bạn cứ gọi em bằng biệt danh em ko thích.,RISK,train,synthetic,
VNBL_01044,bạn Huy vô tình va vào em trên xe đưa đón rồi xin lỗi. ạ,SAFE,test,synthetic,
VNBL_01045,bạn Minh vô tình va vào em ở lớp rồi xin lỗi.,SAFE,validation,synthetic,
VNBL_01046,Bạn Vy vô tình va vào em ở sân trường rồi xin lỗi.,SAFE,validation,synthetic,
VNBL_01047,Bé kể rằng một số bạn tung tin sai về em trong lớp. ạ,RISK,train,synthetic,
VNBL_01048,dạo này bạn Trang đấm con vào người.,HIGH_RISK,train,synthetic,
VNBL_01049,bé kể rằng em không dám phát biểu vì các bạn hay cười nhạo.,RISK,train,synthetic,
VNBL_01050,Con nói là em bị tát nhiều lần ngoài hành lang....,HIGH_RISK,validation,synthetic,
VNBL_01051,Em nói mấy hôm nay em bị một nhóm bạn đánh ngoài hành lang.,HIGH_RISK,validation,synthetic,
VNBL_01052,Con nói là tuần này em bị một nhóm bạn đánh trên xe đưa đón.,HIGH_RISK,train,synthetic,
VNBL_01053,Bé kể rằng các bạn ko cho em chơi cùng ngoài hành lang.,RISK,train,synthetic,
VNBL_01054,Bạn Vy mượn bút của em và đã trả lại....,SAFE,train,synthetic,
VNBL_01055,Bạn Hà vô tình va vào em ngoài hành lang rồi xin lỗi....,SAFE,train,synthetic,
VNBL_01056,Con nói là bạn Hà dọa sẽ đánh em nếu em kể với cô.,HIGH_RISK,train,synthetic,
VNBL_01057,Bé kể rằng các bạn đá em khi em ngã xuống. ạ,HIGH_RISK,train,synthetic,
VNBL_01058,em nói một nhóm bạn lấy tiền của em và dọa không được nói với bố mẹ. ạ,HIGH_RISK,test,synthetic,
VNBL_01059,Bé kể rằng một nhóm bạn thường xuyên đạp vào chân em dưới bàn.,HIGH_RISK,train,synthetic,
VNBL_01060,"Theo lời bé, có bạn dọa làm em bị thương nếu em không làm theo.",HIGH_RISK,validation,synthetic,
VNBL_01061,nhóm của con ko chọn ý tưởng của em nhưng mọi người vẫn làm việc cùng nhau. (lần kể 2),SAFE,train,synthetic,
VNBL_01062,em bị đuổi ra khỏi nhóm chat của lớp. ạ,RISK,train,synthetic,
VNBL_01063,Bạn Hà vô tình va vào em ở sân trường rồi xin lỗi. (lần kể 2),SAFE,train,synthetic,
VNBL_01064,Nhóm của con không chọn ý tưởng của em nhưng mọi người vẫn làm việc cùng nhau. ạ (lần kể 2),SAFE,train,synthetic,
VNBL_01065,Con nói là em bị chửi và xúc phạm ngoài hành lang.,RISK,train,synthetic,
VNBL_01066,Em nói con có vết bầm vì bị bạn đánh lúc tan học.,HIGH_RISK,validation,synthetic,
VNBL_01067,bạn Huy vô tình va vào con trên xe đưa đón rồi xin lỗi.,SAFE,validation,synthetic,
VNBL_01068,Bạn Phúc vô tình va vào em ở lớp rồi xin lỗi....,SAFE,validation,synthetic,
VNBL_01069,em với bạn Minh giành bóng khi chơi rồi tiếp tục chơi bình thường. ạ,SAFE,train,synthetic,
VNBL_01070,Em nói con bị chặn ở cổng trường và cướp tiền. ạ,HIGH_RISK,train,synthetic,
VNBL_01071,em nói mấy hôm nay em bị một nhóm bạn đánh lúc tan học.,HIGH_RISK,train,synthetic,
VNBL_01072,Bạn Lan vô tình va vào em ở sân trường rồi xin lỗi.,SAFE,train,synthetic,
VNBL_01073,Em với bạn Lan giành bóng khi chơi rồi tiếp tục chơi bình thường....,SAFE,train,synthetic,
VNBL_01074,Em nói con bị giấu cặp sách và đồ dùng học tập.,RISK,test,synthetic,
VNBL_01075,Em hơi buồn vì điểm kiểm tra thấp....,SAFE,train,synthetic,
VNBL_01076,Em và bạn Vy tranh luận một chút rồi đã làm hòa.,SAFE,test,synthetic,
VNBL_01077,một nhóm bạn lấy tiền của em và dọa không được nói với bố mẹ....,HIGH_RISK,validation,synthetic,
VNBL_01078,Em và bạn Hà tranh luận một chút rồi đã làm hòa....,SAFE,validation,synthetic,
VNBL_01079,Bạn Lan vô tình va vào em ngoài hành lang rồi xin lỗi.,SAFE,validation,synthetic,
VNBL_01080,Dạo này bạn An dọa sẽ đánh con nếu em kể với cô.,HIGH_RISK,train,synthetic,
VNBL_01081,bạn Trang vô tình va vào em ở lớp rồi xin lỗi. (lần kể 2),SAFE,test,synthetic,
VNBL_01082,Dạo này cả nhóm cố tình ko cho em ngồi cùng....,RISK,test,synthetic,
VNBL_01083,"Theo lời bé, các bạn ko cho em chơi cùng trong giờ ra chơi.",RISK,train,synthetic,
VNBL_01084,Con nói là một số bạn tung tin sai về con trong lớp.,RISK,test,synthetic,
VNBL_01085,Em nói bạn Mai lấy đồ của em rồi ko chịu trả. ạ,RISK,train,synthetic,
VNBL_01086,Con nói là em bị đuổi ra khỏi nhóm chat của lớp....,RISK,train,synthetic,
VNBL_01087,Con nói là con bị tát nhiều lần ở lớp.,HIGH_RISK,train,synthetic,
VNBL_01088,em nói họ nhốt bé trong nhà vệ sinh và ko cho ra.,HIGH_RISK,train,synthetic,
VNBL_01089,con nói là có bạn bóp cổ con trong giờ ra chơi....,HIGH_RISK,validation,synthetic,
VNBL_01090,em thấy hai bạn khác cãi nhau nhưng bé không liên quan. ạ (lần kể 2),SAFE,train,synthetic,
VNBL_01091,Bé kể rằng có người đăng bài bêu xấu em trên mạng....,RISK,validation,synthetic,
VNBL_01092,Hôm nay lớp bé học về chủ đề phòng chống bắt nạt học đường.,SAFE,train,synthetic,
VNBL_01093,em nói em bị đánh nhiều lần trong tuần này.,HIGH_RISK,validation,synthetic,
VNBL_01094,Em nói bé bị chửi và xúc phạm ngoài hành lang.,RISK,validation,synthetic,
VNBL_01095,Dạo này em bị loại khỏi các hoạt động của nhóm nhiều lần....,RISK,validation,synthetic,
VNBL_01096,"Theo lời bé, em cảm thấy bị cô lập vì không ai trong nhóm chịu nói chuyện với em....",RISK,train,synthetic,
VNBL_01097,bạn Mai lấy đồ của em rồi không chịu trả....,RISK,validation,synthetic,
VNBL_01098,con nói là có người đăng bài bêu xấu em trên mạng.,RISK,train,synthetic,
VNBL_01099,Dạo này có bạn dọa làm em bị thương nếu em không làm theo. ạ,HIGH_RISK,train,synthetic,
VNBL_01100,"bạn An nói câu đùa làm em khó chịu, sau đó bạn đã xin lỗi....",SAFE,train,synthetic,
VNBL_01101,Em nói em bị xô xuống cầu thang nhưng may em bám được tay vịn....,HIGH_RISK,train,synthetic,
VNBL_01102,bé kể rằng mấy bạn ném đồ cứng vào bé và cười.,HIGH_RISK,train,synthetic,
VNBL_01103,bé kể rằng bạn Mai lấy đồ của em rồi không chịu trả.,RISK,train,synthetic,
VNBL_01104,"theo lời bé, các bạn đá con khi em ngã xuống.",HIGH_RISK,test,synthetic,
VNBL_01105,Bé kể rằng bạn Lan nhắn tin xúc phạm em liên tục. ạ,RISK,train,synthetic,
VNBL_01106,Con nói là gần đây em bị một nhóm bạn đánh ở sân trường.,HIGH_RISK,train,synthetic,
VNBL_01107,bé kể rằng bạn Lan lấy đồ của em rồi không chịu trả.,RISK,train,synthetic,
VNBL_01108,"Em bị ngã trên xe đưa đón khi đang chạy, ko có ai xô em.",SAFE,validation,synthetic,
VNBL_01109,Bạn An vô tình va vào em trên xe đưa đón rồi xin lỗi. ạ,SAFE,validation,synthetic,
VNBL_01110,con nói là em cảm thấy bị cô lập vì không ai trong nhóm chịu nói chuyện với em.,RISK,train,synthetic,
VNBL_01111,Dạo này các bạn cố tình làm hỏng đồ dùng của em.,RISK,train,synthetic,
VNBL_01112,"Bạn Nam nói câu đùa làm em khó chịu, sau đó bạn đã xin lỗi. ạ",SAFE,train,synthetic,
VNBL_01113,em nói bạn Phúc đấm em vào người.,HIGH_RISK,train,synthetic,
VNBL_01114,"Theo lời bé, họ nhốt con trong nhà vệ sinh và không cho ra.",HIGH_RISK,train,synthetic,
VNBL_01115,"Bạn Trang nói câu đùa làm em khó chịu, sau đó bạn đã xin lỗi. ạ (lần kể 2)",SAFE,train,synthetic,
VNBL_01116,Bé kể rằng có bạn bắt em làm bài hộ nếu không sẽ nói xấu em....,RISK,train,synthetic,
VNBL_01117,dạo này có bạn thường xuyên nói xấu con với các bạn khác.,RISK,train,synthetic,
VNBL_01118,em với bạn Huy giành bóng khi chơi rồi tiếp tục chơi bình thường....,SAFE,train,synthetic,
VNBL_01119,Bạn An mượn bút của con và đã trả lại.,SAFE,train,synthetic,
VNBL_01120,em nói em bị xô xuống cầu thang nhưng may em bám được tay vịn.,HIGH_RISK,test,synthetic,
VNBL_01121,bạn Khánh dọa sẽ đánh em nếu em kể với cô.,HIGH_RISK,test,synthetic,
VNBL_01122,Bé kể rằng bé bị ép làm việc em ko muốn và bị đe dọa nếu từ chối.,HIGH_RISK,train,synthetic,
VNBL_01123,Em nói cả nhóm cố tình ko cho em ngồi cùng.,RISK,train,synthetic,
VNBL_01124,Bạn Phúc vô tình va vào em ở sân trường rồi xin lỗi.,SAFE,validation,synthetic,
VNBL_01125,"Theo lời bé, một nhóm bạn thường xuyên đạp vào chân con dưới bàn.",HIGH_RISK,train,synthetic,
VNBL_01126,bé kể rằng em bị giữ tay để một bạn khác đánh. ạ,HIGH_RISK,train,synthetic,
VNBL_01127,bé bị ép đưa đồ ăn và tiền cho các bạn.,HIGH_RISK,validation,synthetic,
VNBL_01128,Dạo này em bị tát nhiều lần trong giờ ra chơi. ạ,HIGH_RISK,train,synthetic,
VNBL_01129,"Bạn Trang nói câu đùa làm em khó chịu, sau đó bạn đã xin lỗi....",SAFE,train,synthetic,
VNBL_01130,Bạn Minh mượn bút của em và đã trả lại. (lần kể 2),SAFE,train,synthetic,
VNBL_01131,gần đây em bị một nhóm bạn đánh lúc tan học.,HIGH_RISK,train,synthetic,
VNBL_01132,Bạn Linh vô tình va vào bé ở sân trường rồi xin lỗi. (lần kể 2),SAFE,test,synthetic,
VNBL_01133,Bé kể rằng bạn Minh dọa sẽ đánh em nếu em kể với cô.,HIGH_RISK,test,synthetic,
VNBL_01134,bé kể rằng họ nhốt em trong nhà vệ sinh và ko cho ra.,HIGH_RISK,test,synthetic,
VNBL_01135,Dạo này các bạn bắt bé đưa tiền mỗi tuần.,HIGH_RISK,train,synthetic,
VNBL_01136,Bạn Minh vô tình va vào em ở sân trường rồi xin lỗi.,SAFE,test,synthetic,
VNBL_01137,Bạn Trang vô tình va vào em trên xe đưa đón rồi xin lỗi....,SAFE,train,synthetic,
VNBL_01138,Bé kể rằng bé bị chặn ở cổng trường và cướp tiền.,HIGH_RISK,validation,synthetic,
VNBL_01139,"Theo lời bé, các bạn quay video lúc em khóc rồi gửi cho nhau. ạ",RISK,test,synthetic,
VNBL_01140,em muốn chuyển chỗ ngồi vì gần cửa sổ bị nắng....,SAFE,train,synthetic,
VNBL_01141,Bạn An vô tình va vào con ở lớp rồi xin lỗi.,SAFE,validation,synthetic,
VNBL_01142,con nói là gần đây em bị một nhóm bạn đánh ở lớp.,HIGH_RISK,train,synthetic,
VNBL_01143,Dạo này tuần này em bị một nhóm bạn đánh ở lớp.,HIGH_RISK,train,synthetic,
VNBL_01144,em và bạn Phúc tranh luận một chút rồi đã làm hòa.,SAFE,validation,synthetic,
VNBL_01145,Dạo này em bị tát nhiều lần ở sân trường....,HIGH_RISK,train,synthetic,
VNBL_01146,dạo này có bạn dọa làm em bị thương nếu em không làm theo.,HIGH_RISK,test,synthetic,
VNBL_01147,Con nói là bạn Minh đấm em vào người.,HIGH_RISK,train,synthetic,
VNBL_01148,Bé kể rằng gần đây bé bị một nhóm bạn đánh trong giờ ra chơi.,HIGH_RISK,train,synthetic,
VNBL_01149,lớp em xem video hướng dẫn cách báo với người lớn khi bị bắt nạt.... (lần kể 2),SAFE,train,synthetic,
VNBL_01150,cô giáo đang giải thích thế nào là hành vi cô lập bạn bè.,SAFE,train,synthetic,
VNBL_01151,Em nói họ nhốt em trong nhà vệ sinh và không cho ra. ạ,HIGH_RISK,validation,synthetic,
VNBL_01152,dạo này em bị loại khỏi các hoạt động của nhóm nhiều lần.,RISK,train,synthetic,
VNBL_01153,con nói là bạn Trang ép em phải đưa mật khẩu tài khoản và dọa đánh.,HIGH_RISK,train,synthetic,
VNBL_01154,em nói bạn Khánh ép con phải đưa mật khẩu tài khoản và dọa đánh.,HIGH_RISK,train,synthetic,
VNBL_01155,hôm nay lớp bé học về chủ đề phòng chống bắt nạt học đường.,SAFE,train,synthetic,
VNBL_01156,Em hơi buồn vì điểm kiểm tra thấp.,SAFE,train,synthetic,
VNBL_01157,"Theo lời bé, hôm nay các bạn cứ gọi em bằng biệt danh em ko thích....",RISK,train,synthetic,
VNBL_01158,"Bạn Hà nói câu đùa làm em khó chịu, sau đó bạn đã xin lỗi. ạ (lần kể 2)",SAFE,train,synthetic,
VNBL_01159,em thấy hai bạn khác cãi nhau nhưng em ko liên quan....,SAFE,train,synthetic,
VNBL_01160,Dạo này em bị chặn ở cổng trường và cướp tiền. ạ,HIGH_RISK,test,synthetic,
VNBL_01161,bạn Mai vô tình va vào em trên xe đưa đón rồi xin lỗi. (lần kể 2),SAFE,train,synthetic,
VNBL_01162,dạo này ngày nào họ cũng trêu em dù em đã bảo dừng. ạ,RISK,train,synthetic,
VNBL_01163,Em nói bạn An nhắn tin xúc phạm con liên tục.,RISK,train,synthetic,
VNBL_01164,Em với bạn Hà giành bóng khi chơi rồi tiếp tục chơi bình thường.,SAFE,train,synthetic,
VNBL_01165,em nói con có vết bầm vì bị bạn đánh ngoài hành lang.,HIGH_RISK,train,synthetic,
VNBL_01166,bé kể rằng các bạn quay video lúc em khóc rồi gửi cho nhau....,RISK,train,synthetic,
VNBL_01167,Bạn An vô tình va vào bé ngoài hành lang rồi xin lỗi.,SAFE,train,synthetic,
VNBL_01168,Con nói là con thường bị xô vai và chọc ghẹo khi đi qua hành lang. ạ,RISK,train,synthetic,
VNBL_01169,"theo lời bé, em bị tát nhiều lần lúc tan học.",HIGH_RISK,train,synthetic,
VNBL_01170,Bé kể rằng mấy bạn thường xuyên cười nhạo em trước lớp....,RISK,test,synthetic,
VNBL_01171,bạn Nam vô tình va vào em ở sân trường rồi xin lỗi. ạ,SAFE,train,synthetic,
VNBL_01172,"Theo lời bé, mỗi giờ ra chơi em bị một nhóm bạn đánh ngoài hành lang.",HIGH_RISK,train,synthetic,
VNBL_01173,Con nói là mấy bạn ném đồ cứng vào em và cười....,HIGH_RISK,train,synthetic,
VNBL_01174,Hôm nay lớp con học về chủ đề phòng chống bắt nạt học đường. (lần kể 2),SAFE,train,synthetic,
VNBL_01175,Con nói là bạn Minh lấy đồ của em rồi không chịu trả....,RISK,train,synthetic,
VNBL_01176,Dạo này có bạn bắt em làm bài hộ nếu ko sẽ nói xấu em.,RISK,train,synthetic,
VNBL_01177,"Theo lời bé, có bạn bắt em làm bài hộ nếu không sẽ nói xấu em. ạ",RISK,test,synthetic,
VNBL_01178,"Theo lời bé, em có vết bầm vì bị bạn đánh ngoài hành lang....",HIGH_RISK,train,synthetic,
VNBL_01179,"Theo lời bé, bạn Lan dọa sẽ đánh con nếu em kể với cô.",HIGH_RISK,train,synthetic,
VNBL_01180,em bị chặn ở cổng trường và cướp tiền.,HIGH_RISK,train,synthetic,
VNBL_01181,Bạn Huy vô tình va vào bé trong giờ ra chơi rồi xin lỗi.,SAFE,validation,synthetic,
VNBL_01182,Bé kể rằng em không dám phát biểu vì các bạn hay cười nhạo. ạ,RISK,train,synthetic,
VNBL_01183,Dạo này bạn Mai ép em phải đưa mật khẩu tài khoản và dọa đánh. ạ,HIGH_RISK,train,synthetic,
VNBL_01184,em nói ngày nào họ cũng trêu em dù em đã bảo dừng.,RISK,train,synthetic,
VNBL_01185,Dạo này các bạn chế ảnh của em rồi gửi vào nhóm lớp. ạ,RISK,test,synthetic,
VNBL_01186,em muốn chuyển chỗ ngồi vì gần cửa sổ bị nắng.... (lần kể 2),SAFE,train,synthetic,
VNBL_01187,em bị ép đưa đồ ăn và tiền cho các bạn. ạ,HIGH_RISK,train,synthetic,
VNBL_01188,Con nói là các bạn không cho em chơi cùng ở sân trường....,RISK,validation,synthetic,
VNBL_01189,em nói các bạn không cho em chơi cùng ngoài hành lang.,RISK,train,synthetic,
VNBL_01190,bé kể rằng cả nhóm cố tình không cho bé ngồi cùng.,RISK,train,synthetic,
VNBL_01191,Dạo này bạn Vy lấy đồ của em rồi không chịu trả.,RISK,test,synthetic,
VNBL_01192,Nhóm của con không chọn ý tưởng của em nhưng mọi người vẫn làm việc cùng nhau. (lần kể 2),SAFE,train,synthetic,
VNBL_01193,Em bị đau tay do chơi thể thao lúc tan học. ạ,SAFE,train,synthetic,
VNBL_01194,"Em bị ngã ở lớp khi đang chạy, ko có ai xô em.",SAFE,test,synthetic,
VNBL_01195,Con nói là bạn Trang ép em phải đưa mật khẩu tài khoản và dọa đánh.,HIGH_RISK,test,synthetic,
VNBL_01196,Em nói các bạn quay video lúc em khóc rồi gửi cho nhau....,RISK,train,synthetic,
VNBL_01197,bé cảm thấy bị cô lập vì không ai trong nhóm chịu nói chuyện với em.,RISK,test,synthetic,
VNBL_01198,dạo này mấy bạn chặn đường em lúc tan học để đánh. ạ,HIGH_RISK,validation,synthetic,
VNBL_01199,Em nói bạn Minh nhắn tin xúc phạm em liên tục....,RISK,train,synthetic,
VNBL_01200,Em hơi buồn vì điểm kiểm tra thấp.... (lần kể 2),SAFE,test,synthetic,
VNBL_01201,Dạo này em cảm thấy bị cô lập vì không ai trong nhóm chịu nói chuyện với em.,RISK,train,synthetic,
VNBL_01202,bé có vết bầm vì bị bạn đánh trên xe đưa đón.,HIGH_RISK,train,synthetic,
VNBL_01203,"em và các bạn trêu nhau vui, khi con bảo dừng thì mọi người dừng lại. (lần kể 2)",SAFE,validation,synthetic,
VNBL_01204,Dạo này các bạn cố tình làm hỏng đồ dùng của con.,RISK,train,synthetic,
VNBL_01205,bạn Huy vô tình va vào em ngoài hành lang rồi xin lỗi. (lần kể 2),SAFE,train,synthetic,
VNBL_01206,"Theo lời bé, mỗi giờ ra chơi con bị một nhóm bạn đánh trong giờ ra chơi.",HIGH_RISK,train,synthetic,
VNBL_01207,Con nói là bé bị ép làm việc em không muốn và bị đe dọa nếu từ chối.,HIGH_RISK,train,synthetic,
VNBL_01208,Dạo này cả nhóm cố tình không cho em ngồi cùng. ạ,RISK,train,synthetic,
VNBL_01209,bé cảm thấy bị cô lập vì ko ai trong nhóm chịu nói chuyện với em.,RISK,test,synthetic,
VNBL_01210,Bạn Khánh vô tình va vào em lúc tan học rồi xin lỗi. ạ,SAFE,train,synthetic,
VNBL_01211,Dạo này có người đăng bài bêu xấu bé trên mạng.,RISK,train,synthetic,
VNBL_01212,Bé kể rằng bé bị xô xuống cầu thang nhưng may em bám được tay vịn.,HIGH_RISK,validation,synthetic,
VNBL_01213,em với bạn Linh giành bóng khi chơi rồi tiếp tục chơi bình thường.,SAFE,train,synthetic,
VNBL_01214,Bạn An vô tình va vào con ở sân trường rồi xin lỗi.,SAFE,train,synthetic,
VNBL_01215,Dạo này mấy bạn chặn đường em lúc tan học để đánh.,HIGH_RISK,train,synthetic,
VNBL_01216,"Em và các bạn trêu nhau vui, khi con bảo dừng thì mọi người dừng lại. ạ",SAFE,train,synthetic,
VNBL_01217,Bé kể rằng em thường bị xô vai và chọc ghẹo khi đi qua hành lang.,RISK,train,synthetic,
VNBL_01218,em bị đau tay do chơi thể thao ở sân trường. (lần kể 2),SAFE,train,synthetic,
VNBL_01219,Em nói bạn Huy ép em phải đưa mật khẩu tài khoản và dọa đánh.,HIGH_RISK,train,synthetic,
VNBL_01220,Dạo này một nhóm bạn thường xuyên đạp vào chân con dưới bàn.,HIGH_RISK,test,synthetic,
VNBL_01221,em không muốn đến trường ngày mai vì chưa làm xong bài tập. (lần kể 2),SAFE,train,synthetic,
VNBL_01222,"Theo lời bé, bạn Linh ép bé phải đưa mật khẩu tài khoản và dọa đánh.",HIGH_RISK,validation,synthetic,
VNBL_01223,Em nói mỗi giờ ra chơi em bị một nhóm bạn đánh ở sân trường.,HIGH_RISK,test,synthetic,
VNBL_01224,Em bị đau tay do chơi thể thao trên xe đưa đón.... (lần kể 2),SAFE,train,synthetic,
VNBL_01225,Bé kể rằng em sợ giờ ra chơi vì các bạn hay vây quanh trêu chọc.,RISK,validation,synthetic,
VNBL_01226,Em nói em không dám kể với cô vì sợ bị các bạn ghét hơn....,RISK,train,synthetic,
VNBL_01227,"Bạn Linh nói câu đùa làm em khó chịu, sau đó bạn đã xin lỗi.",SAFE,train,synthetic,
VNBL_01228,Bé kể rằng em bị ép làm việc em không muốn và bị đe dọa nếu từ chối....,HIGH_RISK,train,synthetic,
VNBL_01229,"bạn Khánh nói câu đùa làm em khó chịu, sau đó bạn đã xin lỗi.",SAFE,test,synthetic,
VNBL_01230,Em với bạn Nam giành bóng khi chơi rồi tiếp tục chơi bình thường. (lần kể 2),SAFE,train,synthetic,
VNBL_01231,"em bị ngã trên xe đưa đón khi đang chạy, không có ai xô em. ạ (lần kể 2)",SAFE,train,synthetic,
VNBL_01232,"Theo lời bé, bạn Linh ép bé phải đưa mật khẩu tài khoản và dọa đánh. ạ",HIGH_RISK,train,synthetic,
VNBL_01233,"Theo lời bé, bé thường bị xô vai và chọc ghẹo khi đi qua hành lang....",RISK,train,synthetic,
VNBL_01234,các bạn không cho bé chơi cùng ở sân trường.,RISK,test,synthetic,
VNBL_01235,em thấy hai bạn khác cãi nhau nhưng bé không liên quan. ạ,SAFE,train,synthetic,
VNBL_01236,Em nói tuần này em bị một nhóm bạn đánh ở sân trường.,HIGH_RISK,train,synthetic,
VNBL_01237,Con nói là có bạn bắt em làm bài hộ nếu không sẽ nói xấu em....,RISK,validation,synthetic,
VNBL_01238,Dạo này mấy bạn thường xuyên cười nhạo bé trước lớp....,RISK,train,synthetic,
VNBL_01239,bạn Vy vô tình va vào em ở sân trường rồi xin lỗi.,SAFE,train,synthetic,
VNBL_01240,Bạn Phúc vô tình va vào con trong giờ ra chơi rồi xin lỗi.,SAFE,train,synthetic,
VNBL_01241,"bạn Vy nói câu đùa làm em khó chịu, sau đó bạn đã xin lỗi. (lần kể 2)",SAFE,train,synthetic,
VNBL_01242,Dạo này em thường bị xô vai và chọc ghẹo khi đi qua hành lang....,RISK,train,synthetic,
VNBL_01243,bé kể rằng các bạn không cho em chơi cùng lúc tan học.,RISK,train,synthetic,
VNBL_01244,"Theo lời bé, gần đây em bị một nhóm bạn đánh trong giờ ra chơi.",HIGH_RISK,train,synthetic,
VNBL_01245,Dạo này có bạn dọa làm con bị thương nếu em không làm theo....,HIGH_RISK,train,synthetic,
VNBL_01246,Dạo này bạn Khánh nhắn tin xúc phạm con liên tục.,RISK,train,synthetic,
VNBL_01247,bạn Mai vô tình va vào con trên xe đưa đón rồi xin lỗi.,SAFE,test,synthetic,
VNBL_01248,Dạo này hôm qua em bị một nhóm bạn đánh ở lớp.,HIGH_RISK,train,synthetic,
VNBL_01249,bạn Hà nhắn tin xúc phạm em liên tục. ạ,RISK,train,synthetic,
VNBL_01250,"Bạn Phúc nói câu đùa làm bé khó chịu, sau đó bạn đã xin lỗi.",SAFE,validation,synthetic,
VNBL_01251,"theo lời bé, mấy bạn chặn đường con lúc tan học để đánh.",HIGH_RISK,test,synthetic,
VNBL_01252,bé kể rằng em không dám kể với cô vì sợ bị các bạn ghét hơn. ạ,RISK,train,synthetic,
VNBL_01253,dạo này bé bị ép làm việc em không muốn và bị đe dọa nếu từ chối.,HIGH_RISK,train,synthetic,
VNBL_01254,bạn Linh vô tình va vào em trong giờ ra chơi rồi xin lỗi....,SAFE,train,synthetic,
VNBL_01255,"Theo lời bé, tuần này em bị một nhóm bạn đánh ở lớp.",HIGH_RISK,train,synthetic,
VNBL_01256,"Em bị ngã ở sân trường khi đang chạy, ko có ai xô bé.",SAFE,train,synthetic,
VNBL_01257,Bé kể rằng em có vết bầm vì bị bạn đánh trên xe đưa đón.,HIGH_RISK,train,synthetic,
VNBL_01258,Bạn Mai mượn bút của em và đã trả lại. ạ (lần kể 2),SAFE,validation,synthetic,
VNBL_01259,Em bị đau tay do chơi thể thao ở lớp. ạ (lần kể 2),SAFE,test,synthetic,
VNBL_01260,em nói em bị giữ tay để một bạn khác đánh.,HIGH_RISK,validation,synthetic,
VNBL_01261,Bạn Minh vô tình va vào em trên xe đưa đón rồi xin lỗi. ạ,SAFE,validation,synthetic,
VNBL_01262,Dạo này bạn Khánh lấy đồ của em rồi ko chịu trả.,RISK,train,synthetic,
VNBL_01263,"theo lời bé, bạn Mai lấy đồ của em rồi không chịu trả.",RISK,train,synthetic,
VNBL_01264,bé kể rằng em bị chặn ở cổng trường và cướp tiền.,HIGH_RISK,train,synthetic,
VNBL_01265,"Theo lời bé, con có vết bầm vì bị bạn đánh trên xe đưa đón.",HIGH_RISK,train,synthetic,
VNBL_01266,"theo lời bé, mấy hôm nay em bị một nhóm bạn đánh ngoài hành lang.",HIGH_RISK,train,synthetic,
VNBL_01267,"Theo lời bé, bạn Linh lấy đồ của bé rồi không chịu trả.",RISK,train,synthetic,
VNBL_01268,bé bị chửi và xúc phạm ở sân trường.,RISK,train,synthetic,
VNBL_01269,"Em bị ngã ở sân trường khi đang chạy, không có ai xô bé.",SAFE,train,synthetic,
VNBL_01270,bạn Phúc dọa sẽ đánh em nếu em kể với cô.,HIGH_RISK,train,synthetic,
VNBL_01271,Con nói là bạn An đấm con vào người.,HIGH_RISK,validation,synthetic,
VNBL_01272,"em bị ngã lúc tan học khi đang chạy, không có ai xô con.",SAFE,train,synthetic,
VNBL_01273,"Theo lời bé, gần đây em bị một nhóm bạn đánh trên xe đưa đón.",HIGH_RISK,train,synthetic,
VNBL_01274,Dạo này mấy bạn thường xuyên cười nhạo bé trước lớp.,RISK,train,synthetic,
VNBL_01275,"theo lời bé, các bạn cố tình làm hỏng đồ dùng của em.",RISK,test,synthetic,
VNBL_01276,Dạo này bé không muốn đi học vì sợ gặp nhóm bạn trong lớp.,RISK,validation,synthetic,
VNBL_01277,Bạn Trang vô tình va vào bé trên xe đưa đón rồi xin lỗi.,SAFE,train,synthetic,
VNBL_01278,bé bị xô xuống cầu thang nhưng may em bám được tay vịn.,HIGH_RISK,train,synthetic,
VNBL_01279,Em nói bạn Khánh đấm em vào người....,HIGH_RISK,validation,synthetic,
VNBL_01280,Con nói là có bạn dọa làm bé bị thương nếu em ko làm theo.,HIGH_RISK,train,synthetic,
VNBL_01281,Bạn Trang mượn bút của em và đã trả lại. (lần kể 2),SAFE,train,synthetic,
VNBL_01282,Dạo này có bạn dọa làm con bị thương nếu em không làm theo.,HIGH_RISK,train,synthetic,
VNBL_01283,Bạn Mai vô tình va vào em ngoài hành lang rồi xin lỗi....,SAFE,train,synthetic,
VNBL_01284,Bạn Linh vô tình va vào bé trên xe đưa đón rồi xin lỗi.,SAFE,test,synthetic,
VNBL_01285,em thấy hai bạn khác cãi nhau nhưng bé ko liên quan.,SAFE,train,synthetic,
VNBL_01286,Em nói bé bị kéo tóc và xô ngã.,HIGH_RISK,train,synthetic,
VNBL_01287,Em nói tuần này các bạn cứ gọi em bằng biệt danh em không thích....,RISK,validation,synthetic,
VNBL_01288,con bị tát nhiều lần trên xe đưa đón.,HIGH_RISK,test,synthetic,
VNBL_01289,dạo này ngày nào họ cũng trêu em dù em đã bảo dừng.,RISK,train,synthetic,
VNBL_01290,bé kể rằng mấy bạn ném đồ cứng vào em và cười.,HIGH_RISK,train,synthetic,
VNBL_01291,em bị đánh nhiều lần trong tuần này.,HIGH_RISK,train,synthetic,
VNBL_01292,Hôm nay em làm rơi hộp bút và bạn đã nhặt giúp. ạ (lần kể 2),SAFE,train,synthetic,
VNBL_01293,"bạn Lan nói câu đùa làm em khó chịu, sau đó bạn đã xin lỗi. (lần kể 2)",SAFE,train,synthetic,
VNBL_01294,một số bạn tung tin sai về bé trong lớp.,RISK,train,synthetic,
VNBL_01295,Bé kể rằng các bạn cố tình làm hỏng đồ dùng của bé.,RISK,test,synthetic,
VNBL_01296,Dạo này bạn Hà ép con phải đưa mật khẩu tài khoản và dọa đánh.,HIGH_RISK,train,synthetic,
VNBL_01297,Dạo này em sợ giờ ra chơi vì các bạn hay vây quanh trêu chọc. ạ,RISK,train,synthetic,
VNBL_01298,Bé kể rằng ngày nào họ cũng trêu con dù em đã bảo dừng.,RISK,validation,synthetic,
VNBL_01299,em và bạn Linh tranh luận một chút rồi đã làm hòa.,SAFE,test,synthetic,
VNBL_01300,Dạo này bạn Hà dọa sẽ đánh em nếu em kể với cô. ạ,HIGH_RISK,train,synthetic,
VNBL_01301,"Theo lời bé, các bạn đá em khi em ngã xuống. ạ",HIGH_RISK,train,synthetic,
VNBL_01302,em nói các bạn chế ảnh của em rồi gửi vào nhóm lớp....,RISK,train,synthetic,
VNBL_01303,Dạo này bạn Vy dọa sẽ đánh em nếu em kể với cô.,HIGH_RISK,train,synthetic,
VNBL_01304,Bé kể rằng em bị giữ tay để một bạn khác đánh.,HIGH_RISK,test,synthetic,
VNBL_01305,"em bị ngã trên xe đưa đón khi đang chạy, không có ai xô con. (lần kể 2)",SAFE,train,synthetic,
VNBL_01306,"Theo lời bé, mấy bạn thường xuyên cười nhạo em trước lớp.",RISK,validation,synthetic,
VNBL_01307,Con nói là bạn Hà nhắn tin xúc phạm em liên tục. ạ,RISK,train,synthetic,
VNBL_01308,"theo lời bé, em không dám kể với cô vì sợ bị các bạn ghét hơn.",RISK,test,synthetic,
VNBL_01309,dạo này các bạn đá con khi em ngã xuống.,HIGH_RISK,train,synthetic,
VNBL_01310,các bạn không cho em chơi cùng trên xe đưa đón.,RISK,train,synthetic,
VNBL_01311,bạn Vy lấy đồ của em rồi không chịu trả.,RISK,train,synthetic,
VNBL_01312,em thường bị xô vai và chọc ghẹo khi đi qua hành lang....,RISK,validation,synthetic,
VNBL_01313,Con nói là một số bạn tung tin sai về em trong lớp.,RISK,train,synthetic,
VNBL_01314,"Bạn Mai nói câu đùa làm em khó chịu, sau đó bạn đã xin lỗi....",SAFE,train,synthetic,
VNBL_01315,Bạn Vy vô tình va vào em ngoài hành lang rồi xin lỗi. (lần kể 2),SAFE,train,synthetic,
VNBL_01316,dạo này có người đăng bài bêu xấu em trên mạng.,RISK,train,synthetic,
VNBL_01317,em nói mỗi giờ ra chơi các bạn cứ gọi em bằng biệt danh em không thích.,RISK,train,synthetic,
VNBL_01318,các bạn không cho em chơi cùng lúc tan học. ạ,RISK,train,synthetic,
VNBL_01319,Con nói là ngày nào họ cũng trêu bé dù em đã bảo dừng.,RISK,train,synthetic,
VNBL_01320,Con nói là có bạn dọa làm em bị thương nếu em không làm theo....,HIGH_RISK,train,synthetic,
VNBL_01321,bạn Minh mượn bút của em và đã trả lại.,SAFE,train,synthetic,
VNBL_01322,"em bị ngã ngoài hành lang khi đang chạy, ko có ai xô em. (lần kể 2)",SAFE,train,synthetic,
VNBL_01323,Bé kể rằng một nhóm bạn lấy tiền của em và dọa ko được nói với bố mẹ. ạ,HIGH_RISK,train,synthetic,
VNBL_01324,"Theo lời bé, bạn Lan dọa sẽ đánh em nếu em kể với cô.",HIGH_RISK,train,synthetic,
VNBL_01325,"Theo lời bé, bạn An ép con phải đưa mật khẩu tài khoản và dọa đánh.",HIGH_RISK,train,synthetic,
VNBL_01326,"Bạn Minh nói câu đùa làm con khó chịu, sau đó bạn đã xin lỗi. ạ",SAFE,train,synthetic,
VNBL_01327,hôm qua em đi học bình thường và chơi với các bạn.,SAFE,train,synthetic,
VNBL_01328,Em nói con bị giữ tay để một bạn khác đánh.,HIGH_RISK,train,synthetic,
VNBL_01329,Bạn Vy vô tình va vào con trên xe đưa đón rồi xin lỗi.,SAFE,train,synthetic,
VNBL_01330,Dạo này bạn Huy đấm bé vào người.,HIGH_RISK,train,synthetic,
VNBL_01331,Bé kể rằng con bị chửi và xúc phạm ngoài hành lang.,RISK,train,synthetic,
VNBL_01332,Nhóm của con không chọn ý tưởng của em nhưng mọi người vẫn làm việc cùng nhau....,SAFE,test,synthetic,
VNBL_01333,Em nói mấy hôm nay em bị một nhóm bạn đánh ở sân trường.,HIGH_RISK,train,synthetic,
VNBL_01334,Dạo này có bạn bắt em làm bài hộ nếu không sẽ nói xấu em.,RISK,train,synthetic,
VNBL_01335,Bé kể rằng bạn Nam nhắn tin xúc phạm em liên tục.,RISK,validation,synthetic,
VNBL_01336,Con nói là bạn Lan nhắn tin xúc phạm con liên tục.,RISK,validation,synthetic,
VNBL_01337,Em nói bạn Trang lấy đồ của em rồi không chịu trả.,RISK,validation,synthetic,
VNBL_01338,Em nói bạn Minh ép em phải đưa mật khẩu tài khoản và dọa đánh....,HIGH_RISK,train,synthetic,
VNBL_01339,"Theo lời bé, có bạn dọa làm bé bị thương nếu em không làm theo.",HIGH_RISK,validation,synthetic,
VNBL_01340,Em đọc một bài báo nói về bạo lực học đường. ạ,SAFE,train,synthetic,
VNBL_01341,em nói em có vết bầm vì bị bạn đánh trong giờ ra chơi.,HIGH_RISK,validation,synthetic,
VNBL_01342,mấy hôm nay em đi học bình thường và chơi với các bạn.,SAFE,train,synthetic,
VNBL_01343,Bạn Huy vô tình va vào em ở sân trường rồi xin lỗi.,SAFE,train,synthetic,
VNBL_01344,Bé kể rằng các bạn quay video lúc em khóc rồi gửi cho nhau. ạ,RISK,train,synthetic,
VNBL_01345,Dạo này bạn An đấm em vào người.,HIGH_RISK,train,synthetic,
VNBL_01346,"Bạn Linh nói câu đùa làm bé khó chịu, sau đó bạn đã xin lỗi....",SAFE,train,synthetic,
VNBL_01347,Em nói cả nhóm cố tình không cho em ngồi cùng.,RISK,test,synthetic,
VNBL_01348,Con nói là các bạn không cho em chơi cùng trong giờ ra chơi.,RISK,train,synthetic,
VNBL_01349,Bé kể rằng các bạn cố tình làm hỏng đồ dùng của em....,RISK,train,synthetic,
VNBL_01350,Bạn Nam vô tình va vào con trong giờ ra chơi rồi xin lỗi.,SAFE,validation,synthetic,
VNBL_01351,Em nói bạn Minh nhắn tin xúc phạm em liên tục.,RISK,train,synthetic,
VNBL_01352,dạo này bạn Khánh nhắn tin xúc phạm em liên tục.,RISK,test,synthetic,
VNBL_01353,dạo này có bạn bắt con làm bài hộ nếu ko sẽ nói xấu em.,RISK,train,synthetic,
VNBL_01354,bạn Trang vô tình va vào em ở sân trường rồi xin lỗi. (lần kể 2),SAFE,train,synthetic,
VNBL_01355,Con nói là có bạn thường xuyên nói xấu em với các bạn khác. ạ,RISK,validation,synthetic,
VNBL_01356,Con nói là các bạn quay video lúc đánh bé rồi gửi vào nhóm.,HIGH_RISK,train,synthetic,
VNBL_01357,Em nói bạn Hà nhắn tin xúc phạm em liên tục.,RISK,test,synthetic,
VNBL_01358,Em nói có người đăng bài bêu xấu con trên mạng....,RISK,train,synthetic,
VNBL_01359,Bạn Khánh vô tình va vào con ở sân trường rồi xin lỗi.,SAFE,train,synthetic,
VNBL_01360,Bạn Lan mượn bút của bé và đã trả lại. (lần kể 2),SAFE,train,synthetic,
VNBL_01361,em sợ bị cô gọi lên bảng vì chưa thuộc bài. (lần kể 2),SAFE,train,synthetic,
VNBL_01362,"theo lời bé, các bạn không cho con chơi cùng lúc tan học.",RISK,train,synthetic,
VNBL_01363,Bạn Hà vô tình va vào em ở sân trường rồi xin lỗi. ạ,SAFE,train,synthetic,
VNBL_01364,em nói có bạn bắt em làm bài hộ nếu không sẽ nói xấu em.,RISK,test,synthetic,
VNBL_01365,nhóm của em không chọn ý tưởng của em nhưng mọi người vẫn làm việc cùng nhau.,SAFE,train,synthetic,
VNBL_01366,Em nói hôm nay các bạn cứ gọi em bằng biệt danh em không thích.,RISK,train,synthetic,
VNBL_01367,các bạn quay video lúc đánh bé rồi gửi vào nhóm.,HIGH_RISK,train,synthetic,
VNBL_01368,Bạn Linh vô tình va vào con ngoài hành lang rồi xin lỗi.,SAFE,train,synthetic,
VNBL_01369,Em nói cả nhóm cố tình không cho bé ngồi cùng....,RISK,train,synthetic,
VNBL_01370,Em nói bé có vết bầm vì bị bạn đánh trong giờ ra chơi....,HIGH_RISK,train,synthetic,
VNBL_01371,em và bạn Linh tranh luận một chút rồi đã làm hòa. (lần kể 2),SAFE,train,synthetic,
VNBL_01372,"bạn Hà nói câu đùa làm em khó chịu, sau đó bạn đã xin lỗi. ạ",SAFE,validation,synthetic,
VNBL_01373,Dạo này các bạn đá bé khi em ngã xuống.,HIGH_RISK,train,synthetic,
VNBL_01374,gần đây em đi học bình thường và chơi với các bạn.,SAFE,test,synthetic,
VNBL_01375,Bé kể rằng con bị chửi và xúc phạm ở lớp.,RISK,validation,synthetic,
VNBL_01376,em và bạn Lan tranh luận một chút rồi đã làm hòa.,SAFE,train,synthetic,
VNBL_01377,bạn Lan đấm em vào người.,HIGH_RISK,train,synthetic,
VNBL_01378,Em nói bạn Huy lấy đồ của em rồi không chịu trả....,RISK,train,synthetic,
VNBL_01379,Em với bạn Nam giành bóng khi chơi rồi tiếp tục chơi bình thường. ạ (lần kể 2),SAFE,train,synthetic,
VNBL_01380,"bạn Hà nói câu đùa làm bé khó chịu, sau đó bạn đã xin lỗi....",SAFE,train,synthetic,
VNBL_01381,Em nói mỗi giờ ra chơi em bị một nhóm bạn đánh ngoài hành lang.,HIGH_RISK,validation,synthetic,
VNBL_01382,Bạn Linh vô tình va vào con lúc tan học rồi xin lỗi.,SAFE,validation,synthetic,
VNBL_01383,Nhóm của bé ko chọn ý tưởng của em nhưng mọi người vẫn làm việc cùng nhau.,SAFE,train,synthetic,
VNBL_01384,Dạo này các bạn quay video lúc đánh con rồi gửi vào nhóm. ạ,HIGH_RISK,train,synthetic,
VNBL_01385,Dạo này con không dám phát biểu vì các bạn hay cười nhạo.,RISK,test,synthetic,
VNBL_01386,Em thấy hai bạn khác cãi nhau nhưng con ko liên quan.,SAFE,train,synthetic,
VNBL_01387,"Em bị ngã ở lớp khi đang chạy, không có ai xô bé....",SAFE,train,synthetic,
VNBL_01388,Em nói các bạn quay video lúc con khóc rồi gửi cho nhau.,RISK,train,synthetic,
VNBL_01389,Bạn Minh vô tình va vào con ngoài hành lang rồi xin lỗi.,SAFE,validation,synthetic,
VNBL_01390,các bạn cố tình làm hỏng đồ dùng của em. ạ,RISK,test,synthetic,
VNBL_01391,"em bị ngã lúc tan học khi đang chạy, không có ai xô em....",SAFE,test,synthetic,
VNBL_01392,"Em bị ngã ở lớp khi đang chạy, không có ai xô con....",SAFE,train,synthetic,
VNBL_01393,em nói bạn Vy ép em phải đưa mật khẩu tài khoản và dọa đánh.,HIGH_RISK,train,synthetic,
VNBL_01394,Con nói là gần đây em bị một nhóm bạn đánh ở lớp.,HIGH_RISK,train,synthetic,
VNBL_01395,Bạn Linh vô tình va vào con trên xe đưa đón rồi xin lỗi. (lần kể 2),SAFE,train,synthetic,
VNBL_01396,"bạn Minh nói câu đùa làm em khó chịu, sau đó bạn đã xin lỗi....",SAFE,train,synthetic,
VNBL_01397,Con nói là các bạn không cho em chơi cùng trên xe đưa đón.,RISK,validation,synthetic,
VNBL_01398,Bạn Linh vô tình va vào em ở sân trường rồi xin lỗi.,SAFE,train,synthetic,
VNBL_01399,Bạn Huy mượn bút của em và đã trả lại.,SAFE,test,synthetic,
VNBL_01400,Con nói là em không dám phát biểu vì các bạn hay cười nhạo.,RISK,train,synthetic,
VNBL_01401,Bạn Mai vô tình va vào bé trên xe đưa đón rồi xin lỗi....,SAFE,train,synthetic,
VNBL_01402,"Em bị ngã trong giờ ra chơi khi đang chạy, không có ai xô em.... (lần kể 2)",SAFE,test,synthetic,
VNBL_01403,Dạo này em bị đuổi ra khỏi nhóm chat của lớp.,RISK,train,synthetic,
VNBL_01404,Con nói là em bị tát nhiều lần ở sân trường.,HIGH_RISK,test,synthetic,
VNBL_01405,Bạn Hà vô tình va vào em trong giờ ra chơi rồi xin lỗi. (lần kể 2),SAFE,train,synthetic,
VNBL_01406,"theo lời bé, em có vết bầm vì bị bạn đánh trên xe đưa đón.",HIGH_RISK,test,synthetic,
VNBL_01407,"theo lời bé, hôm qua em bị một nhóm bạn đánh trên xe đưa đón.",HIGH_RISK,train,synthetic,
VNBL_01408,Em không muốn đến trường ngày mai vì chưa làm xong bài tập. (lần kể 2),SAFE,train,synthetic,
VNBL_01409,Con nói là bạn Lan lấy đồ của em rồi không chịu trả. ạ,RISK,train,synthetic,
VNBL_01410,dạo này gần đây các bạn cứ gọi em bằng biệt danh em không thích.,RISK,train,synthetic,
VNBL_01411,Bạn Mai vô tình va vào em ngoài hành lang rồi xin lỗi. (lần kể 2),SAFE,validation,synthetic,
VNBL_01412,bé kể rằng em không dám kể với cô vì sợ bị các bạn ghét hơn.,RISK,train,synthetic,
VNBL_01413,"Theo lời bé, bạn Trang lấy đồ của con rồi không chịu trả.",RISK,train,synthetic,
VNBL_01414,"Theo lời bé, em bị loại khỏi các hoạt động của nhóm nhiều lần. ạ",RISK,train,synthetic,
VNBL_01415,bạn Phúc dọa sẽ đánh em nếu em kể với cô. ạ,HIGH_RISK,train,synthetic,
VNBL_01416,Bạn Vy mượn bút của bé và đã trả lại....,SAFE,train,synthetic,
VNBL_01417,em nói các bạn bắt bé đưa tiền mỗi tuần. ạ,HIGH_RISK,train,synthetic,
VNBL_01418,Em nói hôm nay các bạn cứ gọi bé bằng biệt danh em không thích.,RISK,train,synthetic,
VNBL_01419,dạo này mấy bạn thường xuyên cười nhạo con trước lớp.,RISK,test,synthetic,
VNBL_01420,"Bạn Nam nói câu đùa làm em khó chịu, sau đó bạn đã xin lỗi.",SAFE,train,synthetic,
VNBL_01421,bé kể rằng các bạn quay video lúc đánh con rồi gửi vào nhóm.,HIGH_RISK,train,synthetic,
VNBL_01422,"Theo lời bé, hôm qua con bị một nhóm bạn đánh ngoài hành lang.",HIGH_RISK,test,synthetic,
VNBL_01423,Em bị đau tay do chơi thể thao trên xe đưa đón. (lần kể 2),SAFE,test,synthetic,
VNBL_01424,Bé kể rằng có bạn bóp cổ em trong giờ ra chơi....,HIGH_RISK,train,synthetic,
VNBL_01425,"Theo lời bé, em bị tát nhiều lần trong giờ ra chơi.",HIGH_RISK,train,synthetic,
VNBL_01426,Bạn Nam vô tình va vào em ở lớp rồi xin lỗi.,SAFE,train,synthetic,
VNBL_01427,Con nói là bạn Lan ép em phải đưa mật khẩu tài khoản và dọa đánh....,HIGH_RISK,test,synthetic,
VNBL_01428,Bạn Nam vô tình va vào em trên xe đưa đón rồi xin lỗi. (lần kể 2),SAFE,validation,synthetic,
VNBL_01429,Em nói có bạn thường xuyên nói xấu bé với các bạn khác.,RISK,test,synthetic,
VNBL_01430,mỗi giờ ra chơi các bạn cứ gọi em bằng biệt danh em không thích....,RISK,train,synthetic,
VNBL_01431,bạn Huy mượn bút của em và đã trả lại. (lần kể 2),SAFE,train,synthetic,
VNBL_01432,em và bạn Mai tranh luận một chút rồi đã làm hòa. ạ (lần kể 2),SAFE,train,synthetic,
VNBL_01433,bạn Hà vô tình va vào em ngoài hành lang rồi xin lỗi....,SAFE,test,synthetic,
VNBL_01434,gần đây con bị một nhóm bạn đánh ở lớp.,HIGH_RISK,test,synthetic,
VNBL_01435,Con nói là một nhóm bạn thường xuyên đạp vào chân em dưới bàn.,HIGH_RISK,train,synthetic,
VNBL_01436,Con nói là bé bị ép đưa đồ ăn và tiền cho các bạn.,HIGH_RISK,train,synthetic,
VNBL_01437,Em nói bạn An đấm em vào người....,HIGH_RISK,train,synthetic,
VNBL_01438,bạn An dọa sẽ đánh em nếu em kể với cô....,HIGH_RISK,train,synthetic,
VNBL_01439,bạn Phúc vô tình va vào em lúc tan học rồi xin lỗi.,SAFE,train,synthetic,
VNBL_01440,Bạn Mai vô tình va vào em trên xe đưa đón rồi xin lỗi. ạ,SAFE,train,synthetic,
VNBL_01441,dạo này em có vết bầm vì bị bạn đánh ngoài hành lang. ạ,HIGH_RISK,validation,synthetic,
VNBL_01442,Bé kể rằng cả nhóm cố tình ko cho em ngồi cùng. ạ,RISK,train,synthetic,
VNBL_01443,Dạo này các bạn cố tình làm hỏng đồ dùng của em....,RISK,test,synthetic,
VNBL_01444,bạn Hà vô tình va vào em lúc tan học rồi xin lỗi. (lần kể 2),SAFE,train,synthetic,
VNBL_01445,Em và bạn Nam tranh luận một chút rồi đã làm hòa. (lần kể 2),SAFE,train,synthetic,
VNBL_01446,Con nói là ngày nào họ cũng trêu em dù em đã bảo dừng....,RISK,test,synthetic,
VNBL_01447,Dạo này các bạn ko cho em chơi cùng trong giờ ra chơi.,RISK,train,synthetic,
VNBL_01448,dạo này bé bị loại khỏi các hoạt động của nhóm nhiều lần.,RISK,train,synthetic,
VNBL_01449,Con nói là em bị tát nhiều lần trên xe đưa đón.,HIGH_RISK,validation,synthetic,
VNBL_01450,Em nói con bị chửi và xúc phạm ngoài hành lang.,RISK,train,synthetic,
VNBL_01451,dạo này bạn An đấm em vào người.,HIGH_RISK,train,synthetic,
VNBL_01452,dạo này con thường bị xô vai và chọc ghẹo khi đi qua hành lang.,RISK,train,synthetic,
VNBL_01453,Bạn Huy vô tình va vào con lúc tan học rồi xin lỗi.,SAFE,train,synthetic,
VNBL_01454,bạn Vy vô tình va vào em ở lớp rồi xin lỗi. (lần kể 2),SAFE,train,synthetic,
VNBL_01455,Dạo này một nhóm bạn lấy tiền của con và dọa ko được nói với bố mẹ.,HIGH_RISK,test,synthetic,
VNBL_01456,Em nói em bị chửi và xúc phạm trong giờ ra chơi....,RISK,train,synthetic,
VNBL_01457,Dạo này hôm nay các bạn cứ gọi em bằng biệt danh em ko thích.,RISK,train,synthetic,
VNBL_01458,"Theo lời bé, một nhóm bạn lấy tiền của em và dọa không được nói với bố mẹ.",HIGH_RISK,train,synthetic,
VNBL_01459,Em nói con bị ép làm việc em không muốn và bị đe dọa nếu từ chối....,HIGH_RISK,validation,synthetic,
VNBL_01460,Em nói bạn Vy đấm em vào người.,HIGH_RISK,train,synthetic,
VNBL_01461,Em nói em không dám kể với cô vì sợ bị các bạn ghét hơn. ạ,RISK,train,synthetic,
VNBL_01462,Em nói bạn Minh lấy đồ của em rồi không chịu trả.,RISK,train,synthetic,
VNBL_01463,dạo này một số bạn tung tin sai về bé trong lớp.,RISK,train,synthetic,
VNBL_01464,Bé kể rằng hôm qua em bị một nhóm bạn đánh ở sân trường.,HIGH_RISK,train,synthetic,
VNBL_01465,bạn Huy đấm con vào người.,HIGH_RISK,test,synthetic,
VNBL_01466,con nói là em bị ép làm việc em ko muốn và bị đe dọa nếu từ chối....,HIGH_RISK,validation,synthetic,
VNBL_01467,"theo lời bé, em bị chửi và xúc phạm ở lớp. ạ",RISK,train,synthetic,
VNBL_01468,bạn Vy nhắn tin xúc phạm con liên tục.,RISK,train,synthetic,
VNBL_01469,bạn Minh nhắn tin xúc phạm con liên tục.,RISK,train,synthetic,
VNBL_01470,Em nói bạn Khánh nhắn tin xúc phạm em liên tục....,RISK,train,synthetic,
VNBL_01471,"Bạn Lan nói câu đùa làm bé khó chịu, sau đó bạn đã xin lỗi.",SAFE,test,synthetic,
VNBL_01472,em nói bạn Mai đấm em vào người.,HIGH_RISK,train,synthetic,
VNBL_01473,Bạn Linh vô tình va vào em ở lớp rồi xin lỗi....,SAFE,train,synthetic,
VNBL_01474,bé kể rằng các bạn chế ảnh của em rồi gửi vào nhóm lớp.,RISK,test,synthetic,
VNBL_01475,Bạn Hà vô tình va vào con lúc tan học rồi xin lỗi.,SAFE,train,synthetic,
VNBL_01476,em nói bé bị tát nhiều lần trong giờ ra chơi.,HIGH_RISK,train,synthetic,
VNBL_01477,Em bị đau tay do chơi thể thao lúc tan học. (lần kể 2),SAFE,train,synthetic,
VNBL_01478,"em bị ngã trên xe đưa đón khi đang chạy, không có ai xô em.... (lần kể 2)",SAFE,train,synthetic,
VNBL_01479,Bé kể rằng tuần này em bị một nhóm bạn đánh lúc tan học.,HIGH_RISK,test,synthetic,
VNBL_01480,dạo này mấy hôm nay em bị một nhóm bạn đánh ngoài hành lang.,HIGH_RISK,test,synthetic,
VNBL_01481,bé kể rằng mấy bạn thường xuyên cười nhạo em trước lớp.,RISK,train,synthetic,
VNBL_01482,Bạn Mai mượn bút của em và đã trả lại....,SAFE,validation,synthetic,
VNBL_01483,Bạn Nam vô tình va vào em ở lớp rồi xin lỗi....,SAFE,train,synthetic,
VNBL_01484,Dạo này mấy hôm nay em bị một nhóm bạn đánh ở lớp.,HIGH_RISK,validation,synthetic,
VNBL_01485,Em với bạn Trang giành bóng khi chơi rồi tiếp tục chơi bình thường.,SAFE,train,synthetic,
VNBL_01486,Dạo này các bạn không cho em chơi cùng trong giờ ra chơi....,RISK,train,synthetic,
VNBL_01487,Em bị đau tay do chơi thể thao ở lớp. (lần kể 2),SAFE,test,synthetic,
VNBL_01488,gần đây con đi học bình thường và chơi với các bạn....,SAFE,train,synthetic,
VNBL_01489,Em nói em bị xô xuống cầu thang nhưng may em bám được tay vịn. ạ,HIGH_RISK,train,synthetic,
VNBL_01490,Bạn Huy vô tình va vào em ở sân trường rồi xin lỗi. ạ (lần kể 2),SAFE,validation,synthetic,
VNBL_01491,các bạn bắt em đưa tiền mỗi tuần. ạ,HIGH_RISK,train,synthetic,
VNBL_01492,Em nói có bạn thường xuyên nói xấu em với các bạn khác.,RISK,train,synthetic,
VNBL_01493,em nói bạn Linh lấy đồ của em rồi không chịu trả.,RISK,train,synthetic,
VNBL_01494,"Theo lời bé, con bị tát nhiều lần ở sân trường.",HIGH_RISK,train,synthetic,
VNBL_01495,"Theo lời bé, có bạn bắt bé làm bài hộ nếu không sẽ nói xấu em.",RISK,train,synthetic,
VNBL_01496,con cảm thấy bị cô lập vì ko ai trong nhóm chịu nói chuyện với em.,RISK,train,synthetic,
VNBL_01497,Dạo này em bị giấu cặp sách và đồ dùng học tập....,RISK,train,synthetic,
VNBL_01498,Bạn Phúc vô tình va vào em ở sân trường rồi xin lỗi. (lần kể 2),SAFE,test,synthetic,
VNBL_01499,"theo lời bé, bé không muốn đi học vì sợ gặp nhóm bạn trong lớp.",RISK,train,synthetic,
VNBL_01500,Con nói là con bị tát nhiều lần lúc tan học.,HIGH_RISK,train,synthetic,
VNBL_01501,"Theo lời bé, các bạn quay video lúc em khóc rồi gửi cho nhau.",RISK,train,synthetic,
VNBL_01502,"bạn Trang nói câu đùa làm bé khó chịu, sau đó bạn đã xin lỗi. (lần kể 2)",SAFE,train,synthetic,
VNBL_01503,Con nói là các bạn chế ảnh của em rồi gửi vào nhóm lớp.,RISK,validation,synthetic,
VNBL_01504,Em bị đau tay do chơi thể thao lúc tan học....,SAFE,train,synthetic,
VNBL_01505,Bạn Hà vô tình va vào em trong giờ ra chơi rồi xin lỗi. ạ,SAFE,validation,synthetic,
VNBL_01506,Con nói là cả nhóm cố tình không cho bé ngồi cùng.,RISK,train,synthetic,
VNBL_01507,bạn Trang vô tình va vào con trong giờ ra chơi rồi xin lỗi.,SAFE,train,synthetic,
VNBL_01508,Bạn An vô tình va vào em trong giờ ra chơi rồi xin lỗi. (lần kể 2),SAFE,train,synthetic,
VNBL_01509,"Theo lời bé, em bị chửi và xúc phạm ngoài hành lang.",RISK,test,synthetic,
VNBL_01510,Bé kể rằng em bị đánh nhiều lần trong tuần này....,HIGH_RISK,train,synthetic,
VNBL_01511,Bé kể rằng ngày nào họ cũng trêu con dù em đã bảo dừng....,RISK,train,synthetic,
VNBL_01512,Bạn Lan mượn bút của bé và đã trả lại.,SAFE,train,synthetic,
VNBL_01513,Dạo này cả nhóm cố tình không cho bé ngồi cùng.,RISK,test,synthetic,
VNBL_01514,Dạo này bé bị chửi và xúc phạm trên xe đưa đón.,RISK,train,synthetic,
VNBL_01515,dạo này em ko muốn đi học vì sợ gặp nhóm bạn trong lớp.,RISK,train,synthetic,
VNBL_01516,Em với bạn Phúc giành bóng khi chơi rồi tiếp tục chơi bình thường. ạ,SAFE,train,synthetic,
VNBL_01517,Con nói là các bạn bắt em đưa tiền mỗi tuần. ạ,HIGH_RISK,train,synthetic,
VNBL_01518,em nói bạn Hà lấy đồ của bé rồi không chịu trả.,RISK,train,synthetic,
VNBL_01519,Dạo này bé bị chửi và xúc phạm ngoài hành lang.,RISK,train,synthetic,
VNBL_01520,"Theo lời bé, mỗi giờ ra chơi em bị một nhóm bạn đánh trong giờ ra chơi.",HIGH_RISK,train,synthetic,
VNBL_01521,"Theo lời bé, bạn Hà lấy đồ của em rồi không chịu trả.",RISK,train,synthetic,
VNBL_01522,bạn Mai vô tình va vào em trong giờ ra chơi rồi xin lỗi. ạ,SAFE,train,synthetic,
VNBL_01523,dạo này các bạn không cho bé chơi cùng trên xe đưa đón.,RISK,train,synthetic,
VNBL_01524,gần đây các bạn cứ gọi em bằng biệt danh em không thích....,RISK,train,synthetic,
VNBL_01525,"theo lời bé, con bị ép đưa đồ ăn và tiền cho các bạn.",HIGH_RISK,train,synthetic,
VNBL_01526,Dạo này em bị tát nhiều lần trong giờ ra chơi....,HIGH_RISK,test,synthetic,
VNBL_01527,dạo này bé có vết bầm vì bị bạn đánh trong giờ ra chơi.,HIGH_RISK,train,synthetic,
VNBL_01528,"em bị ngã trong giờ ra chơi khi đang chạy, không có ai xô bé.",SAFE,train,synthetic,
VNBL_01529,em với bạn Hà giành bóng khi chơi rồi tiếp tục chơi bình thường. ạ,SAFE,validation,synthetic,
VNBL_01530,Bé kể rằng em không dám kể với cô vì sợ bị các bạn ghét hơn.,RISK,train,synthetic,
VNBL_01531,Bé kể rằng các bạn không cho con chơi cùng ngoài hành lang.,RISK,test,synthetic,
VNBL_01532,Em nói có bạn bóp cổ con trong giờ ra chơi.,HIGH_RISK,validation,synthetic,
VNBL_01533,Bạn Minh vô tình va vào em trên xe đưa đón rồi xin lỗi....,SAFE,train,synthetic,
VNBL_01534,Em nói bạn Phúc dọa sẽ đánh em nếu em kể với cô....,HIGH_RISK,train,synthetic,
VNBL_01535,em nói bạn Phúc ép em phải đưa mật khẩu tài khoản và dọa đánh.,HIGH_RISK,train,synthetic,
VNBL_01536,"theo lời bé, em không muốn đi học vì sợ gặp nhóm bạn trong lớp.",RISK,test,synthetic,
VNBL_01537,Dạo này bạn Lan ép em phải đưa mật khẩu tài khoản và dọa đánh....,HIGH_RISK,train,synthetic,
VNBL_01538,Bé kể rằng bạn Phúc đấm em vào người.,HIGH_RISK,train,synthetic,
VNBL_01539,Dạo này bạn Nam ép em phải đưa mật khẩu tài khoản và dọa đánh.,HIGH_RISK,train,synthetic,
VNBL_01540,Em nói có người đăng bài bêu xấu bé trên mạng.,RISK,test,synthetic,
VNBL_01541,"theo lời bé, em bị tát nhiều lần trong giờ ra chơi.",HIGH_RISK,train,synthetic,
VNBL_01542,Em với bạn Khánh giành bóng khi chơi rồi tiếp tục chơi bình thường. (lần kể 2),SAFE,train,synthetic,
VNBL_01543,em nói em bị đánh nhiều lần trong tuần này....,HIGH_RISK,train,synthetic,
VNBL_01544,Con nói là em bị tát nhiều lần ngoài hành lang.,HIGH_RISK,test,synthetic,
VNBL_01545,"Theo lời bé, bạn Vy nhắn tin xúc phạm em liên tục. ạ",RISK,train,synthetic,
VNBL_01546,Nhóm của bé không chọn ý tưởng của em nhưng mọi người vẫn làm việc cùng nhau.,SAFE,validation,synthetic,
VNBL_01547,Em nói bạn An nhắn tin xúc phạm em liên tục....,RISK,validation,synthetic,
VNBL_01548,con nói là em bị loại khỏi các hoạt động của nhóm nhiều lần....,RISK,validation,synthetic,
VNBL_01549,con nói là em bị ép đưa đồ ăn và tiền cho các bạn.,HIGH_RISK,train,synthetic,
VNBL_01550,con nói là một nhóm bạn thường xuyên đạp vào chân bé dưới bàn.,HIGH_RISK,validation,synthetic,
VNBL_01551,tuần này em đi học bình thường và chơi với các bạn. ạ,SAFE,train,synthetic,
VNBL_01552,Bạn Trang vô tình va vào con trên xe đưa đón rồi xin lỗi.,SAFE,train,synthetic,
VNBL_01553,Con nói là hôm nay em bị một nhóm bạn đánh ở sân trường.,HIGH_RISK,train,synthetic,
VNBL_01554,Nhóm của em không chọn ý tưởng của em nhưng mọi người vẫn làm việc cùng nhau.,SAFE,validation,synthetic,
VNBL_01555,Dạo này họ dọa sẽ tiếp tục đánh nếu con báo với người lớn....,HIGH_RISK,train,synthetic,
VNBL_01556,em nói có bạn bóp cổ em trong giờ ra chơi.,HIGH_RISK,test,synthetic,
VNBL_01557,Hôm nay lớp bé học về chủ đề phòng chống bắt nạt học đường....,SAFE,train,synthetic,
VNBL_01558,một nhóm bạn lấy tiền của con và dọa không được nói với bố mẹ.,HIGH_RISK,train,synthetic,
VNBL_01559,Con nói là bé không muốn đi học vì sợ gặp nhóm bạn trong lớp.,RISK,test,synthetic,
VNBL_01560,"Theo lời bé, mấy bạn chặn đường em lúc tan học để đánh. ạ",HIGH_RISK,train,synthetic,
VNBL_01561,"em bị ngã ở sân trường khi đang chạy, ko có ai xô em.",SAFE,train,synthetic,
VNBL_01562,"Theo lời bé, em không dám phát biểu vì các bạn hay cười nhạo. ạ",RISK,test,synthetic,
VNBL_01563,Lớp bé xem video hướng dẫn cách báo với người lớn khi bị bắt nạt.,SAFE,validation,synthetic,
VNBL_01564,Em và bạn An tranh luận một chút rồi đã làm hòa. (lần kể 2),SAFE,train,synthetic,
VNBL_01565,Bạn Phúc vô tình va vào em ở lớp rồi xin lỗi. ạ (lần kể 2),SAFE,validation,synthetic,
VNBL_01566,con nói là các bạn cố tình làm hỏng đồ dùng của em.,RISK,train,synthetic,
VNBL_01567,Em nói bạn Hà nhắn tin xúc phạm con liên tục.,RISK,validation,synthetic,
VNBL_01568,Dạo này hôm nay các bạn cứ gọi em bằng biệt danh em không thích. ạ,RISK,train,synthetic,
VNBL_01569,Dạo này một số bạn tung tin sai về bé trong lớp. ạ,RISK,train,synthetic,
VNBL_01570,Dạo này có bạn bắt bé làm bài hộ nếu không sẽ nói xấu em.,RISK,train,synthetic,
VNBL_01571,bé kể rằng em có vết bầm vì bị bạn đánh ở lớp.,HIGH_RISK,train,synthetic,
VNBL_01572,cả nhóm cố tình ko cho bé ngồi cùng.,RISK,train,synthetic,
VNBL_01573,Dạo này em bị tát nhiều lần lúc tan học.,HIGH_RISK,test,synthetic,
VNBL_01574,Bé kể rằng em bị tát nhiều lần trên xe đưa đón.,HIGH_RISK,train,synthetic,
VNBL_01575,bé kể rằng con bị loại khỏi các hoạt động của nhóm nhiều lần.,RISK,validation,synthetic,
VNBL_01576,Con nói là các bạn đá em khi em ngã xuống. ạ,HIGH_RISK,train,synthetic,
VNBL_01577,Dạo này cả nhóm cố tình không cho em ngồi cùng.,RISK,train,synthetic,
VNBL_01578,"Em bị ngã ở lớp khi đang chạy, không có ai xô bé.",SAFE,validation,synthetic,
VNBL_01579,em nói mỗi giờ ra chơi em bị một nhóm bạn đánh trong giờ ra chơi.,HIGH_RISK,validation,synthetic,
VNBL_01580,bạn An nhắn tin xúc phạm em liên tục.,RISK,train,synthetic,
VNBL_01581,Bạn Linh vô tình va vào em ngoài hành lang rồi xin lỗi.,SAFE,validation,synthetic,
VNBL_01582,Bé kể rằng bạn Huy nhắn tin xúc phạm bé liên tục.,RISK,validation,synthetic,
VNBL_01583,một số bạn tung tin sai về con trong lớp.,RISK,train,synthetic,
VNBL_01584,Dạo này một nhóm bạn lấy tiền của em và dọa ko được nói với bố mẹ.,HIGH_RISK,train,synthetic,
VNBL_01585,Em nói bạn Vy nhắn tin xúc phạm bé liên tục.,RISK,train,synthetic,
VNBL_01586,"Theo lời bé, em bị đuổi ra khỏi nhóm chat của lớp....",RISK,train,synthetic,
VNBL_01587,bạn Hà vô tình va vào con ở sân trường rồi xin lỗi.,SAFE,test,synthetic,
VNBL_01588,dạo này một số bạn tung tin sai về em trong lớp.,RISK,train,synthetic,
VNBL_01589,"Theo lời bé, tuần này các bạn cứ gọi em bằng biệt danh em ko thích.",RISK,train,synthetic,
VNBL_01590,Bạn Huy vô tình va vào em ngoài hành lang rồi xin lỗi.,SAFE,train,synthetic,
VNBL_01591,Bạn Nam vô tình va vào con ngoài hành lang rồi xin lỗi.,SAFE,train,synthetic,
VNBL_01592,em nói gần đây các bạn cứ gọi em bằng biệt danh em không thích.,RISK,validation,synthetic,
VNBL_01593,Em với bạn An giành bóng khi chơi rồi tiếp tục chơi bình thường.,SAFE,validation,synthetic,
VNBL_01594,Bé kể rằng em bị chửi và xúc phạm trên xe đưa đón.,RISK,validation,synthetic,
VNBL_01595,Bé kể rằng con không dám phát biểu vì các bạn hay cười nhạo.,RISK,train,synthetic,
VNBL_01596,cô giáo đang giải thích thế nào là hành vi cô lập bạn bè. ạ (lần kể 2),SAFE,train,synthetic,
VNBL_01597,con nói là các bạn chế ảnh của bé rồi gửi vào nhóm lớp.,RISK,train,synthetic,
VNBL_01598,mấy bạn ném đồ cứng vào em và cười.,HIGH_RISK,test,synthetic,
VNBL_01599,Dạo này bé bị xô xuống cầu thang nhưng may em bám được tay vịn.,HIGH_RISK,validation,synthetic,
VNBL_01600,dạo này em bị ép đưa đồ ăn và tiền cho các bạn.,HIGH_RISK,test,synthetic,
VNBL_01601,Bạn Hà mượn bút của em và đã trả lại. (lần kể 2),SAFE,train,synthetic,
VNBL_01602,em với bạn An giành bóng khi chơi rồi tiếp tục chơi bình thường. ạ,SAFE,train,synthetic,
VNBL_01603,"Theo lời bé, mấy bạn thường xuyên cười nhạo bé trước lớp.",RISK,train,synthetic,
VNBL_01604,"theo lời bé, em bị chặn ở cổng trường và cướp tiền.",HIGH_RISK,test,synthetic,
VNBL_01605,con nói là bạn Linh nhắn tin xúc phạm em liên tục.,RISK,validation,synthetic,
VNBL_01606,Bạn Mai vô tình va vào em lúc tan học rồi xin lỗi.,SAFE,validation,synthetic,
VNBL_01607,bạn Vy vô tình va vào em ngoài hành lang rồi xin lỗi.,SAFE,train,synthetic,
VNBL_01608,Dạo này bạn Lan lấy đồ của em rồi không chịu trả.,RISK,test,synthetic,
VNBL_01609,Bé kể rằng bạn Linh nhắn tin xúc phạm em liên tục.,RISK,validation,synthetic,
VNBL_01610,Bạn Lan vô tình va vào bé ở sân trường rồi xin lỗi.,SAFE,train,synthetic,
VNBL_01611,dạo này cả nhóm cố tình không cho em ngồi cùng.,RISK,train,synthetic,
VNBL_01612,Em nói bạn Hà nhắn tin xúc phạm bé liên tục.,RISK,train,synthetic,
VNBL_01613,Dạo này con bị chửi và xúc phạm trên xe đưa đón.,RISK,train,synthetic,
VNBL_01614,"Theo lời bé, một số bạn tung tin sai về bé trong lớp.",RISK,train,synthetic,
VNBL_01615,dạo này em thường bị lấy đồ ăn mà không được hỏi.,RISK,train,synthetic,
VNBL_01616,Con nói là con cảm thấy bị cô lập vì không ai trong nhóm chịu nói chuyện với em.,RISK,test,synthetic,
VNBL_01617,Bạn Huy vô tình va vào em trong giờ ra chơi rồi xin lỗi.,SAFE,train,synthetic,
VNBL_01618,"Theo lời bé, con bị kéo tóc và xô ngã.",HIGH_RISK,train,synthetic,
VNBL_01619,Con nói là bạn Huy nhắn tin xúc phạm em liên tục.,RISK,train,synthetic,
VNBL_01620,Dạo này các bạn không cho em chơi cùng ngoài hành lang....,RISK,test,synthetic,
VNBL_01621,Con nói là bạn An lấy đồ của em rồi ko chịu trả.,RISK,test,synthetic,
VNBL_01622,Con nói là mấy hôm nay em bị một nhóm bạn đánh ngoài hành lang.,HIGH_RISK,validation,synthetic,
VNBL_01623,Bé kể rằng mấy bạn chặn đường em lúc tan học để đánh.,HIGH_RISK,test,synthetic,
VNBL_01624,Bạn Hà vô tình va vào con trên xe đưa đón rồi xin lỗi.,SAFE,train,synthetic,
VNBL_01625,Dạo này có bạn bắt con làm bài hộ nếu không sẽ nói xấu em. ạ,RISK,train,synthetic,
VNBL_01626,con nói là em bị chửi và xúc phạm ở lớp.,RISK,train,synthetic,
VNBL_01627,Bé kể rằng con bị giữ tay để một bạn khác đánh.,HIGH_RISK,validation,synthetic,
VNBL_01628,"Em bị ngã ở lớp khi đang chạy, không có ai xô con. (lần kể 2)",SAFE,train,synthetic,
VNBL_01629,bạn Lan ép em phải đưa mật khẩu tài khoản và dọa đánh.,HIGH_RISK,test,synthetic,
VNBL_01630,Em nói em không dám phát biểu vì các bạn hay cười nhạo. ạ,RISK,test,synthetic,
VNBL_01631,"Bạn Lan nói câu đùa làm con khó chịu, sau đó bạn đã xin lỗi.",SAFE,test,synthetic,
VNBL_01632,"Em bị ngã ở sân trường khi đang chạy, không có ai xô em.... (lần kể 2)",SAFE,train,synthetic,
VNBL_01633,nhóm của con không chọn ý tưởng của em nhưng mọi người vẫn làm việc cùng nhau. (lần kể 2),SAFE,train,synthetic,
VNBL_01634,Em với bạn An giành bóng khi chơi rồi tiếp tục chơi bình thường. ạ,SAFE,test,synthetic,
VNBL_01635,Bé kể rằng bạn Huy dọa sẽ đánh em nếu em kể với cô.,HIGH_RISK,train,synthetic,
VNBL_01636,hôm nay lớp em học về chủ đề phòng chống bắt nạt học đường. (lần kể 2),SAFE,train,synthetic,
VNBL_01637,Con nói là bạn Nam đấm em vào người.,HIGH_RISK,train,synthetic,
VNBL_01638,"Theo lời bé, con bị tát nhiều lần trên xe đưa đón.",HIGH_RISK,train,synthetic,
VNBL_01639,"theo lời bé, bạn Huy ép con phải đưa mật khẩu tài khoản và dọa đánh.",HIGH_RISK,test,synthetic,
VNBL_01640,bé kể rằng tuần này em bị một nhóm bạn đánh ở sân trường.,HIGH_RISK,train,synthetic,
VNBL_01641,"theo lời bé, mỗi giờ ra chơi em bị một nhóm bạn đánh ở sân trường.",HIGH_RISK,validation,synthetic,
VNBL_01642,Bé kể rằng con không dám kể với cô vì sợ bị các bạn ghét hơn.,RISK,validation,synthetic,
VNBL_01643,Con nói là bạn Nam lấy đồ của em rồi không chịu trả. ạ,RISK,test,synthetic,
VNBL_01644,tuần này em đi học bình thường và chơi với các bạn. (lần kể 2),SAFE,validation,synthetic,
VNBL_01645,bạn Phúc nhắn tin xúc phạm bé liên tục.,RISK,test,synthetic,
VNBL_01646,Bạn Phúc vô tình va vào em ở lớp rồi xin lỗi. ạ,SAFE,train,synthetic,
VNBL_01647,"em bị ngã trong giờ ra chơi khi đang chạy, không có ai xô em. (lần kể 2)",SAFE,test,synthetic,
VNBL_01648,con nói là họ nhốt bé trong nhà vệ sinh và không cho ra.,HIGH_RISK,train,synthetic,
VNBL_01649,Bạn Minh vô tình va vào em lúc tan học rồi xin lỗi. (lần kể 2),SAFE,train,synthetic,
VNBL_01650,các bạn chế ảnh của em rồi gửi vào nhóm lớp....,RISK,train,synthetic,
VNBL_01651,Em nói em bị loại khỏi các hoạt động của nhóm nhiều lần.,RISK,train,synthetic,
VNBL_01652,Em nói các bạn cố tình làm hỏng đồ dùng của em....,RISK,train,synthetic,
VNBL_01653,Em và bạn Phúc tranh luận một chút rồi đã làm hòa....,SAFE,validation,synthetic,
VNBL_01654,em với bạn Lan giành bóng khi chơi rồi tiếp tục chơi bình thường.,SAFE,train,synthetic,
VNBL_01655,mỗi giờ ra chơi em đi học bình thường và chơi với các bạn.,SAFE,test,synthetic,
VNBL_01656,"Theo lời bé, bạn Hà lấy đồ của em rồi ko chịu trả.",RISK,train,synthetic,
VNBL_01657,"Bạn Phúc nói câu đùa làm con khó chịu, sau đó bạn đã xin lỗi.",SAFE,train,synthetic,
VNBL_01658,Bé kể rằng bạn Trang nhắn tin xúc phạm em liên tục.,RISK,test,synthetic,
VNBL_01659,Dạo này mấy bạn ném đồ cứng vào con và cười.,HIGH_RISK,validation,synthetic,
VNBL_01660,dạo này bé bị kéo tóc và xô ngã.,HIGH_RISK,train,synthetic,
VNBL_01661,Bé kể rằng tuần này các bạn cứ gọi bé bằng biệt danh em không thích.,RISK,train,synthetic,
VNBL_01662,Bé kể rằng các bạn không cho bé chơi cùng ở lớp....,RISK,train,synthetic,
VNBL_01663,Con nói là họ nhốt em trong nhà vệ sinh và không cho ra.,HIGH_RISK,validation,synthetic,
VNBL_01664,Dạo này bé cảm thấy bị cô lập vì không ai trong nhóm chịu nói chuyện với em.,RISK,train,synthetic,
VNBL_01665,bạn Vy mượn bút của con và đã trả lại.,SAFE,test,synthetic,
VNBL_01666,em không thích tiết thể dục nhưng vẫn đi học bình thường....,SAFE,train,synthetic,
VNBL_01667,bạn Nam ép em phải đưa mật khẩu tài khoản và dọa đánh.,HIGH_RISK,train,synthetic,
VNBL_01668,lớp con xem video hướng dẫn cách báo với người lớn khi bị bắt nạt.,SAFE,train,synthetic,
VNBL_01669,các bạn ko cho em chơi cùng ở lớp.,RISK,train,synthetic,
VNBL_01670,Em và bạn Khánh tranh luận một chút rồi đã làm hòa. ạ,SAFE,train,synthetic,
VNBL_01671,Bạn Khánh vô tình va vào em trên xe đưa đón rồi xin lỗi. ạ,SAFE,test,synthetic,
VNBL_01672,"bạn Phúc nói câu đùa làm em khó chịu, sau đó bạn đã xin lỗi. ạ",SAFE,train,synthetic,
VNBL_01673,Bạn Huy mượn bút của con và đã trả lại. (lần kể 2),SAFE,test,synthetic,
VNBL_01674,"Em và các bạn trêu nhau vui, khi em bảo dừng thì mọi người dừng lại. (lần kể 2)",SAFE,train,synthetic,
VNBL_01675,Bé kể rằng có bạn bắt bé làm bài hộ nếu không sẽ nói xấu em.,RISK,train,synthetic,
VNBL_01676,bạn Vy mượn bút của em và đã trả lại....,SAFE,train,synthetic,
VNBL_01677,em nói em bị tát nhiều lần ở sân trường.,HIGH_RISK,train,synthetic,
VNBL_01678,lớp bé xem video hướng dẫn cách báo với người lớn khi bị bắt nạt. (lần kể 2),SAFE,validation,synthetic,
VNBL_01679,Bé kể rằng bé cảm thấy bị cô lập vì không ai trong nhóm chịu nói chuyện với em.,RISK,train,synthetic,
VNBL_01680,con bị tát nhiều lần ở lớp.,HIGH_RISK,test,synthetic,
VNBL_01681,Dạo này bạn Phúc lấy đồ của bé rồi không chịu trả.,RISK,validation,synthetic,
VNBL_01682,Dạo này mỗi giờ ra chơi em bị một nhóm bạn đánh trong giờ ra chơi.,HIGH_RISK,train,synthetic,
VNBL_01683,Con nói là bạn Khánh nhắn tin xúc phạm em liên tục....,RISK,train,synthetic,
VNBL_01684,bé thường bị lấy đồ ăn mà không được hỏi....,RISK,test,synthetic,
VNBL_01685,Dạo này bạn Lan dọa sẽ đánh bé nếu em kể với cô.,HIGH_RISK,train,synthetic,
VNBL_01686,Em nói tuần này em bị một nhóm bạn đánh ngoài hành lang.,HIGH_RISK,train,synthetic,
VNBL_01687,Bạn Linh vô tình va vào con trên xe đưa đón rồi xin lỗi.,SAFE,train,synthetic,
VNBL_01688,"Theo lời bé, em bị chửi và xúc phạm trong giờ ra chơi.",RISK,validation,synthetic,
VNBL_01689,Bạn An mượn bút của em và đã trả lại. ạ (lần kể 2),SAFE,test,synthetic,
VNBL_01690,Em nói em bị ép đưa đồ ăn và tiền cho các bạn. ạ,HIGH_RISK,train,synthetic,
VNBL_01691,Bé kể rằng bé bị tát nhiều lần ở lớp.,HIGH_RISK,train,synthetic,
VNBL_01692,"Theo lời bé, bạn Lan lấy đồ của em rồi không chịu trả.",RISK,train,synthetic,
VNBL_01693,em thấy hai bạn khác cãi nhau nhưng bé không liên quan. (lần kể 2),SAFE,validation,synthetic,
VNBL_01694,Con nói là mấy hôm nay em bị một nhóm bạn đánh ở sân trường.,HIGH_RISK,train,synthetic,
VNBL_01695,Dạo này bạn Huy dọa sẽ đánh em nếu em kể với cô. ạ,HIGH_RISK,test,synthetic,
VNBL_01696,bạn Nam vô tình va vào em trên xe đưa đón rồi xin lỗi....,SAFE,train,synthetic,
VNBL_01697,"em bị ngã ngoài hành lang khi đang chạy, không có ai xô bé. (lần kể 2)",SAFE,train,synthetic,
VNBL_01698,dạo này mấy hôm nay các bạn cứ gọi con bằng biệt danh em không thích.,RISK,train,synthetic,
VNBL_01699,Dạo này bé bị giấu cặp sách và đồ dùng học tập.,RISK,train,synthetic,
VNBL_01700,bé kể rằng bạn Vy lấy đồ của bé rồi không chịu trả.,RISK,test,synthetic,
VNBL_01701,"Theo lời bé, tuần này em bị một nhóm bạn đánh ngoài hành lang. ạ",HIGH_RISK,train,synthetic,
VNBL_01702,bạn Vy vô tình va vào em lúc tan học rồi xin lỗi.,SAFE,train,synthetic,
VNBL_01703,Em nói bạn Trang đấm em vào người.,HIGH_RISK,test,synthetic,
VNBL_01704,Em nói hôm nay các bạn cứ gọi em bằng biệt danh em không thích. ạ,RISK,train,synthetic,
VNBL_01705,dạo này các bạn ko cho em chơi cùng trên xe đưa đón.,RISK,train,synthetic,
VNBL_01706,Con nói là em có vết bầm vì bị bạn đánh ở lớp.,HIGH_RISK,train,synthetic,
VNBL_01707,"Theo lời bé, bé thường bị lấy đồ ăn mà ko được hỏi.",RISK,train,synthetic,
VNBL_01708,Em thấy hai bạn khác cãi nhau nhưng em ko liên quan. ạ (lần kể 2),SAFE,train,synthetic,
VNBL_01709,Bé kể rằng mấy hôm nay em bị một nhóm bạn đánh trên xe đưa đón....,HIGH_RISK,train,synthetic,
VNBL_01710,mấy bạn thường xuyên cười nhạo con trước lớp.,RISK,train,synthetic,
VNBL_01711,em nói hôm qua em bị một nhóm bạn đánh trên xe đưa đón.,HIGH_RISK,train,synthetic,
VNBL_01712,Em nói mấy hôm nay em bị một nhóm bạn đánh trên xe đưa đón....,HIGH_RISK,train,synthetic,
VNBL_01713,Lớp em xem video hướng dẫn cách báo với người lớn khi bị bắt nạt. ạ,SAFE,test,synthetic,
VNBL_01714,"Theo lời bé, họ nhốt em trong nhà vệ sinh và ko cho ra.",HIGH_RISK,test,synthetic,
VNBL_01715,"Em bị ngã ở sân trường khi đang chạy, không có ai xô em. ạ (lần kể 2)",SAFE,train,synthetic,
VNBL_01716,Em nói bạn Lan lấy đồ của em rồi ko chịu trả....,RISK,validation,synthetic,
VNBL_01717,Dạo này bạn Huy dọa sẽ đánh em nếu em kể với cô.,HIGH_RISK,validation,synthetic,
VNBL_01718,bé không dám kể với cô vì sợ bị các bạn ghét hơn....,RISK,train,synthetic,
VNBL_01719,các bạn quay video lúc em khóc rồi gửi cho nhau....,RISK,train,synthetic,
VNBL_01720,Em và bạn Vy tranh luận một chút rồi đã làm hòa....,SAFE,test,synthetic,
VNBL_01721,Bạn Trang mượn bút của con và đã trả lại.,SAFE,train,synthetic,
VNBL_01722,"Theo lời bé, bé bị loại khỏi các hoạt động của nhóm nhiều lần.",RISK,train,synthetic,
VNBL_01723,Dạo này bé thường bị lấy đồ ăn mà không được hỏi.,RISK,train,synthetic,
VNBL_01724,bạn Mai vô tình va vào con trên xe đưa đón rồi xin lỗi. (lần kể 2),SAFE,validation,synthetic,
VNBL_01725,Dạo này bạn Minh nhắn tin xúc phạm em liên tục. ạ,RISK,train,synthetic,
VNBL_01726,Bạn An vô tình va vào con trong giờ ra chơi rồi xin lỗi.,SAFE,train,synthetic,
VNBL_01727,Bạn An vô tình va vào con ở sân trường rồi xin lỗi. ạ,SAFE,test,synthetic,
VNBL_01728,hôm nay con làm rơi hộp bút và bạn đã nhặt giúp. (lần kể 2),SAFE,train,synthetic,
VNBL_01729,Bạn An vô tình va vào em trong giờ ra chơi rồi xin lỗi.,SAFE,validation,synthetic,
VNBL_01730,Bạn Linh vô tình va vào em ở lớp rồi xin lỗi.,SAFE,train,synthetic,
VNBL_01731,"Theo lời bé, có bạn thường xuyên nói xấu em với các bạn khác.",RISK,test,synthetic,
VNBL_01732,Con nói là bạn Huy dọa sẽ đánh con nếu em kể với cô.,HIGH_RISK,train,synthetic,
VNBL_01733,Dạo này bạn An ép em phải đưa mật khẩu tài khoản và dọa đánh.,HIGH_RISK,train,synthetic,
VNBL_01734,mấy hôm nay các bạn cứ gọi em bằng biệt danh em ko thích.,RISK,test,synthetic,
VNBL_01735,em và bạn Mai tranh luận một chút rồi đã làm hòa.,SAFE,train,synthetic,
VNBL_01736,"Mẹ hỏi con có bị bạn nào bắt nạt ko, em nói là ko....",SAFE,test,synthetic,
VNBL_01737,con nói là em thường bị lấy đồ ăn mà ko được hỏi.,RISK,train,synthetic,
VNBL_01738,Nhóm của bé ko chọn ý tưởng của em nhưng mọi người vẫn làm việc cùng nhau. ạ,SAFE,train,synthetic,
VNBL_01739,có bạn bóp cổ em trong giờ ra chơi....,HIGH_RISK,train,synthetic,
VNBL_01740,"Em và các bạn trêu nhau vui, khi con bảo dừng thì mọi người dừng lại.... (lần kể 2)",SAFE,train,synthetic,
VNBL_01741,"Theo lời bé, gần đây các bạn cứ gọi em bằng biệt danh em không thích.",RISK,train,synthetic,
VNBL_01742,"Em bị ngã lúc tan học khi đang chạy, ko có ai xô em....",SAFE,train,synthetic,
VNBL_01743,một nhóm bạn thường xuyên đạp vào chân bé dưới bàn.,HIGH_RISK,train,synthetic,
VNBL_01744,em nói bé bị xô xuống cầu thang nhưng may em bám được tay vịn.,HIGH_RISK,train,synthetic,
VNBL_01745,"theo lời bé, em bị đuổi ra khỏi nhóm chat của lớp.",RISK,train,synthetic,
VNBL_01746,Dạo này em ko dám kể với cô vì sợ bị các bạn ghét hơn.,RISK,train,synthetic,
VNBL_01747,bạn Mai vô tình va vào em ở lớp rồi xin lỗi. (lần kể 2),SAFE,train,synthetic,
VNBL_01748,em nói các bạn chế ảnh của bé rồi gửi vào nhóm lớp.,RISK,test,synthetic,
VNBL_01749,bạn Lan vô tình va vào bé ở lớp rồi xin lỗi.,SAFE,train,synthetic,
VNBL_01750,bé kể rằng bạn Vy ép em phải đưa mật khẩu tài khoản và dọa đánh.,HIGH_RISK,validation,synthetic,
VNBL_01751,"theo lời bé, bạn Lan đấm em vào người.",HIGH_RISK,train,synthetic,
VNBL_01752,Bạn Lan vô tình va vào bé ngoài hành lang rồi xin lỗi. ạ,SAFE,train,synthetic,
VNBL_01753,con bị ép đưa đồ ăn và tiền cho các bạn.,HIGH_RISK,train,synthetic,
VNBL_01754,Em và bạn Lan tranh luận một chút rồi đã làm hòa....,SAFE,train,synthetic,
VNBL_01755,em và bạn Hà tranh luận một chút rồi đã làm hòa.,SAFE,test,synthetic,
VNBL_01756,bé kể rằng bạn Nam ép em phải đưa mật khẩu tài khoản và dọa đánh.,HIGH_RISK,validation,synthetic,
VNBL_01757,dạo này bé bị chặn ở cổng trường và cướp tiền.,HIGH_RISK,test,synthetic,
VNBL_01758,"theo lời bé, bạn An đấm em vào người.",HIGH_RISK,train,synthetic,
VNBL_01759,em với bạn Huy giành bóng khi chơi rồi tiếp tục chơi bình thường.,SAFE,train,synthetic,
VNBL_01760,em nói hôm qua em bị một nhóm bạn đánh ở lớp.,HIGH_RISK,train,synthetic,
VNBL_01761,bạn Hà vô tình va vào em lúc tan học rồi xin lỗi.,SAFE,train,synthetic,
VNBL_01762,em thấy hai bạn khác cãi nhau nhưng con ko liên quan. ạ,SAFE,train,synthetic,
VNBL_01763,Em nói em có vết bầm vì bị bạn đánh ở lớp. ạ,HIGH_RISK,train,synthetic,
VNBL_01764,bé kể rằng hôm qua các bạn cứ gọi em bằng biệt danh em không thích.,RISK,validation,synthetic,
VNBL_01765,bé kể rằng con bị giữ tay để một bạn khác đánh....,HIGH_RISK,train,synthetic,
VNBL_01766,Dạo này các bạn chế ảnh của em rồi gửi vào nhóm lớp.,RISK,test,synthetic,
VNBL_01767,con nói là bạn Nam lấy đồ của em rồi ko chịu trả.,RISK,train,synthetic,
VNBL_01768,Bạn Minh mượn bút của em và đã trả lại. ạ,SAFE,train,synthetic,
VNBL_01769,Bé kể rằng bạn Phúc đấm con vào người.,HIGH_RISK,train,synthetic,
VNBL_01770,Em với bạn Mai giành bóng khi chơi rồi tiếp tục chơi bình thường. (lần kể 2),SAFE,train,synthetic,
VNBL_01771,Con nói là bạn Khánh lấy đồ của bé rồi không chịu trả.,RISK,validation,synthetic,
VNBL_01772,"Theo lời bé, tuần này em bị một nhóm bạn đánh ngoài hành lang.",HIGH_RISK,train,synthetic,
VNBL_01773,Em nói mấy bạn thường xuyên cười nhạo em trước lớp....,RISK,test,synthetic,
VNBL_01774,Hôm nay con làm rơi hộp bút và bạn đã nhặt giúp.... (lần kể 2),SAFE,train,synthetic,
VNBL_01775,Em nói tuần này em bị một nhóm bạn đánh trong giờ ra chơi.,HIGH_RISK,train,synthetic,
VNBL_01776,"Theo lời bé, bạn Huy ép con phải đưa mật khẩu tài khoản và dọa đánh.",HIGH_RISK,train,synthetic,
VNBL_01777,bạn Hà vô tình va vào em trong giờ ra chơi rồi xin lỗi. ạ,SAFE,train,synthetic,
VNBL_01778,Bé kể rằng có bạn bắt con làm bài hộ nếu không sẽ nói xấu em.,RISK,test,synthetic,
VNBL_01779,em nói các bạn không cho em chơi cùng trên xe đưa đón.,RISK,train,synthetic,
VNBL_01780,con bị loại khỏi các hoạt động của nhóm nhiều lần.,RISK,validation,synthetic,
VNBL_01781,Em với bạn Minh giành bóng khi chơi rồi tiếp tục chơi bình thường. (lần kể 2),SAFE,train,synthetic,
VNBL_01782,Con nói là con không dám kể với cô vì sợ bị các bạn ghét hơn.,RISK,train,synthetic,
VNBL_01783,"mẹ hỏi con có bị bạn nào bắt nạt ko, em nói là ko.",SAFE,train,synthetic,
VNBL_01784,"theo lời bé, em ko dám phát biểu vì các bạn hay cười nhạo.",RISK,test,synthetic,
VNBL_01785,em nói em không dám phát biểu vì các bạn hay cười nhạo.,RISK,train,synthetic,
VNBL_01786,"Theo lời bé, bạn Phúc nhắn tin xúc phạm em liên tục....",RISK,train,synthetic,
VNBL_01787,Em với bạn Lan giành bóng khi chơi rồi tiếp tục chơi bình thường. ạ (lần kể 2),SAFE,validation,synthetic,
VNBL_01788,con nói là bạn An dọa sẽ đánh em nếu em kể với cô.,HIGH_RISK,train,synthetic,
VNBL_01789,Bé kể rằng em có vết bầm vì bị bạn đánh ở sân trường.,HIGH_RISK,train,synthetic,
VNBL_01790,Con nói là con sợ giờ ra chơi vì các bạn hay vây quanh trêu chọc.,RISK,train,synthetic,
VNBL_01791,một nhóm bạn lấy tiền của bé và dọa không được nói với bố mẹ.,HIGH_RISK,train,synthetic,
VNBL_01792,Dạo này em bị tát nhiều lần lúc tan học....,HIGH_RISK,train,synthetic,
VNBL_01793,Con nói là bé ko dám phát biểu vì các bạn hay cười nhạo.,RISK,train,synthetic,
VNBL_01794,Bé kể rằng em bị giấu cặp sách và đồ dùng học tập.,RISK,train,synthetic,
VNBL_01795,con nói là bé thường bị lấy đồ ăn mà không được hỏi.,RISK,validation,synthetic,
VNBL_01796,Dạo này hôm nay các bạn cứ gọi em bằng biệt danh em không thích.,RISK,train,synthetic,
VNBL_01797,Bạn Phúc mượn bút của bé và đã trả lại. ạ,SAFE,test,synthetic,
VNBL_01798,"Theo lời bé, hôm nay em bị một nhóm bạn đánh trong giờ ra chơi. ạ",HIGH_RISK,train,synthetic,
VNBL_01799,"theo lời bé, ngày nào họ cũng trêu em dù em đã bảo dừng....",RISK,test,synthetic,
VNBL_01800,Con nói là bạn Phúc nhắn tin xúc phạm em liên tục.,RISK,train,synthetic,
VNBL_01801,bé sợ giờ ra chơi vì các bạn hay vây quanh trêu chọc.,RISK,train,synthetic,
VNBL_01802,Bạn An vô tình va vào em ở lớp rồi xin lỗi....,SAFE,validation,synthetic,
VNBL_01803,dạo này em bị chặn ở cổng trường và cướp tiền....,HIGH_RISK,train,synthetic,
VNBL_01804,Bạn Lan vô tình va vào em trong giờ ra chơi rồi xin lỗi. ạ,SAFE,train,synthetic,
VNBL_01805,bạn Khánh dọa sẽ đánh con nếu em kể với cô.,HIGH_RISK,train,synthetic,
VNBL_01806,em không thích tiết thể dục nhưng vẫn đi học bình thường. (lần kể 2),SAFE,train,synthetic,
VNBL_01807,"Theo lời bé, bạn An dọa sẽ đánh em nếu em kể với cô.",HIGH_RISK,train,synthetic,
VNBL_01808,Dạo này em cảm thấy bị cô lập vì không ai trong nhóm chịu nói chuyện với em. ạ,RISK,train,synthetic,
VNBL_01809,Con nói là hôm nay các bạn cứ gọi em bằng biệt danh em ko thích.,RISK,test,synthetic,
VNBL_01810,"Bạn Vy nói câu đùa làm em khó chịu, sau đó bạn đã xin lỗi....",SAFE,train,synthetic,
VNBL_01811,dạo này con sợ giờ ra chơi vì các bạn hay vây quanh trêu chọc.,RISK,train,synthetic,
VNBL_01812,Em nói các bạn ko cho em chơi cùng lúc tan học.,RISK,test,synthetic,
VNBL_01813,"Bạn Linh nói câu đùa làm bé khó chịu, sau đó bạn đã xin lỗi.",SAFE,test,synthetic,
VNBL_01814,Em nói hôm qua em bị một nhóm bạn đánh trên xe đưa đón.,HIGH_RISK,test,synthetic,
VNBL_01815,em thấy hai bạn khác cãi nhau nhưng em không liên quan.,SAFE,train,synthetic,
VNBL_01816,"Theo lời bé, có bạn dọa làm con bị thương nếu em không làm theo.",HIGH_RISK,train,synthetic,
VNBL_01817,"theo lời bé, bạn Nam dọa sẽ đánh em nếu em kể với cô.",HIGH_RISK,train,synthetic,
VNBL_01818,"Bạn Khánh nói câu đùa làm em khó chịu, sau đó bạn đã xin lỗi.",SAFE,train,synthetic,
VNBL_01819,"Theo lời bé, một số bạn tung tin sai về em trong lớp.",RISK,train,synthetic,
VNBL_01820,"Theo lời bé, bé bị chửi và xúc phạm ngoài hành lang.",RISK,train,synthetic,
VNBL_01821,hôm nay con làm rơi hộp bút và bạn đã nhặt giúp. ạ,SAFE,train,synthetic,
VNBL_01822,bé kể rằng em bị chửi và xúc phạm trên xe đưa đón.,RISK,train,synthetic,
VNBL_01823,Con nói là có người đăng bài bêu xấu em trên mạng. ạ,RISK,train,synthetic,
VNBL_01824,bé kể rằng bạn Vy nhắn tin xúc phạm em liên tục.,RISK,train,synthetic,
VNBL_01825,Con nói là bạn Nam lấy đồ của con rồi không chịu trả.,RISK,train,synthetic,
VNBL_01826,Bạn An vô tình va vào con ở lớp rồi xin lỗi. ạ,SAFE,train,synthetic,
VNBL_01827,"Theo lời bé, bạn Trang nhắn tin xúc phạm em liên tục.",RISK,train,synthetic,
VNBL_01828,Bé kể rằng mỗi giờ ra chơi em bị một nhóm bạn đánh ở sân trường.,HIGH_RISK,train,synthetic,
VNBL_01829,Con nói là họ nhốt con trong nhà vệ sinh và ko cho ra.,HIGH_RISK,test,synthetic,
VNBL_01830,em muốn chuyển chỗ ngồi vì gần cửa sổ bị nắng. ạ,SAFE,validation,synthetic,
VNBL_01831,Bé kể rằng các bạn bắt em đưa tiền mỗi tuần.,HIGH_RISK,train,synthetic,
VNBL_01832,Dạo này mấy hôm nay em bị một nhóm bạn đánh ở sân trường.,HIGH_RISK,train,synthetic,
VNBL_01833,em cảm thấy bị cô lập vì không ai trong nhóm chịu nói chuyện với em. ạ,RISK,train,synthetic,
VNBL_01834,Bé kể rằng bạn Phúc dọa sẽ đánh em nếu em kể với cô. ạ,HIGH_RISK,train,synthetic,
VNBL_01835,Em nói con có vết bầm vì bị bạn đánh trong giờ ra chơi.,HIGH_RISK,train,synthetic,
VNBL_01836,"Em bị ngã ngoài hành lang khi đang chạy, ko có ai xô em. ạ",SAFE,test,synthetic,
VNBL_01837,Dạo này các bạn chế ảnh của con rồi gửi vào nhóm lớp....,RISK,train,synthetic,
VNBL_01838,bạn An vô tình va vào em ở lớp rồi xin lỗi. (lần kể 2),SAFE,train,synthetic,
VNBL_01839,Em nói gần đây em bị một nhóm bạn đánh ở lớp.,HIGH_RISK,train,synthetic,
VNBL_01840,bạn Mai dọa sẽ đánh em nếu em kể với cô.,HIGH_RISK,train,synthetic,
VNBL_01841,"em bị ngã trên xe đưa đón khi đang chạy, không có ai xô em. (lần kể 2)",SAFE,train,synthetic,
VNBL_01842,Em nói các bạn không cho em chơi cùng trên xe đưa đón.,RISK,train,synthetic,
VNBL_01843,con nói là bé bị đuổi ra khỏi nhóm chat của lớp.,RISK,test,synthetic,
VNBL_01844,em nói bạn Phúc dọa sẽ đánh em nếu em kể với cô.,HIGH_RISK,train,synthetic,
VNBL_01845,"Theo lời bé, các bạn bắt con đưa tiền mỗi tuần.",HIGH_RISK,test,synthetic,
VNBL_01846,Con nói là con thường bị xô vai và chọc ghẹo khi đi qua hành lang.,RISK,validation,synthetic,
VNBL_01847,em nói bạn Mai dọa sẽ đánh em nếu em kể với cô.,HIGH_RISK,validation,synthetic,
VNBL_01848,"em bị ngã lúc tan học khi đang chạy, không có ai xô em. ạ",SAFE,train,synthetic,
VNBL_01849,Bạn Nam mượn bút của con và đã trả lại. ạ,SAFE,train,synthetic,
VNBL_01850,Con nói là mấy bạn thường xuyên cười nhạo bé trước lớp.,RISK,train,synthetic,
VNBL_01851,dạo này em bị chửi và xúc phạm lúc tan học.,RISK,train,synthetic,
VNBL_01852,Bạn Linh vô tình va vào con lúc tan học rồi xin lỗi. ạ,SAFE,train,synthetic,
VNBL_01853,bạn Hà đấm em vào người.,HIGH_RISK,train,synthetic,
VNBL_01854,bé kể rằng em bị tát nhiều lần trên xe đưa đón.,HIGH_RISK,validation,synthetic,
VNBL_01855,Dạo này em bị kéo tóc và xô ngã.,HIGH_RISK,train,synthetic,
VNBL_01856,Con nói là họ dọa sẽ tiếp tục đánh nếu em báo với người lớn....,HIGH_RISK,train,synthetic,
VNBL_01857,"Em bị ngã trong giờ ra chơi khi đang chạy, không có ai xô con. (lần kể 2)",SAFE,test,synthetic,
VNBL_01858,Bạn Linh vô tình va vào em lúc tan học rồi xin lỗi....,SAFE,test,synthetic,
VNBL_01859,Con nói là bé bị kéo tóc và xô ngã.,HIGH_RISK,train,synthetic,
VNBL_01860,"Theo lời bé, các bạn chế ảnh của bé rồi gửi vào nhóm lớp.",RISK,train,synthetic,
VNBL_01861,ngày nào họ cũng trêu em dù em đã bảo dừng....,RISK,train,synthetic,
VNBL_01862,em và bạn An tranh luận một chút rồi đã làm hòa. (lần kể 2),SAFE,test,synthetic,
VNBL_01863,hôm nay bé làm rơi hộp bút và bạn đã nhặt giúp.,SAFE,train,synthetic,
VNBL_01864,bạn Phúc dọa sẽ đánh con nếu em kể với cô.,HIGH_RISK,train,synthetic,
VNBL_01865,em nói em ko dám kể với cô vì sợ bị các bạn ghét hơn.,RISK,train,synthetic,
VNBL_01866,mỗi giờ ra chơi em bị một nhóm bạn đánh lúc tan học.,HIGH_RISK,train,synthetic,
VNBL_01867,Bạn Hà mượn bút của bé và đã trả lại....,SAFE,train,synthetic,
VNBL_01868,Bé kể rằng tuần này em bị một nhóm bạn đánh ở sân trường....,HIGH_RISK,validation,synthetic,
VNBL_01869,Dạo này họ dọa sẽ tiếp tục đánh nếu bé báo với người lớn. ạ,HIGH_RISK,train,synthetic,
VNBL_01870,Dạo này các bạn không cho em chơi cùng ở lớp....,RISK,train,synthetic,
VNBL_01871,Em nói bé bị tát nhiều lần trên xe đưa đón.,HIGH_RISK,train,synthetic,
VNBL_01872,"mẹ hỏi con có bị bạn nào bắt nạt không, em nói là không. ạ",SAFE,train,synthetic,
VNBL_01873,"Bạn Huy nói câu đùa làm con khó chịu, sau đó bạn đã xin lỗi. ạ",SAFE,train,synthetic,
VNBL_01874,em nói bạn Phúc lấy đồ của em rồi không chịu trả.,RISK,train,synthetic,
VNBL_01875,Con nói là họ nói tan học đợi đấy rồi vây con ở cổng trường.,HIGH_RISK,train,synthetic,
VNBL_01876,Dạo này cả nhóm cố tình ko cho em ngồi cùng.,RISK,train,synthetic,
VNBL_01877,con nói là họ nói tan học đợi đấy rồi vây em ở cổng trường.,HIGH_RISK,train,synthetic,
VNBL_01878,Em và bạn Khánh tranh luận một chút rồi đã làm hòa. (lần kể 2),SAFE,train,synthetic,
VNBL_01879,Dạo này em sợ giờ ra chơi vì các bạn hay vây quanh trêu chọc....,RISK,train,synthetic,
VNBL_01880,"em bị ngã trên xe đưa đón khi đang chạy, không có ai xô em.",SAFE,validation,synthetic,
VNBL_01881,"Bạn Lan nói câu đùa làm em khó chịu, sau đó bạn đã xin lỗi.",SAFE,train,synthetic,
VNBL_01882,các bạn cố tình làm hỏng đồ dùng của bé.,RISK,test,synthetic,
VNBL_01883,em không dám kể với cô vì sợ bị các bạn ghét hơn.,RISK,train,synthetic,
VNBL_01884,"Theo lời bé, bé không dám phát biểu vì các bạn hay cười nhạo.",RISK,train,synthetic,
VNBL_01885,em đọc một bài báo nói về bạo lực học đường. ạ,SAFE,train,synthetic,
VNBL_01886,"Em bị ngã ở lớp khi đang chạy, ko có ai xô em. (lần kể 2)",SAFE,validation,synthetic,
VNBL_01887,Em bị đau tay do chơi thể thao ở lớp....,SAFE,train,synthetic,
VNBL_01888,"bạn Huy nói câu đùa làm em khó chịu, sau đó bạn đã xin lỗi....",SAFE,train,synthetic,
VNBL_01889,có bạn bắt bé làm bài hộ nếu không sẽ nói xấu em....,RISK,train,synthetic,
VNBL_01890,"Em bị ngã ở sân trường khi đang chạy, không có ai xô em. ạ",SAFE,train,synthetic,
VNBL_01891,Em và bạn Linh tranh luận một chút rồi đã làm hòa....,SAFE,validation,synthetic,
VNBL_01892,Bạn Trang mượn bút của con và đã trả lại. (lần kể 2),SAFE,test,synthetic,
VNBL_01893,bé kể rằng bạn Hà ép em phải đưa mật khẩu tài khoản và dọa đánh.,HIGH_RISK,train,synthetic,
VNBL_01894,các bạn ko cho em chơi cùng lúc tan học.,RISK,train,synthetic,
VNBL_01895,"Theo lời bé, bạn Hà dọa sẽ đánh em nếu em kể với cô....",HIGH_RISK,train,synthetic,
VNBL_01896,bạn Hà mượn bút của em và đã trả lại. ạ,SAFE,train,synthetic,
VNBL_01897,"theo lời bé, các bạn không cho em chơi cùng trên xe đưa đón. ạ",RISK,train,synthetic,
VNBL_01898,"Theo lời bé, họ nhốt con trong nhà vệ sinh và không cho ra....",HIGH_RISK,train,synthetic,
VNBL_01899,Bé kể rằng các bạn ko cho em chơi cùng ở sân trường.,RISK,train,synthetic,
VNBL_01900,Bạn Vy vô tình va vào bé lúc tan học rồi xin lỗi.,SAFE,train,synthetic,
VNBL_01901,Bé kể rằng em bị chửi và xúc phạm lúc tan học.,RISK,test,synthetic,
VNBL_01902,cô giáo đang giải thích thế nào là hành vi cô lập bạn bè. (lần kể 2),SAFE,train,synthetic,
VNBL_01903,nhóm của em ko chọn ý tưởng của em nhưng mọi người vẫn làm việc cùng nhau. (lần kể 2),SAFE,train,synthetic,
VNBL_01904,Dạo này bạn Hà nhắn tin xúc phạm em liên tục. ạ,RISK,validation,synthetic,
VNBL_01905,em bị đau tay do chơi thể thao lúc tan học. ạ,SAFE,train,synthetic,
VNBL_01906,Dạo này em ko dám phát biểu vì các bạn hay cười nhạo.,RISK,train,synthetic,
VNBL_01907,"theo lời bé, các bạn quay video lúc đánh em rồi gửi vào nhóm.",HIGH_RISK,train,synthetic,
VNBL_01908,"Theo lời bé, một nhóm bạn lấy tiền của em và dọa ko được nói với bố mẹ.",HIGH_RISK,validation,synthetic,
VNBL_01909,con nói là ngày nào họ cũng trêu em dù em đã bảo dừng.,RISK,validation,synthetic,
VNBL_01910,em nói các bạn chế ảnh của em rồi gửi vào nhóm lớp. ạ,RISK,train,synthetic,
VNBL_01911,"Bạn Vy nói câu đùa làm bé khó chịu, sau đó bạn đã xin lỗi.",SAFE,train,synthetic,
VNBL_01912,Bé kể rằng em bị chặn ở cổng trường và cướp tiền....,HIGH_RISK,train,synthetic,
VNBL_01913,em bị đuổi ra khỏi nhóm chat của lớp.,RISK,train,synthetic,
VNBL_01914,Em nói em ko dám phát biểu vì các bạn hay cười nhạo.,RISK,validation,synthetic,
VNBL_01915,Bạn Vy vô tình va vào em ngoài hành lang rồi xin lỗi.,SAFE,train,synthetic,
VNBL_01916,bé bị tát nhiều lần trên xe đưa đón.,HIGH_RISK,train,synthetic,
VNBL_01917,Bạn Lan vô tình va vào em trên xe đưa đón rồi xin lỗi....,SAFE,train,synthetic,
VNBL_01918,"bạn Trang nói câu đùa làm bé khó chịu, sau đó bạn đã xin lỗi.",SAFE,train,synthetic,
VNBL_01919,lớp con xem video hướng dẫn cách báo với người lớn khi bị bắt nạt....,SAFE,validation,synthetic,
VNBL_01920,Dạo này có bạn thường xuyên nói xấu con với các bạn khác.,RISK,validation,synthetic,
VNBL_01921,bạn Khánh nhắn tin xúc phạm em liên tục....,RISK,train,synthetic,
VNBL_01922,bạn Minh vô tình va vào em lúc tan học rồi xin lỗi. (lần kể 2),SAFE,train,synthetic,
VNBL_01923,Con nói là cả nhóm cố tình không cho con ngồi cùng....,RISK,train,synthetic,
VNBL_01924,"theo lời bé, em thường bị xô vai và chọc ghẹo khi đi qua hành lang.",RISK,train,synthetic,
VNBL_01925,Dạo này em bị chặn ở cổng trường và cướp tiền.,HIGH_RISK,train,synthetic,
VNBL_01926,Em nói tuần này các bạn cứ gọi em bằng biệt danh em không thích.,RISK,train,synthetic,
VNBL_01927,dạo này họ nhốt con trong nhà vệ sinh và không cho ra.,HIGH_RISK,train,synthetic,
VNBL_01928,"Theo lời bé, có bạn bắt em làm bài hộ nếu ko sẽ nói xấu em.",RISK,train,synthetic,
VNBL_01929,Bạn Huy vô tình va vào em trong giờ ra chơi rồi xin lỗi. ạ,SAFE,validation,synthetic,
VNBL_01930,Bé kể rằng bạn Minh dọa sẽ đánh con nếu em kể với cô. ạ,HIGH_RISK,validation,synthetic,
VNBL_01931,tuần này em bị một nhóm bạn đánh lúc tan học.,HIGH_RISK,train,synthetic,
VNBL_01932,bé kể rằng cả nhóm cố tình không cho em ngồi cùng....,RISK,train,synthetic,
VNBL_01933,Con nói là một nhóm bạn thường xuyên đạp vào chân con dưới bàn.,HIGH_RISK,train,synthetic,
VNBL_01934,Con nói là họ nhốt bé trong nhà vệ sinh và không cho ra.,HIGH_RISK,train,synthetic,
VNBL_01935,"theo lời bé, một số bạn tung tin sai về em trong lớp.",RISK,train,synthetic,
VNBL_01936,Bé kể rằng hôm qua các bạn cứ gọi em bằng biệt danh em không thích.,RISK,test,synthetic,
VNBL_01937,Bé kể rằng các bạn không cho em chơi cùng ở lớp. ạ,RISK,validation,synthetic,
VNBL_01938,Con nói là họ nhốt em trong nhà vệ sinh và ko cho ra.,HIGH_RISK,validation,synthetic,
VNBL_01939,Dạo này có bạn bóp cổ bé trong giờ ra chơi.,HIGH_RISK,train,synthetic,
VNBL_01940,con nói là các bạn không cho em chơi cùng trên xe đưa đón.,RISK,train,synthetic,
VNBL_01941,bé kể rằng cả nhóm cố tình không cho em ngồi cùng.,RISK,test,synthetic,
VNBL_01942,Bạn An vô tình va vào bé lúc tan học rồi xin lỗi.,SAFE,test,synthetic,
VNBL_01943,Con nói là bạn Huy nhắn tin xúc phạm con liên tục.,RISK,train,synthetic,
VNBL_01944,"Theo lời bé, có bạn bóp cổ em trong giờ ra chơi.",HIGH_RISK,train,synthetic,
VNBL_01945,Em nói mấy hôm nay con bị một nhóm bạn đánh trên xe đưa đón.,HIGH_RISK,train,synthetic,
VNBL_01946,"Theo lời bé, mấy hôm nay con bị một nhóm bạn đánh ngoài hành lang.",HIGH_RISK,train,synthetic,
VNBL_01947,Bạn Trang vô tình va vào con ở lớp rồi xin lỗi.,SAFE,train,synthetic,
VNBL_01948,Bạn Trang vô tình va vào em ở sân trường rồi xin lỗi. ạ,SAFE,validation,synthetic,
VNBL_01949,Bé kể rằng em bị xô xuống cầu thang nhưng may em bám được tay vịn. ạ,HIGH_RISK,train,synthetic,
VNBL_01950,Bạn Vy vô tình va vào em trong giờ ra chơi rồi xin lỗi.,SAFE,train,synthetic,
VNBL_01951,Bạn Phúc vô tình va vào bé trong giờ ra chơi rồi xin lỗi.,SAFE,test,synthetic,
VNBL_01952,Dạo này bé thường bị xô vai và chọc ghẹo khi đi qua hành lang.,RISK,train,synthetic,
VNBL_01953,Dạo này bạn Linh dọa sẽ đánh con nếu em kể với cô.,HIGH_RISK,validation,synthetic,
VNBL_01954,em và bạn Mai tranh luận một chút rồi đã làm hòa....,SAFE,test,synthetic,
VNBL_01955,"mẹ hỏi con có bị bạn nào bắt nạt không, em nói là không. (lần kể 2)",SAFE,validation,synthetic,
VNBL_01956,Cô giáo nhắc cả lớp không được đánh nhau và phải tôn trọng nhau. ạ,SAFE,train,synthetic,
VNBL_01957,em nói em bị ép làm việc em không muốn và bị đe dọa nếu từ chối.,HIGH_RISK,train,synthetic,
VNBL_01958,Em bị đau tay do chơi thể thao ngoài hành lang. (lần kể 2),SAFE,test,synthetic,
VNBL_01959,"Theo lời bé, bạn Hà ép em phải đưa mật khẩu tài khoản và dọa đánh.",HIGH_RISK,test,synthetic,
VNBL_01960,các bạn không cho em chơi cùng lúc tan học.,RISK,train,synthetic,
VNBL_01961,bạn Phúc vô tình va vào em trên xe đưa đón rồi xin lỗi.,SAFE,train,synthetic,
VNBL_01962,bé kể rằng các bạn quay video lúc đánh em rồi gửi vào nhóm.,HIGH_RISK,validation,synthetic,
VNBL_01963,hôm qua bé đi học bình thường và chơi với các bạn. ạ,SAFE,train,synthetic,
VNBL_01964,"Bạn Khánh nói câu đùa làm em khó chịu, sau đó bạn đã xin lỗi. (lần kể 2)",SAFE,test,synthetic,
VNBL_01965,Bạn Vy vô tình va vào em ở lớp rồi xin lỗi. (lần kể 2),SAFE,test,synthetic,
VNBL_01966,"theo lời bé, hôm qua các bạn cứ gọi em bằng biệt danh em không thích.",RISK,test,synthetic,
VNBL_01967,"theo lời bé, bạn Khánh đấm con vào người.",HIGH_RISK,train,synthetic,
VNBL_01968,"Theo lời bé, mỗi giờ ra chơi các bạn cứ gọi em bằng biệt danh em không thích....",RISK,test,synthetic,
VNBL_01969,Con nói là một nhóm bạn lấy tiền của em và dọa ko được nói với bố mẹ....,HIGH_RISK,train,synthetic,
VNBL_01970,Bạn An mượn bút của con và đã trả lại. (lần kể 2),SAFE,train,synthetic,
VNBL_01971,nhóm của con không chọn ý tưởng của em nhưng mọi người vẫn làm việc cùng nhau....,SAFE,train,synthetic,
VNBL_01972,hôm qua em bị một nhóm bạn đánh ở sân trường....,HIGH_RISK,train,synthetic,
VNBL_01973,Bạn Huy vô tình va vào con lúc tan học rồi xin lỗi. ạ,SAFE,train,synthetic,
VNBL_01974,Em nói tuần này các bạn cứ gọi em bằng biệt danh em ko thích.,RISK,train,synthetic,
VNBL_01975,mỗi giờ ra chơi bé đi học bình thường và chơi với các bạn....,SAFE,validation,synthetic,
VNBL_01976,"Theo lời bé, cả nhóm cố tình không cho em ngồi cùng. ạ",RISK,train,synthetic,
VNBL_01977,Bé kể rằng bé bị chửi và xúc phạm ở sân trường.,RISK,train,synthetic,
VNBL_01978,bạn Nam nhắn tin xúc phạm em liên tục.,RISK,train,synthetic,
VNBL_01979,Con nói là bạn Nam ép em phải đưa mật khẩu tài khoản và dọa đánh.,HIGH_RISK,train,synthetic,
VNBL_01980,em không muốn đến trường ngày mai vì chưa làm xong bài tập.,SAFE,test,synthetic,
VNBL_01981,em bị đau tay do chơi thể thao trên xe đưa đón. ạ,SAFE,train,synthetic,
VNBL_01982,Con nói là tuần này các bạn cứ gọi bé bằng biệt danh em không thích.,RISK,train,synthetic,
VNBL_01983,Dạo này bạn Vy đấm em vào người.,HIGH_RISK,train,synthetic,
VNBL_01984,em nói em bị chửi và xúc phạm ở lớp.,RISK,train,synthetic,
VNBL_01985,Em nói em không dám phát biểu vì các bạn hay cười nhạo....,RISK,train,synthetic,
VNBL_01986,bé kể rằng em bị tát nhiều lần lúc tan học.,HIGH_RISK,train,synthetic,
VNBL_01987,Em bị đau tay do chơi thể thao trên xe đưa đón.,SAFE,validation,synthetic,
VNBL_01988,Hôm nay bé làm rơi hộp bút và bạn đã nhặt giúp....,SAFE,train,synthetic,
VNBL_01989,"Em bị ngã lúc tan học khi đang chạy, ko có ai xô em. ạ",SAFE,train,synthetic,
VNBL_01990,Dạo này bé bị chửi và xúc phạm trong giờ ra chơi.,RISK,train,synthetic,
VNBL_01991,Bạn Hà vô tình va vào em ngoài hành lang rồi xin lỗi. ạ,SAFE,train,synthetic,
VNBL_01992,Nhóm của em ko chọn ý tưởng của em nhưng mọi người vẫn làm việc cùng nhau.... (lần kể 2),SAFE,train,synthetic,
VNBL_01993,bé kể rằng em có vết bầm vì bị bạn đánh ngoài hành lang.,HIGH_RISK,train,synthetic,
VNBL_01994,em nói có bạn bắt em làm bài hộ nếu không sẽ nói xấu em....,RISK,validation,synthetic,
VNBL_01995,Dạo này bạn Hà đấm bé vào người.,HIGH_RISK,validation,synthetic,
VNBL_01996,nhóm của con ko chọn ý tưởng của em nhưng mọi người vẫn làm việc cùng nhau.,SAFE,train,synthetic,
VNBL_01997,Con nói là bạn Minh lấy đồ của em rồi không chịu trả.,RISK,train,synthetic,
VNBL_01998,em không muốn đi học vì sợ gặp nhóm bạn trong lớp. ạ,RISK,train,synthetic,
VNBL_01999,"Theo lời bé, các bạn không cho em chơi cùng ở lớp....",RISK,train,synthetic,
VNBL_02000,"bạn Huy nói câu đùa làm bé khó chịu, sau đó bạn đã xin lỗi.",SAFE,train,synthetic,
VNBL_02001,Bé kể rằng gần đây em bị một nhóm bạn đánh ngoài hành lang.,HIGH_RISK,train,synthetic,
VNBL_02002,Bé kể rằng gần đây các bạn cứ gọi bé bằng biệt danh em không thích.,RISK,train,synthetic,
VNBL_02003,gần đây các bạn cứ gọi em bằng biệt danh em không thích.,RISK,train,synthetic,
VNBL_02004,Dạo này bạn Huy đấm em vào người.,HIGH_RISK,validation,synthetic,
VNBL_02005,các bạn không cho em chơi cùng ở sân trường....,RISK,train,synthetic,
VNBL_02006,Em nói một nhóm bạn lấy tiền của em và dọa ko được nói với bố mẹ.,HIGH_RISK,train,synthetic,
VNBL_02007,con nói là em bị kéo tóc và xô ngã.,HIGH_RISK,validation,synthetic,
VNBL_02008,Bạn Linh vô tình va vào em ngoài hành lang rồi xin lỗi. ạ,SAFE,train,synthetic,
VNBL_02009,Dạo này bạn Minh lấy đồ của bé rồi không chịu trả.,RISK,test,synthetic,
VNBL_02010,Bạn Minh vô tình va vào em trong giờ ra chơi rồi xin lỗi. (lần kể 2),SAFE,train,synthetic,
VNBL_02011,Em sợ bị cô gọi lên bảng vì chưa thuộc bài....,SAFE,train,synthetic,
VNBL_02012,"Theo lời bé, họ dọa sẽ tiếp tục đánh nếu em báo với người lớn....",HIGH_RISK,train,synthetic,
VNBL_02013,Em bị đau tay do chơi thể thao trong giờ ra chơi....,SAFE,train,synthetic,
VNBL_02014,em nói con bị ép đưa đồ ăn và tiền cho các bạn.,HIGH_RISK,train,synthetic,
VNBL_02015,Bé kể rằng em bị chặn ở cổng trường và cướp tiền. ạ,HIGH_RISK,train,synthetic,
VNBL_02016,Bạn Huy vô tình va vào em trên xe đưa đón rồi xin lỗi. (lần kể 2),SAFE,train,synthetic,
VNBL_02017,"Theo lời bé, con bị ép làm việc em không muốn và bị đe dọa nếu từ chối.",HIGH_RISK,test,synthetic,
VNBL_02018,Em nói bạn Mai nhắn tin xúc phạm em liên tục.,RISK,train,synthetic,
VNBL_02019,"Em bị ngã ngoài hành lang khi đang chạy, không có ai xô em. (lần kể 2)",SAFE,train,synthetic,
VNBL_02020,Bạn Trang mượn bút của em và đã trả lại. ạ (lần kể 2),SAFE,train,synthetic,
VNBL_02021,"Theo lời bé, bé có vết bầm vì bị bạn đánh ở sân trường.",HIGH_RISK,train,synthetic,
VNBL_02022,em không dám phát biểu vì các bạn hay cười nhạo.,RISK,train,synthetic,
VNBL_02023,bạn Minh vô tình va vào bé ở lớp rồi xin lỗi.,SAFE,train,synthetic,
VNBL_02024,Bạn Nam vô tình va vào bé trên xe đưa đón rồi xin lỗi. ạ,SAFE,train,synthetic,
VNBL_02025,Bạn Phúc vô tình va vào em lúc tan học rồi xin lỗi. (lần kể 2),SAFE,train,synthetic,
VNBL_02026,"theo lời bé, có bạn bắt bé làm bài hộ nếu không sẽ nói xấu em.",RISK,validation,synthetic,
VNBL_02027,em nói em bị loại khỏi các hoạt động của nhóm nhiều lần.,RISK,train,synthetic,
VNBL_02028,dạo này bé cảm thấy bị cô lập vì không ai trong nhóm chịu nói chuyện với em....,RISK,validation,synthetic,
VNBL_02029,bạn Nam vô tình va vào em ở sân trường rồi xin lỗi. (lần kể 2),SAFE,train,synthetic,
VNBL_02030,Con nói là bạn Vy lấy đồ của bé rồi không chịu trả.,RISK,train,synthetic,
VNBL_02031,Bạn Trang vô tình va vào bé trong giờ ra chơi rồi xin lỗi.,SAFE,train,synthetic,
VNBL_02032,"Theo lời bé, bạn Trang lấy đồ của em rồi ko chịu trả.",RISK,test,synthetic,
VNBL_02033,"Theo lời bé, em bị đuổi ra khỏi nhóm chat của lớp.",RISK,train,synthetic,
VNBL_02034,Hôm nay bé làm rơi hộp bút và bạn đã nhặt giúp. ạ,SAFE,train,synthetic,
VNBL_02035,Dạo này mấy bạn thường xuyên cười nhạo em trước lớp. ạ,RISK,test,synthetic,
VNBL_02036,"Em bị ngã ngoài hành lang khi đang chạy, không có ai xô bé.",SAFE,train,synthetic,
VNBL_02037,các bạn ko cho em chơi cùng ngoài hành lang.,RISK,test,synthetic,
VNBL_02038,Con nói là em bị đánh nhiều lần trong tuần này. ạ,HIGH_RISK,train,synthetic,
VNBL_02039,Bé kể rằng bạn Vy dọa sẽ đánh bé nếu em kể với cô.,HIGH_RISK,train,synthetic,
VNBL_02040,Dạo này bạn Khánh đấm bé vào người.,HIGH_RISK,train,synthetic,
VNBL_02041,Bé kể rằng họ nhốt bé trong nhà vệ sinh và ko cho ra.,HIGH_RISK,train,synthetic,
VNBL_02042,"Theo lời bé, các bạn không cho em chơi cùng lúc tan học.",RISK,train,synthetic,
VNBL_02043,Em nói các bạn ko cho em chơi cùng ở lớp.,RISK,train,synthetic,
VNBL_02044,"Theo lời bé, em bị đuổi ra khỏi nhóm chat của lớp. ạ",RISK,test,synthetic,
VNBL_02045,con nói là bạn Lan lấy đồ của bé rồi không chịu trả.,RISK,train,synthetic,
VNBL_02046,Bé kể rằng con bị ép đưa đồ ăn và tiền cho các bạn.,HIGH_RISK,train,synthetic,
VNBL_02047,Em với bạn Minh giành bóng khi chơi rồi tiếp tục chơi bình thường. ạ,SAFE,train,synthetic,
VNBL_02048,Con nói là một nhóm bạn thường xuyên đạp vào chân em dưới bàn....,HIGH_RISK,train,synthetic,
VNBL_02049,"Em bị ngã trên xe đưa đón khi đang chạy, ko có ai xô con.",SAFE,test,synthetic,
VNBL_02050,em không dám kể với cô vì sợ bị các bạn ghét hơn. ạ,RISK,validation,synthetic,
VNBL_02051,Em nói bạn Linh ép em phải đưa mật khẩu tài khoản và dọa đánh.,HIGH_RISK,test,synthetic,
VNBL_02052,Bạn Vy vô tình va vào bé trên xe đưa đón rồi xin lỗi.,SAFE,validation,synthetic,
VNBL_02053,"theo lời bé, bạn Linh nhắn tin xúc phạm em liên tục.",RISK,train,synthetic,
VNBL_02054,Em không thích tiết thể dục nhưng vẫn đi học bình thường. ạ (lần kể 2),SAFE,train,synthetic,
VNBL_02055,Cô giáo nhắc cả lớp không được đánh nhau và phải tôn trọng nhau....,SAFE,test,synthetic,
VNBL_02056,Bạn Trang mượn bút của bé và đã trả lại. (lần kể 2),SAFE,train,synthetic,
VNBL_02057,"Theo lời bé, các bạn không cho con chơi cùng ở lớp.",RISK,train,synthetic,
VNBL_02058,Con nói là bạn Nam lấy đồ của em rồi không chịu trả.,RISK,validation,synthetic,
VNBL_02059,Con nói là hôm qua em bị một nhóm bạn đánh lúc tan học. ạ,HIGH_RISK,train,synthetic,
VNBL_02060,bạn Mai vô tình va vào em ngoài hành lang rồi xin lỗi. (lần kể 2),SAFE,train,synthetic,
VNBL_02061,Em nói bạn Nam lấy đồ của em rồi không chịu trả.,RISK,train,synthetic,
VNBL_02062,Bé kể rằng gần đây em bị một nhóm bạn đánh ở lớp.,HIGH_RISK,train,synthetic,
VNBL_02063,Con nói là bạn Phúc ép em phải đưa mật khẩu tài khoản và dọa đánh.,HIGH_RISK,train,synthetic,
VNBL_02064,em không muốn đến trường ngày mai vì chưa làm xong bài tập. ạ,SAFE,train,synthetic,
VNBL_02065,em sợ giờ ra chơi vì các bạn hay vây quanh trêu chọc.,RISK,train,synthetic,
VNBL_02066,Bạn Nam vô tình va vào bé trong giờ ra chơi rồi xin lỗi.,SAFE,test,synthetic,
VNBL_02067,em không dám kể với cô vì sợ bị các bạn ghét hơn....,RISK,train,synthetic,
VNBL_02068,Con nói là bạn Linh ép bé phải đưa mật khẩu tài khoản và dọa đánh.,HIGH_RISK,train,synthetic,
VNBL_02069,Bạn Khánh vô tình va vào em ngoài hành lang rồi xin lỗi.,SAFE,train,synthetic,
VNBL_02070,Bạn Vy vô tình va vào con ở sân trường rồi xin lỗi.,SAFE,validation,synthetic,
VNBL_02071,"Theo lời bé, mấy hôm nay em bị một nhóm bạn đánh trên xe đưa đón.",HIGH_RISK,train,synthetic,
VNBL_02072,"Bạn Mai nói câu đùa làm con khó chịu, sau đó bạn đã xin lỗi.",SAFE,train,synthetic,
VNBL_02073,Con nói là bạn Trang nhắn tin xúc phạm bé liên tục.,RISK,train,synthetic,
VNBL_02074,mấy hôm nay em đi học bình thường và chơi với các bạn.... (lần kể 2),SAFE,train,synthetic,
VNBL_02075,Bé kể rằng bạn Nam dọa sẽ đánh em nếu em kể với cô.,HIGH_RISK,train,synthetic,
VNBL_02076,bạn Trang vô tình va vào con ở lớp rồi xin lỗi.,SAFE,test,synthetic,
VNBL_02077,"Theo lời bé, bạn Linh lấy đồ của em rồi không chịu trả....",RISK,train,synthetic,
VNBL_02078,Con nói là bạn An đấm bé vào người.,HIGH_RISK,validation,synthetic,
VNBL_02079,Dạo này hôm qua em bị một nhóm bạn đánh ở sân trường....,HIGH_RISK,validation,synthetic,
VNBL_02080,"Theo lời bé, con bị tát nhiều lần ở lớp.",HIGH_RISK,train,synthetic,
VNBL_02081,Bé kể rằng họ nhốt con trong nhà vệ sinh và không cho ra.,HIGH_RISK,train,synthetic,
VNBL_02082,Dạo này em thường bị xô vai và chọc ghẹo khi đi qua hành lang.,RISK,train,synthetic,
VNBL_02083,em nói có bạn bắt bé làm bài hộ nếu không sẽ nói xấu em.,RISK,train,synthetic,
VNBL_02084,con nói là con bị kéo tóc và xô ngã.,HIGH_RISK,test,synthetic,
VNBL_02085,Bạn Hà vô tình va vào em lúc tan học rồi xin lỗi. ạ,SAFE,train,synthetic,
VNBL_02086,Em nói em bị chửi và xúc phạm trên xe đưa đón....,RISK,test,synthetic,
VNBL_02087,Bé kể rằng con bị kéo tóc và xô ngã.,HIGH_RISK,train,synthetic,
VNBL_02088,bé kể rằng bạn Lan đấm em vào người.,HIGH_RISK,train,synthetic,
VNBL_02089,"Theo lời bé, cả nhóm cố tình không cho em ngồi cùng.",RISK,validation,synthetic,
VNBL_02090,Bạn Phúc vô tình va vào bé ngoài hành lang rồi xin lỗi. (lần kể 2),SAFE,train,synthetic,
VNBL_02091,Dạo này bé có vết bầm vì bị bạn đánh lúc tan học.,HIGH_RISK,train,synthetic,
VNBL_02092,các bạn ko cho em chơi cùng trong giờ ra chơi.,RISK,train,synthetic,
VNBL_02093,dạo này em không muốn đi học vì sợ gặp nhóm bạn trong lớp.,RISK,validation,synthetic,
VNBL_02094,con nói là con bị đánh nhiều lần trong tuần này.,HIGH_RISK,validation,synthetic,
VNBL_02095,em nói bạn Nam dọa sẽ đánh em nếu em kể với cô.,HIGH_RISK,train,synthetic,
VNBL_02096,Hôm nay lớp em học về chủ đề phòng chống bắt nạt học đường....,SAFE,train,synthetic,
VNBL_02097,Bé kể rằng bạn Linh ép con phải đưa mật khẩu tài khoản và dọa đánh.,HIGH_RISK,train,synthetic,
VNBL_02098,"Bạn Trang nói câu đùa làm con khó chịu, sau đó bạn đã xin lỗi....",SAFE,validation,synthetic,
VNBL_02099,em ko thích tiết thể dục nhưng vẫn đi học bình thường. (lần kể 2),SAFE,validation,synthetic,
VNBL_02100,bé kể rằng các bạn không cho em chơi cùng ở lớp....,RISK,validation,synthetic,
VNBL_02101,"theo lời bé, các bạn cố tình làm hỏng đồ dùng của con.",RISK,test,synthetic,
VNBL_02102,"Theo lời bé, hôm nay em bị một nhóm bạn đánh lúc tan học.",HIGH_RISK,train,synthetic,
VNBL_02103,"theo lời bé, tuần này em bị một nhóm bạn đánh trên xe đưa đón.",HIGH_RISK,train,synthetic,
VNBL_02104,"theo lời bé, các bạn ko cho em chơi cùng ở sân trường.",RISK,train,synthetic,
VNBL_02105,mỗi giờ ra chơi bé đi học bình thường và chơi với các bạn.,SAFE,test,synthetic,
VNBL_02106,"theo lời bé, có bạn bắt em làm bài hộ nếu không sẽ nói xấu em.",RISK,train,synthetic,
VNBL_02107,Bé kể rằng các bạn quay video lúc con khóc rồi gửi cho nhau.,RISK,train,synthetic,
VNBL_02108,Con nói là mấy hôm nay em bị một nhóm bạn đánh ở lớp.,HIGH_RISK,train,synthetic,
VNBL_02109,"Em bị ngã ở lớp khi đang chạy, không có ai xô em.",SAFE,validation,synthetic,
VNBL_02110,"Theo lời bé, bé sợ giờ ra chơi vì các bạn hay vây quanh trêu chọc.",RISK,validation,synthetic,
VNBL_02111,"theo lời bé, bạn Nam ép em phải đưa mật khẩu tài khoản và dọa đánh.",HIGH_RISK,train,synthetic,
VNBL_02112,"Em bị ngã ngoài hành lang khi đang chạy, ko có ai xô con.",SAFE,train,synthetic,
VNBL_02113,Bé kể rằng các bạn đá con khi em ngã xuống.,HIGH_RISK,train,synthetic,
VNBL_02114,cô giáo nhắc cả lớp không được đánh nhau và phải tôn trọng nhau. (lần kể 2),SAFE,train,synthetic,
VNBL_02115,em bị đau tay do chơi thể thao ở sân trường. ạ (lần kể 2),SAFE,test,synthetic,
VNBL_02116,Em nói bạn Minh dọa sẽ đánh bé nếu em kể với cô.,HIGH_RISK,train,synthetic,
VNBL_02117,Bé kể rằng bạn Linh ép bé phải đưa mật khẩu tài khoản và dọa đánh.,HIGH_RISK,train,synthetic,
VNBL_02118,Con nói là các bạn không cho em chơi cùng trên xe đưa đón. ạ,RISK,test,synthetic,
VNBL_02119,bạn Linh ép em phải đưa mật khẩu tài khoản và dọa đánh.,HIGH_RISK,train,synthetic,
VNBL_02120,Dạo này bạn An lấy đồ của em rồi ko chịu trả.,RISK,train,synthetic,
VNBL_02121,Bé kể rằng cả nhóm cố tình ko cho em ngồi cùng....,RISK,validation,synthetic,
VNBL_02122,"Theo lời bé, em ko dám kể với cô vì sợ bị các bạn ghét hơn.",RISK,train,synthetic,
VNBL_02123,"theo lời bé, bạn Huy dọa sẽ đánh em nếu em kể với cô.",HIGH_RISK,test,synthetic,
VNBL_02124,Bạn Vy vô tình va vào con trên xe đưa đón rồi xin lỗi. ạ,SAFE,train,synthetic,
VNBL_02125,con nói là em bị tát nhiều lần ngoài hành lang.,HIGH_RISK,train,synthetic,
VNBL_02126,Dạo này các bạn cố tình làm hỏng đồ dùng của bé.,RISK,train,synthetic,
VNBL_02127,Em nói mỗi giờ ra chơi em bị một nhóm bạn đánh trên xe đưa đón.,HIGH_RISK,validation,synthetic,
VNBL_02128,bé kể rằng bạn Huy đấm em vào người.,HIGH_RISK,train,synthetic,
VNBL_02129,Dạo này một nhóm bạn lấy tiền của bé và dọa không được nói với bố mẹ.,HIGH_RISK,train,synthetic,
VNBL_02130,Bạn Huy mượn bút của con và đã trả lại.,SAFE,train,synthetic,
VNBL_02131,Con nói là mấy bạn chặn đường con lúc tan học để đánh.,HIGH_RISK,test,synthetic,
VNBL_02132,Con nói là có bạn dọa làm con bị thương nếu em không làm theo.,HIGH_RISK,train,synthetic,
VNBL_02133,Em và bạn An tranh luận một chút rồi đã làm hòa. ạ,SAFE,test,synthetic,
VNBL_02134,Em ko thích tiết thể dục nhưng vẫn đi học bình thường. (lần kể 2),SAFE,train,synthetic,
VNBL_02135,"theo lời bé, con không dám kể với cô vì sợ bị các bạn ghét hơn.",RISK,train,synthetic,
VNBL_02136,Con nói là bạn Phúc lấy đồ của em rồi ko chịu trả....,RISK,validation,synthetic,
VNBL_02137,Em và bạn Linh tranh luận một chút rồi đã làm hòa. ạ,SAFE,train,synthetic,
VNBL_02138,"Theo lời bé, bé bị đánh nhiều lần trong tuần này.",HIGH_RISK,train,synthetic,
VNBL_02139,con thường bị lấy đồ ăn mà ko được hỏi.,RISK,test,synthetic,
VNBL_02140,bạn Minh vô tình va vào em ngoài hành lang rồi xin lỗi. (lần kể 2),SAFE,validation,synthetic,
VNBL_02141,Dạo này bạn Lan nhắn tin xúc phạm em liên tục.,RISK,validation,synthetic,
VNBL_02142,"mẹ hỏi bé có bị bạn nào bắt nạt ko, em nói là ko.",SAFE,train,synthetic,
VNBL_02143,bạn Vy mượn bút của bé và đã trả lại.,SAFE,train,synthetic,
VNBL_02144,dạo này em bị giấu cặp sách và đồ dùng học tập.,RISK,validation,synthetic,
VNBL_02145,"em bị ngã ở lớp khi đang chạy, không có ai xô em....",SAFE,train,synthetic,
VNBL_02146,bé kể rằng các bạn ko cho em chơi cùng ngoài hành lang.,RISK,train,synthetic,
VNBL_02147,Con nói là họ dọa sẽ tiếp tục đánh nếu bé báo với người lớn.,HIGH_RISK,validation,synthetic,
VNBL_02148,cô giáo nhắc cả lớp ko được đánh nhau và phải tôn trọng nhau.,SAFE,validation,synthetic,
VNBL_02149,Dạo này bạn Phúc ép con phải đưa mật khẩu tài khoản và dọa đánh.,HIGH_RISK,test,synthetic,
VNBL_02150,họ nhốt em trong nhà vệ sinh và không cho ra....,HIGH_RISK,train,synthetic,
VNBL_02151,Bạn Nam vô tình va vào con trên xe đưa đón rồi xin lỗi.,SAFE,train,synthetic,
VNBL_02152,Con nói là em ko dám kể với cô vì sợ bị các bạn ghét hơn.,RISK,validation,synthetic,
VNBL_02153,Bạn Vy vô tình va vào em ở sân trường rồi xin lỗi. ạ,SAFE,train,synthetic,
VNBL_02154,lớp em xem video hướng dẫn cách báo với người lớn khi bị bắt nạt....,SAFE,train,synthetic,
VNBL_02155,Con nói là mấy hôm nay các bạn cứ gọi em bằng biệt danh em ko thích.,RISK,train,synthetic,
VNBL_02156,Bé kể rằng bạn Mai dọa sẽ đánh em nếu em kể với cô.,HIGH_RISK,validation,synthetic,
VNBL_02157,Dạo này bạn An dọa sẽ đánh em nếu em kể với cô.,HIGH_RISK,train,synthetic,
VNBL_02158,Bé kể rằng bạn Hà nhắn tin xúc phạm em liên tục. ạ,RISK,test,synthetic,
VNBL_02159,"theo lời bé, em bị tát nhiều lần ở lớp.",HIGH_RISK,train,synthetic,
VNBL_02160,bạn Linh mượn bút của em và đã trả lại.,SAFE,train,synthetic,
VNBL_02161,dạo này bạn Khánh dọa sẽ đánh em nếu em kể với cô.,HIGH_RISK,test,synthetic,
VNBL_02162,Con nói là con bị ép đưa đồ ăn và tiền cho các bạn.,HIGH_RISK,test,synthetic,
VNBL_02163,"Theo lời bé, em bị chửi và xúc phạm ở sân trường.",RISK,validation,synthetic,
VNBL_02164,Con nói là gần đây các bạn cứ gọi em bằng biệt danh em ko thích.,RISK,train,synthetic,
VNBL_02165,Bạn Hà mượn bút của em và đã trả lại.... (lần kể 2),SAFE,train,synthetic,
VNBL_02166,Con nói là các bạn không cho em chơi cùng ở lớp.,RISK,train,synthetic,
VNBL_02167,Em nói em có vết bầm vì bị bạn đánh lúc tan học. ạ,HIGH_RISK,test,synthetic,
VNBL_02168,Em với bạn Mai giành bóng khi chơi rồi tiếp tục chơi bình thường.,SAFE,train,synthetic,
VNBL_02169,Dạo này em không dám phát biểu vì các bạn hay cười nhạo.,RISK,train,synthetic,
VNBL_02170,Bạn Huy mượn bút của bé và đã trả lại. ạ,SAFE,train,synthetic,
VNBL_02171,"em bị ngã ngoài hành lang khi đang chạy, không có ai xô con.",SAFE,test,synthetic,
VNBL_02172,"Theo lời bé, em không dám phát biểu vì các bạn hay cười nhạo.",RISK,train,synthetic,
VNBL_02173,Dạo này em bị chửi và xúc phạm lúc tan học.,RISK,train,synthetic,
VNBL_02174,"Bạn An nói câu đùa làm con khó chịu, sau đó bạn đã xin lỗi. ạ",SAFE,train,synthetic,
VNBL_02175,Bé kể rằng mấy bạn chặn đường con lúc tan học để đánh.,HIGH_RISK,train,synthetic,
VNBL_02176,Em không thích tiết thể dục nhưng vẫn đi học bình thường.... (lần kể 2),SAFE,train,synthetic,
VNBL_02177,Bé kể rằng con thường bị xô vai và chọc ghẹo khi đi qua hành lang.,RISK,train,synthetic,
VNBL_02178,Em nói các bạn đá em khi em ngã xuống. ạ,HIGH_RISK,train,synthetic,
VNBL_02179,Dạo này em ko muốn đi học vì sợ gặp nhóm bạn trong lớp.,RISK,validation,synthetic,
VNBL_02180,Bé kể rằng bạn Huy dọa sẽ đánh em nếu em kể với cô. ạ,HIGH_RISK,test,synthetic,
VNBL_02181,"Theo lời bé, ngày nào họ cũng trêu bé dù em đã bảo dừng.",RISK,test,synthetic,
VNBL_02182,Cô giáo nhắc cả lớp không được đánh nhau và phải tôn trọng nhau.,SAFE,test,synthetic,
VNBL_02183,Em nghỉ học hôm nay vì gia đình có việc.... (lần kể 2),SAFE,test,synthetic,
VNBL_02184,Bạn Khánh vô tình va vào con trên xe đưa đón rồi xin lỗi. (lần kể 2),SAFE,train,synthetic,
VNBL_02185,Em với bạn Hà giành bóng khi chơi rồi tiếp tục chơi bình thường. ạ,SAFE,train,synthetic,
VNBL_02186,bạn Trang dọa sẽ đánh bé nếu em kể với cô....,HIGH_RISK,train,synthetic,
VNBL_02187,em nói các bạn không cho em chơi cùng trong giờ ra chơi.,RISK,train,synthetic,
VNBL_02188,"theo lời bé, bạn Minh nhắn tin xúc phạm em liên tục.",RISK,validation,synthetic,
VNBL_02189,Bé kể rằng em bị tát nhiều lần ở sân trường.,HIGH_RISK,train,synthetic,
VNBL_02190,em ko muốn đến trường ngày mai vì chưa làm xong bài tập. (lần kể 2),SAFE,train,synthetic,
VNBL_02191,Em nói em bị chửi và xúc phạm trong giờ ra chơi. ạ,RISK,train,synthetic,
VNBL_02192,em nói một số bạn tung tin sai về bé trong lớp.,RISK,train,synthetic,
VNBL_02193,con nói là em bị ép làm việc em không muốn và bị đe dọa nếu từ chối.,HIGH_RISK,train,synthetic,
VNBL_02194,bạn Phúc vô tình va vào em trong giờ ra chơi rồi xin lỗi.,SAFE,train,synthetic,
VNBL_02195,"Em và các bạn trêu nhau vui, khi em bảo dừng thì mọi người dừng lại. ạ",SAFE,train,synthetic,
VNBL_02196,Em nói bạn Linh đấm con vào người.,HIGH_RISK,train,synthetic,
VNBL_02197,Hôm nay lớp bé học về chủ đề phòng chống bắt nạt học đường.... (lần kể 2),SAFE,validation,synthetic,
VNBL_02198,em nói bạn Minh nhắn tin xúc phạm em liên tục.,RISK,validation,synthetic,
VNBL_02199,bạn Mai nhắn tin xúc phạm em liên tục. ạ,RISK,validation,synthetic,
VNBL_02200,bạn An mượn bút của em và đã trả lại. ạ,SAFE,train,synthetic,
VNBL_02201,"Theo lời bé, bạn Nam lấy đồ của bé rồi không chịu trả.",RISK,train,synthetic,
VNBL_02202,bé kể rằng mấy bạn thường xuyên cười nhạo em trước lớp....,RISK,train,synthetic,
VNBL_02203,Con nói là các bạn bắt em đưa tiền mỗi tuần.,HIGH_RISK,test,synthetic,
VNBL_02204,bé kể rằng bạn Minh lấy đồ của em rồi không chịu trả.,RISK,train,synthetic,
VNBL_02205,Em muốn chuyển chỗ ngồi vì gần cửa sổ bị nắng.... (lần kể 2),SAFE,test,synthetic,
VNBL_02206,Bé kể rằng một nhóm bạn lấy tiền của con và dọa không được nói với bố mẹ.,HIGH_RISK,train,synthetic,
VNBL_02207,con nói là bạn Mai dọa sẽ đánh em nếu em kể với cô.,HIGH_RISK,validation,synthetic,
VNBL_02208,con nói là mấy bạn chặn đường em lúc tan học để đánh.,HIGH_RISK,train,synthetic,
VNBL_02209,Con nói là em có vết bầm vì bị bạn đánh trên xe đưa đón....,HIGH_RISK,validation,synthetic,
VNBL_02210,Bé kể rằng bé bị đuổi ra khỏi nhóm chat của lớp. ạ,RISK,test,synthetic,
VNBL_02211,mỗi giờ ra chơi em bị một nhóm bạn đánh trong giờ ra chơi.,HIGH_RISK,train,synthetic,
VNBL_02212,Em nói các bạn không cho con chơi cùng ngoài hành lang.,RISK,train,synthetic,
VNBL_02213,con nói là cả nhóm cố tình ko cho em ngồi cùng.,RISK,train,synthetic,
VNBL_02214,Dạo này hôm nay em bị một nhóm bạn đánh ở sân trường. ạ,HIGH_RISK,train,synthetic,
VNBL_02215,"theo lời bé, gần đây em bị một nhóm bạn đánh trong giờ ra chơi.",HIGH_RISK,train,synthetic,
VNBL_02216,em nói gần đây em bị một nhóm bạn đánh ở lớp.,HIGH_RISK,train,synthetic,
VNBL_02217,"Bạn Khánh nói câu đùa làm bé khó chịu, sau đó bạn đã xin lỗi.",SAFE,validation,synthetic,
VNBL_02218,Em nói gần đây các bạn cứ gọi bé bằng biệt danh em không thích.,RISK,test,synthetic,
VNBL_02219,con nói là họ dọa sẽ tiếp tục đánh nếu con báo với người lớn.,HIGH_RISK,train,synthetic,
VNBL_02220,"Em bị ngã ngoài hành lang khi đang chạy, không có ai xô em. ạ",SAFE,train,synthetic,
VNBL_02221,Bạn Phúc mượn bút của bé và đã trả lại.,SAFE,train,synthetic,
VNBL_02222,con bị xô xuống cầu thang nhưng may em bám được tay vịn.,HIGH_RISK,validation,synthetic,
VNBL_02223,"Theo lời bé, em bị chặn ở cổng trường và cướp tiền. ạ",HIGH_RISK,train,synthetic,
VNBL_02224,con thường bị xô vai và chọc ghẹo khi đi qua hành lang....,RISK,train,synthetic,
VNBL_02225,em và bạn Vy tranh luận một chút rồi đã làm hòa.,SAFE,train,synthetic,
VNBL_02226,Bé kể rằng em không muốn đi học vì sợ gặp nhóm bạn trong lớp.,RISK,train,synthetic,
VNBL_02227,Bạn Khánh vô tình va vào em trên xe đưa đón rồi xin lỗi....,SAFE,test,synthetic,
VNBL_02228,"theo lời bé, các bạn quay video lúc đánh con rồi gửi vào nhóm.",HIGH_RISK,train,synthetic,
VNBL_02229,Bạn Phúc vô tình va vào con trong giờ ra chơi rồi xin lỗi. (lần kể 2),SAFE,train,synthetic,
VNBL_02230,Con nói là con bị giữ tay để một bạn khác đánh.,HIGH_RISK,train,synthetic,
VNBL_02231,"Theo lời bé, các bạn quay video lúc bé khóc rồi gửi cho nhau.",RISK,test,synthetic,
VNBL_02232,"Bạn Khánh nói câu đùa làm con khó chịu, sau đó bạn đã xin lỗi.",SAFE,validation,synthetic,
VNBL_02233,Bạn Trang vô tình va vào em ở lớp rồi xin lỗi. (lần kể 2),SAFE,train,synthetic,
VNBL_02234,dạo này em bị chửi và xúc phạm ngoài hành lang.,RISK,train,synthetic,
VNBL_02235,Em nói mỗi giờ ra chơi các bạn cứ gọi con bằng biệt danh em không thích.,RISK,train,synthetic,
VNBL_02236,bạn Trang nhắn tin xúc phạm em liên tục. ạ,RISK,train,synthetic,
VNBL_02237,Em nói một nhóm bạn thường xuyên đạp vào chân em dưới bàn.,HIGH_RISK,train,synthetic,
VNBL_02238,Bạn Mai vô tình va vào con lúc tan học rồi xin lỗi....,SAFE,validation,synthetic,
VNBL_02239,bạn Huy vô tình va vào bé trong giờ ra chơi rồi xin lỗi....,SAFE,train,synthetic,
VNBL_02240,hôm nay em làm rơi hộp bút và bạn đã nhặt giúp.,SAFE,train,synthetic,
VNBL_02241,dạo này con cảm thấy bị cô lập vì không ai trong nhóm chịu nói chuyện với em.,RISK,train,synthetic,
VNBL_02242,Dạo này bạn An dọa sẽ đánh em nếu em kể với cô....,HIGH_RISK,train,synthetic,
VNBL_02243,Bé kể rằng bạn Lan dọa sẽ đánh bé nếu em kể với cô.,HIGH_RISK,validation,synthetic,
VNBL_02244,Bạn Nam mượn bút của con và đã trả lại....,SAFE,validation,synthetic,
VNBL_02245,bạn Minh vô tình va vào em trong giờ ra chơi rồi xin lỗi.,SAFE,train,synthetic,
VNBL_02246,Bạn Linh mượn bút của em và đã trả lại....,SAFE,train,synthetic,
VNBL_02247,bạn Nam dọa sẽ đánh em nếu em kể với cô.,HIGH_RISK,validation,synthetic,
VNBL_02248,Em nói bé cảm thấy bị cô lập vì không ai trong nhóm chịu nói chuyện với em.,RISK,train,synthetic,
VNBL_02249,cô giáo nhắc cả lớp ko được đánh nhau và phải tôn trọng nhau....,SAFE,train,synthetic,
VNBL_02250,Con nói là mấy bạn ném đồ cứng vào bé và cười.,HIGH_RISK,train,synthetic,
VNBL_02251,"Bạn Vy nói câu đùa làm em khó chịu, sau đó bạn đã xin lỗi.... (lần kể 2)",SAFE,train,synthetic,
VNBL_02252,"theo lời bé, em bị chửi và xúc phạm lúc tan học.",RISK,test,synthetic,
VNBL_02253,Em nói họ dọa sẽ tiếp tục đánh nếu em báo với người lớn. ạ,HIGH_RISK,validation,synthetic,
VNBL_02254,em nói bé có vết bầm vì bị bạn đánh ngoài hành lang.,HIGH_RISK,train,synthetic,
VNBL_02255,Dạo này bé có vết bầm vì bị bạn đánh ngoài hành lang.,HIGH_RISK,train,synthetic,
VNBL_02256,em nói các bạn bắt em đưa tiền mỗi tuần.,HIGH_RISK,validation,synthetic,
VNBL_02257,em với bạn An giành bóng khi chơi rồi tiếp tục chơi bình thường....,SAFE,train,synthetic,
VNBL_02258,bé kể rằng bạn Khánh nhắn tin xúc phạm em liên tục.,RISK,test,synthetic,
VNBL_02259,Em nói hôm qua các bạn cứ gọi bé bằng biệt danh em không thích.,RISK,test,synthetic,
VNBL_02260,Bé kể rằng gần đây các bạn cứ gọi em bằng biệt danh em không thích.,RISK,validation,synthetic,
VNBL_02261,Bé kể rằng hôm nay con bị một nhóm bạn đánh ở lớp.,HIGH_RISK,train,synthetic,
VNBL_02262,bạn Minh mượn bút của em và đã trả lại.... (lần kể 2),SAFE,train,synthetic,
VNBL_02263,"Theo lời bé, mấy bạn ném đồ cứng vào con và cười.",HIGH_RISK,train,synthetic,
VNBL_02264,dạo này mỗi giờ ra chơi em bị một nhóm bạn đánh trên xe đưa đón.,HIGH_RISK,train,synthetic,
VNBL_02265,"Bạn Mai nói câu đùa làm em khó chịu, sau đó bạn đã xin lỗi.",SAFE,test,synthetic,
VNBL_02266,Bạn Mai vô tình va vào em lúc tan học rồi xin lỗi. ạ,SAFE,validation,synthetic,
VNBL_02267,Em nói bé bị đánh nhiều lần trong tuần này. ạ,HIGH_RISK,train,synthetic,
VNBL_02268,Con nói là các bạn chế ảnh của em rồi gửi vào nhóm lớp. ạ,RISK,train,synthetic,
VNBL_02269,Em và bạn Hà tranh luận một chút rồi đã làm hòa.,SAFE,train,synthetic,
VNBL_02270,nhóm của bé không chọn ý tưởng của em nhưng mọi người vẫn làm việc cùng nhau.,SAFE,train,synthetic,
VNBL_02271,Bé kể rằng em bị loại khỏi các hoạt động của nhóm nhiều lần.,RISK,validation,synthetic,
VNBL_02272,em sợ bị cô gọi lên bảng vì chưa thuộc bài....,SAFE,test,synthetic,
VNBL_02273,bạn An vô tình va vào con trên xe đưa đón rồi xin lỗi.,SAFE,train,synthetic,
VNBL_02274,Em nói em ko dám kể với cô vì sợ bị các bạn ghét hơn.,RISK,test,synthetic,
VNBL_02275,Dạo này bé bị chửi và xúc phạm lúc tan học.,RISK,train,synthetic,
VNBL_02276,hôm nay em bị một nhóm bạn đánh trong giờ ra chơi.,HIGH_RISK,train,synthetic,
VNBL_02277,Bé kể rằng gần đây bé bị một nhóm bạn đánh ở sân trường.,HIGH_RISK,train,synthetic,
VNBL_02278,mấy hôm nay em bị một nhóm bạn đánh trong giờ ra chơi.,HIGH_RISK,validation,synthetic,
VNBL_02279,Dạo này bạn Lan nhắn tin xúc phạm em liên tục. ạ,RISK,validation,synthetic,
VNBL_02280,"theo lời bé, bạn Lan dọa sẽ đánh em nếu em kể với cô.",HIGH_RISK,train,synthetic,
VNBL_02281,em với bạn Huy giành bóng khi chơi rồi tiếp tục chơi bình thường. (lần kể 2),SAFE,test,synthetic,
VNBL_02282,Bé kể rằng em bị xô xuống cầu thang nhưng may em bám được tay vịn....,HIGH_RISK,train,synthetic,
VNBL_02283,Em và bạn Vy tranh luận một chút rồi đã làm hòa. ạ,SAFE,train,synthetic,
VNBL_02284,Em nói các bạn không cho em chơi cùng trong giờ ra chơi.,RISK,train,synthetic,
VNBL_02285,Dạo này có bạn bóp cổ em trong giờ ra chơi....,HIGH_RISK,train,synthetic,
VNBL_02286,"theo lời bé, các bạn không cho em chơi cùng ngoài hành lang.",RISK,train,synthetic,
VNBL_02287,một số bạn tung tin sai về em trong lớp....,RISK,validation,synthetic,
VNBL_02288,em nói bạn Linh đấm em vào người.,HIGH_RISK,validation,synthetic,
VNBL_02289,con bị chặn ở cổng trường và cướp tiền.,HIGH_RISK,validation,synthetic,
VNBL_02290,bạn Hà mượn bút của em và đã trả lại....,SAFE,train,synthetic,
VNBL_02291,Con nói là bé bị giữ tay để một bạn khác đánh.,HIGH_RISK,train,synthetic,
VNBL_02292,"Theo lời bé, bạn Minh lấy đồ của em rồi không chịu trả.",RISK,train,synthetic,
VNBL_02293,Em đọc một bài báo nói về bạo lực học đường. ạ (lần kể 2),SAFE,validation,synthetic,
VNBL_02294,Bạn Nam mượn bút của con và đã trả lại.,SAFE,train,synthetic,
VNBL_02295,Bạn Phúc vô tình va vào em trong giờ ra chơi rồi xin lỗi....,SAFE,train,synthetic,
VNBL_02296,con nói là bạn Hà đấm em vào người.,HIGH_RISK,train,synthetic,
VNBL_02297,dạo này có bạn dọa làm con bị thương nếu em không làm theo.,HIGH_RISK,test,synthetic,
VNBL_02298,Dạo này em bị loại khỏi các hoạt động của nhóm nhiều lần.,RISK,test,synthetic,
VNBL_02299,tuần này bé đi học bình thường và chơi với các bạn. (lần kể 2),SAFE,train,synthetic,
VNBL_02300,Em nói con thường bị lấy đồ ăn mà không được hỏi. ạ,RISK,train,synthetic,
VNBL_02301,bé kể rằng bạn Nam nhắn tin xúc phạm em liên tục.,RISK,validation,synthetic,
VNBL_02302,bạn Linh nhắn tin xúc phạm em liên tục.,RISK,train,synthetic,
VNBL_02303,bạn Khánh mượn bút của bé và đã trả lại.,SAFE,train,synthetic,
VNBL_02304,"em bị ngã ở sân trường khi đang chạy, ko có ai xô em. (lần kể 2)",SAFE,train,synthetic,
VNBL_02305,con nói là bạn Huy ép em phải đưa mật khẩu tài khoản và dọa đánh.,HIGH_RISK,train,synthetic,
VNBL_02306,em thấy hai bạn khác cãi nhau nhưng em không liên quan....,SAFE,train,synthetic,
VNBL_02307,Em nói bạn Phúc đấm em vào người....,HIGH_RISK,train,synthetic,
VNBL_02308,Bé kể rằng một nhóm bạn lấy tiền của em và dọa ko được nói với bố mẹ.,HIGH_RISK,test,synthetic,
VNBL_02309,Bạn Khánh mượn bút của con và đã trả lại. (lần kể 2),SAFE,train,synthetic,
VNBL_02310,Em và bạn Phúc tranh luận một chút rồi đã làm hòa.,SAFE,train,synthetic,
VNBL_02311,bạn Lan mượn bút của em và đã trả lại.,SAFE,test,synthetic,
VNBL_02312,Bạn Minh vô tình va vào em trong giờ ra chơi rồi xin lỗi. ạ,SAFE,test,synthetic,
VNBL_02313,con nói là em có vết bầm vì bị bạn đánh ở sân trường.,HIGH_RISK,validation,synthetic,
VNBL_02314,Dạo này tuần này em bị một nhóm bạn đánh lúc tan học.,HIGH_RISK,validation,synthetic,
VNBL_02315,"Bạn Hà nói câu đùa làm em khó chịu, sau đó bạn đã xin lỗi. (lần kể 2)",SAFE,train,synthetic,
VNBL_02316,em nói em bị chửi và xúc phạm ngoài hành lang.,RISK,train,synthetic,
VNBL_02317,Bé kể rằng bạn Khánh nhắn tin xúc phạm em liên tục.,RISK,train,synthetic,
VNBL_02318,"theo lời bé, mấy hôm nay em bị một nhóm bạn đánh trên xe đưa đón.",HIGH_RISK,train,synthetic,
VNBL_02319,"Em bị ngã lúc tan học khi đang chạy, không có ai xô em....",SAFE,validation,synthetic,
VNBL_02320,"theo lời bé, bạn Linh dọa sẽ đánh em nếu em kể với cô.",HIGH_RISK,train,synthetic,
VNBL_02321,Em và bạn Phúc tranh luận một chút rồi đã làm hòa. (lần kể 2),SAFE,test,synthetic,
VNBL_02322,con nói là em có vết bầm vì bị bạn đánh ở lớp.,HIGH_RISK,train,synthetic,
VNBL_02323,tuần này bé đi học bình thường và chơi với các bạn....,SAFE,train,synthetic,
VNBL_02324,"theo lời bé, bạn Vy nhắn tin xúc phạm em liên tục....",RISK,validation,synthetic,
VNBL_02325,tuần này con đi học bình thường và chơi với các bạn. ạ (lần kể 2),SAFE,train,synthetic,
VNBL_02326,em hơi buồn vì điểm kiểm tra thấp....,SAFE,train,synthetic,
VNBL_02327,Bé kể rằng các bạn cố tình làm hỏng đồ dùng của em.,RISK,train,synthetic,
VNBL_02328,Em nói tuần này em bị một nhóm bạn đánh trên xe đưa đón.,HIGH_RISK,train,synthetic,
VNBL_02329,em nói em thường bị xô vai và chọc ghẹo khi đi qua hành lang....,RISK,train,synthetic,
VNBL_02330,bé kể rằng em sợ giờ ra chơi vì các bạn hay vây quanh trêu chọc....,RISK,train,synthetic,
VNBL_02331,bé kể rằng bạn Mai dọa sẽ đánh em nếu em kể với cô.,HIGH_RISK,validation,synthetic,
VNBL_02332,Cô giáo đang giải thích thế nào là hành vi cô lập bạn bè. (lần kể 2),SAFE,train,synthetic,
VNBL_02333,Dạo này hôm qua em bị một nhóm bạn đánh trong giờ ra chơi.,HIGH_RISK,train,synthetic,
VNBL_02334,Em nói các bạn ko cho em chơi cùng trên xe đưa đón.,RISK,train,synthetic,
VNBL_02335,Bạn Linh vô tình va vào em ở sân trường rồi xin lỗi.... (lần kể 2),SAFE,train,synthetic,
VNBL_02336,em nói bạn Phúc nhắn tin xúc phạm em liên tục.,RISK,test,synthetic,
VNBL_02337,Em với bạn Hà giành bóng khi chơi rồi tiếp tục chơi bình thường.... (lần kể 2),SAFE,train,synthetic,
VNBL_02338,Bé kể rằng mấy hôm nay các bạn cứ gọi con bằng biệt danh em không thích.,RISK,train,synthetic,
VNBL_02339,Bạn Huy vô tình va vào em lúc tan học rồi xin lỗi. (lần kể 2),SAFE,train,synthetic,
VNBL_02340,Con nói là em có vết bầm vì bị bạn đánh ở sân trường.,HIGH_RISK,train,synthetic,
VNBL_02341,Bạn Khánh vô tình va vào em lúc tan học rồi xin lỗi....,SAFE,train,synthetic,
VNBL_02342,"Theo lời bé, em bị giữ tay để một bạn khác đánh.",HIGH_RISK,test,synthetic,
VNBL_02343,dạo này họ nói tan học đợi đấy rồi vây em ở cổng trường.,HIGH_RISK,train,synthetic,
VNBL_02344,Dạo này các bạn quay video lúc đánh bé rồi gửi vào nhóm....,HIGH_RISK,train,synthetic,
VNBL_02345,Con nói là bạn Phúc lấy đồ của con rồi không chịu trả.,RISK,train,synthetic,
VNBL_02346,"Theo lời bé, mấy hôm nay các bạn cứ gọi em bằng biệt danh em ko thích.",RISK,train,synthetic,
VNBL_02347,bạn Hà nhắn tin xúc phạm con liên tục.,RISK,train,synthetic,
VNBL_02348,Bé kể rằng các bạn ko cho em chơi cùng lúc tan học.,RISK,test,synthetic,
VNBL_02349,bạn Huy vô tình va vào em trong giờ ra chơi rồi xin lỗi.,SAFE,train,synthetic,
VNBL_02350,"Theo lời bé, mấy hôm nay các bạn cứ gọi bé bằng biệt danh em không thích.",RISK,validation,synthetic,
VNBL_02351,bé kể rằng em bị chửi và xúc phạm lúc tan học.,RISK,train,synthetic,
VNBL_02352,Em nói em bị ép đưa đồ ăn và tiền cho các bạn....,HIGH_RISK,train,synthetic,
VNBL_02353,Em nói bé bị tát nhiều lần ở sân trường.,HIGH_RISK,train,synthetic,
VNBL_02354,Dạo này em có vết bầm vì bị bạn đánh ngoài hành lang....,HIGH_RISK,train,synthetic,
VNBL_02355,em thường bị lấy đồ ăn mà không được hỏi....,RISK,train,synthetic,
VNBL_02356,Con nói là em bị tát nhiều lần ở lớp.,HIGH_RISK,test,synthetic,
VNBL_02357,Bé kể rằng bạn An lấy đồ của bé rồi không chịu trả.,RISK,test,synthetic,
VNBL_02358,Em nói em ko dám phát biểu vì các bạn hay cười nhạo. ạ,RISK,train,synthetic,
VNBL_02359,Bé kể rằng mỗi giờ ra chơi bé bị một nhóm bạn đánh ngoài hành lang.,HIGH_RISK,train,synthetic,
VNBL_02360,em nói em có vết bầm vì bị bạn đánh ở sân trường.,HIGH_RISK,test,synthetic,
VNBL_02361,Nhóm của em ko chọn ý tưởng của em nhưng mọi người vẫn làm việc cùng nhau. (lần kể 2),SAFE,test,synthetic,
VNBL_02362,Dạo này bạn Linh nhắn tin xúc phạm em liên tục....,RISK,test,synthetic,
VNBL_02363,Cô giáo nhắc cả lớp không được đánh nhau và phải tôn trọng nhau. ạ (lần kể 2),SAFE,train,synthetic,
VNBL_02364,Em nói bạn Trang ép em phải đưa mật khẩu tài khoản và dọa đánh.,HIGH_RISK,train,synthetic,
VNBL_02365,Nhóm của em không chọn ý tưởng của em nhưng mọi người vẫn làm việc cùng nhau. ạ,SAFE,train,synthetic,
VNBL_02366,bạn Huy vô tình va vào con ở sân trường rồi xin lỗi.,SAFE,train,synthetic,
VNBL_02367,Bạn Phúc vô tình va vào em trên xe đưa đón rồi xin lỗi. (lần kể 2),SAFE,train,synthetic,
VNBL_02368,Bạn Lan vô tình va vào em ở sân trường rồi xin lỗi. (lần kể 2),SAFE,validation,synthetic,
VNBL_02369,"Theo lời bé, mấy bạn chặn đường em lúc tan học để đánh.",HIGH_RISK,train,synthetic,
VNBL_02370,Bạn Trang vô tình va vào con lúc tan học rồi xin lỗi. (lần kể 2),SAFE,train,synthetic,
VNBL_02371,các bạn không cho bé chơi cùng trên xe đưa đón.,RISK,validation,synthetic,
VNBL_02372,Em nói con bị xô xuống cầu thang nhưng may em bám được tay vịn.,HIGH_RISK,validation,synthetic,
VNBL_02373,Bạn Linh vô tình va vào em trong giờ ra chơi rồi xin lỗi.,SAFE,train,synthetic,
VNBL_02374,Bé kể rằng có người đăng bài bêu xấu em trên mạng.,RISK,train,synthetic,
VNBL_02375,Bạn Huy vô tình va vào em ở sân trường rồi xin lỗi. ạ,SAFE,validation,synthetic,
VNBL_02376,Con nói là bạn Khánh dọa sẽ đánh em nếu em kể với cô.,HIGH_RISK,train,synthetic,
VNBL_02377,Bạn An vô tình va vào bé ở lớp rồi xin lỗi. ạ,SAFE,train,synthetic,
VNBL_02378,Bạn Nam vô tình va vào em ngoài hành lang rồi xin lỗi. ạ,SAFE,validation,synthetic,
VNBL_02379,"theo lời bé, cả nhóm cố tình không cho em ngồi cùng....",RISK,test,synthetic,
VNBL_02380,"theo lời bé, các bạn quay video lúc em khóc rồi gửi cho nhau....",RISK,train,synthetic,
VNBL_02381,em nói bạn Khánh đấm em vào người.,HIGH_RISK,test,synthetic,
VNBL_02382,bạn An vô tình va vào em ở sân trường rồi xin lỗi. ạ,SAFE,train,synthetic,
VNBL_02383,"theo lời bé, em bị giữ tay để một bạn khác đánh.",HIGH_RISK,train,synthetic,
VNBL_02384,em nói một số bạn tung tin sai về em trong lớp. ạ,RISK,train,synthetic,
VNBL_02385,con nói là em có vết bầm vì bị bạn đánh trên xe đưa đón.,HIGH_RISK,train,synthetic,
VNBL_02386,Em nói các bạn bắt con đưa tiền mỗi tuần.,HIGH_RISK,train,synthetic,
VNBL_02387,"Theo lời bé, bé thường bị xô vai và chọc ghẹo khi đi qua hành lang.",RISK,test,synthetic,
VNBL_02388,Dạo này bạn Nam đấm con vào người.,HIGH_RISK,train,synthetic,
VNBL_02389,"bạn Lan nói câu đùa làm con khó chịu, sau đó bạn đã xin lỗi. (lần kể 2)",SAFE,test,synthetic,
VNBL_02390,"Theo lời bé, các bạn không cho em chơi cùng trong giờ ra chơi....",RISK,train,synthetic,
VNBL_02391,Bạn An vô tình va vào em lúc tan học rồi xin lỗi. ạ,SAFE,train,synthetic,
VNBL_02392,Em nói bé bị chửi và xúc phạm ở lớp.,RISK,train,synthetic,
VNBL_02393,"Em bị ngã ở sân trường khi đang chạy, không có ai xô em.",SAFE,train,synthetic,
VNBL_02394,em và bạn Vy tranh luận một chút rồi đã làm hòa. (lần kể 2),SAFE,test,synthetic,
VNBL_02395,em nói họ nói tan học đợi đấy rồi vây em ở cổng trường....,HIGH_RISK,test,synthetic,
VNBL_02396,Bạn Lan vô tình va vào em ở sân trường rồi xin lỗi. ạ (lần kể 2),SAFE,train,synthetic,
VNBL_02397,"Em bị ngã ở sân trường khi đang chạy, không có ai xô bé. (lần kể 2)",SAFE,train,synthetic,
VNBL_02398,dạo này gần đây các bạn cứ gọi em bằng biệt danh em ko thích.,RISK,train,synthetic,
VNBL_02399,Em nói bé bị đuổi ra khỏi nhóm chat của lớp.,RISK,train,synthetic,
VNBL_02400,em nói họ nói tan học đợi đấy rồi vây bé ở cổng trường.,HIGH_RISK,train,synthetic,
VNBL_02401,Con nói là con bị chửi và xúc phạm ở sân trường.,RISK,validation,synthetic,
VNBL_02402,Bạn Khánh mượn bút của em và đã trả lại.,SAFE,test,synthetic,
VNBL_02403,"bạn Khánh nói câu đùa làm bé khó chịu, sau đó bạn đã xin lỗi.",SAFE,train,synthetic,
VNBL_02404,Em nói hôm nay em bị một nhóm bạn đánh trên xe đưa đón....,HIGH_RISK,train,synthetic,
VNBL_02405,"Theo lời bé, em thường bị xô vai và chọc ghẹo khi đi qua hành lang.",RISK,train,synthetic,
VNBL_02406,bạn An vô tình va vào em trong giờ ra chơi rồi xin lỗi.,SAFE,test,synthetic,
VNBL_02407,"Theo lời bé, bạn Khánh nhắn tin xúc phạm em liên tục. ạ",RISK,train,synthetic,
VNBL_02408,bạn Linh lấy đồ của em rồi ko chịu trả.,RISK,train,synthetic,
VNBL_02409,Bé kể rằng có bạn dọa làm em bị thương nếu em không làm theo.,HIGH_RISK,train,synthetic,
VNBL_02410,bé kể rằng bạn Huy dọa sẽ đánh con nếu em kể với cô....,HIGH_RISK,train,synthetic,
VNBL_02411,bé kể rằng con bị giấu cặp sách và đồ dùng học tập.,RISK,train,synthetic,
VNBL_02412,Dạo này bạn Trang nhắn tin xúc phạm em liên tục.,RISK,train,synthetic,
VNBL_02413,Em nói gần đây em bị một nhóm bạn đánh trong giờ ra chơi.,HIGH_RISK,train,synthetic,
VNBL_02414,"Theo lời bé, bé bị giấu cặp sách và đồ dùng học tập.",RISK,test,synthetic,
VNBL_02415,"bạn Trang nói câu đùa làm em khó chịu, sau đó bạn đã xin lỗi....",SAFE,train,synthetic,
VNBL_02416,bé kể rằng có bạn dọa làm em bị thương nếu em ko làm theo.,HIGH_RISK,validation,synthetic,
VNBL_02417,Em nói con bị chửi và xúc phạm trong giờ ra chơi.,RISK,train,synthetic,
VNBL_02418,bé kể rằng em thường bị xô vai và chọc ghẹo khi đi qua hành lang.,RISK,train,synthetic,
VNBL_02419,Bạn Lan mượn bút của em và đã trả lại.... (lần kể 2),SAFE,train,synthetic,
VNBL_02420,Bé kể rằng bạn Hà lấy đồ của em rồi không chịu trả.,RISK,train,synthetic,
VNBL_02421,Bạn Lan vô tình va vào em lúc tan học rồi xin lỗi. (lần kể 2),SAFE,train,synthetic,
VNBL_02422,dạo này bạn Trang lấy đồ của em rồi không chịu trả.,RISK,train,synthetic,
VNBL_02423,bạn Linh vô tình va vào em ngoài hành lang rồi xin lỗi. ạ,SAFE,train,synthetic,
VNBL_02424,con nói là bạn Lan nhắn tin xúc phạm em liên tục.,RISK,train,synthetic,
VNBL_02425,bạn Linh vô tình va vào em trên xe đưa đón rồi xin lỗi.,SAFE,train,synthetic,
VNBL_02426,em có vết bầm vì bị bạn đánh ở sân trường.,HIGH_RISK,train,synthetic,
VNBL_02427,Bạn Trang mượn bút của bé và đã trả lại.,SAFE,train,synthetic,
VNBL_02428,Con nói là bé bị chửi và xúc phạm lúc tan học.,RISK,train,synthetic,
VNBL_02429,em thấy lo vì ngày mai có bài kiểm tra. ạ,SAFE,train,synthetic,
VNBL_02430,Em nói bạn Hà dọa sẽ đánh em nếu em kể với cô.,HIGH_RISK,train,synthetic,
VNBL_02431,gần đây các bạn cứ gọi bé bằng biệt danh em không thích.,RISK,train,synthetic,
VNBL_02432,Em nói con bị chửi và xúc phạm ở sân trường.,RISK,test,synthetic,
VNBL_02433,cô giáo nhắc cả lớp không được đánh nhau và phải tôn trọng nhau....,SAFE,train,synthetic,
VNBL_02434,Bé kể rằng bạn Huy nhắn tin xúc phạm em liên tục.,RISK,train,synthetic,
VNBL_02435,Cô giáo đang giải thích thế nào là hành vi cô lập bạn bè. ạ (lần kể 2),SAFE,test,synthetic,
VNBL_02436,Lớp con xem video hướng dẫn cách báo với người lớn khi bị bắt nạt. ạ,SAFE,train,synthetic,
VNBL_02437,Dạo này mấy bạn chặn đường bé lúc tan học để đánh.,HIGH_RISK,train,synthetic,
VNBL_02438,"Em bị ngã lúc tan học khi đang chạy, ko có ai xô em. (lần kể 2)",SAFE,validation,synthetic,
VNBL_02439,Bé kể rằng các bạn đá bé khi em ngã xuống.,HIGH_RISK,train,synthetic,
VNBL_02440,hôm nay em làm rơi hộp bút và bạn đã nhặt giúp.... (lần kể 2),SAFE,validation,synthetic,
VNBL_02441,Bạn Linh vô tình va vào em trên xe đưa đón rồi xin lỗi.,SAFE,train,synthetic,
VNBL_02442,Bạn Hà vô tình va vào con ở sân trường rồi xin lỗi. ạ (lần kể 2),SAFE,validation,synthetic,
VNBL_02443,dạo này tuần này các bạn cứ gọi con bằng biệt danh em ko thích.,RISK,train,synthetic,
VNBL_02444,"theo lời bé, em bị chửi và xúc phạm ở lớp.",RISK,train,synthetic,
VNBL_02445,"Theo lời bé, có bạn dọa làm em bị thương nếu em không làm theo. ạ",HIGH_RISK,train,synthetic,
VNBL_02446,Con nói là có bạn bắt em làm bài hộ nếu ko sẽ nói xấu em.,RISK,train,synthetic,
VNBL_02447,"Bạn Hà nói câu đùa làm em khó chịu, sau đó bạn đã xin lỗi.",SAFE,train,synthetic,
VNBL_02448,"Bạn Khánh nói câu đùa làm em khó chịu, sau đó bạn đã xin lỗi. ạ",SAFE,validation,synthetic,
VNBL_02449,bạn Vy vô tình va vào em ở sân trường rồi xin lỗi. (lần kể 2),SAFE,train,synthetic,
VNBL_02450,Dạo này em có vết bầm vì bị bạn đánh ở lớp.,HIGH_RISK,train,synthetic,
VNBL_02451,"Bạn Lan nói câu đùa làm em khó chịu, sau đó bạn đã xin lỗi. (lần kể 2)",SAFE,test,synthetic,
VNBL_02452,dạo này các bạn không cho em chơi cùng trong giờ ra chơi.,RISK,train,synthetic,
VNBL_02453,Bé kể rằng bạn Trang ép em phải đưa mật khẩu tài khoản và dọa đánh. ạ,HIGH_RISK,train,synthetic,
VNBL_02454,Bé kể rằng con sợ giờ ra chơi vì các bạn hay vây quanh trêu chọc.,RISK,train,synthetic,
VNBL_02455,Con nói là các bạn quay video lúc em khóc rồi gửi cho nhau.,RISK,train,synthetic,
VNBL_02456,con nói là hôm nay các bạn cứ gọi em bằng biệt danh em không thích.,RISK,train,synthetic,
VNBL_02457,Em với bạn Huy giành bóng khi chơi rồi tiếp tục chơi bình thường. (lần kể 2),SAFE,train,synthetic,
VNBL_02458,con nói là em bị chửi và xúc phạm lúc tan học.,RISK,train,synthetic,
VNBL_02459,bé kể rằng có người đăng bài bêu xấu em trên mạng.,RISK,train,synthetic,
VNBL_02460,Em nói bạn Lan ép em phải đưa mật khẩu tài khoản và dọa đánh....,HIGH_RISK,train,synthetic,
VNBL_02461,Em nói các bạn không cho con chơi cùng trên xe đưa đón.,RISK,train,synthetic,
VNBL_02462,con bị chửi và xúc phạm lúc tan học.,RISK,test,synthetic,
VNBL_02463,bé kể rằng em thường bị lấy đồ ăn mà không được hỏi.,RISK,validation,synthetic,
VNBL_02464,bé kể rằng cả nhóm cố tình ko cho em ngồi cùng.,RISK,train,synthetic,
VNBL_02465,Con nói là họ nhốt em trong nhà vệ sinh và không cho ra. ạ,HIGH_RISK,train,synthetic,
VNBL_02466,"Bạn Hà nói câu đùa làm em khó chịu, sau đó bạn đã xin lỗi....",SAFE,test,synthetic,
VNBL_02467,Em ko thích tiết thể dục nhưng vẫn đi học bình thường....,SAFE,train,synthetic,
VNBL_02468,Em nói các bạn quay video lúc đánh em rồi gửi vào nhóm.,HIGH_RISK,train,synthetic,
VNBL_02469,bé không dám phát biểu vì các bạn hay cười nhạo.,RISK,test,synthetic,
VNBL_02470,em có vết bầm vì bị bạn đánh ở lớp....,HIGH_RISK,train,synthetic,
VNBL_02471,"Em bị ngã trên xe đưa đón khi đang chạy, không có ai xô em. ạ",SAFE,train,synthetic,
VNBL_02472,bạn Vy vô tình va vào em trên xe đưa đón rồi xin lỗi. (lần kể 2),SAFE,train,synthetic,
VNBL_02473,bạn Hà vô tình va vào em lúc tan học rồi xin lỗi. ạ,SAFE,train,synthetic,
VNBL_02474,Con nói là bé có vết bầm vì bị bạn đánh trên xe đưa đón.,HIGH_RISK,train,synthetic,
VNBL_02475,"Theo lời bé, em thường bị lấy đồ ăn mà không được hỏi. ạ",RISK,train,synthetic,
VNBL_02476,"Em bị ngã trong giờ ra chơi khi đang chạy, không có ai xô con....",SAFE,train,synthetic,
VNBL_02477,Bé kể rằng bạn Linh lấy đồ của con rồi không chịu trả....,RISK,train,synthetic,
VNBL_02478,cả nhóm cố tình không cho con ngồi cùng....,RISK,validation,synthetic,
VNBL_02479,Em nói các bạn không cho em chơi cùng ở sân trường.,RISK,train,synthetic,
VNBL_02480,dạo này em bị chửi và xúc phạm trên xe đưa đón.,RISK,train,synthetic,
VNBL_02481,Con nói là tuần này các bạn cứ gọi em bằng biệt danh em ko thích....,RISK,test,synthetic,
VNBL_02482,dạo này bé thường bị xô vai và chọc ghẹo khi đi qua hành lang.,RISK,test,synthetic,
VNBL_02483,con nói là bạn Nam dọa sẽ đánh em nếu em kể với cô.,HIGH_RISK,train,synthetic,
VNBL_02484,Dạo này một nhóm bạn thường xuyên đạp vào chân em dưới bàn. ạ,HIGH_RISK,train,synthetic,
VNBL_02485,Bé kể rằng em cảm thấy bị cô lập vì không ai trong nhóm chịu nói chuyện với em.,RISK,train,synthetic,
VNBL_02486,Bạn Mai vô tình va vào em ở sân trường rồi xin lỗi....,SAFE,train,synthetic,
VNBL_02487,dạo này em thường bị lấy đồ ăn mà không được hỏi....,RISK,train,synthetic,
VNBL_02488,"Em bị ngã lúc tan học khi đang chạy, không có ai xô con. ạ",SAFE,test,synthetic,
VNBL_02489,Cô giáo nhắc cả lớp ko được đánh nhau và phải tôn trọng nhau....,SAFE,train,synthetic,
VNBL_02490,con nói là em ko muốn đi học vì sợ gặp nhóm bạn trong lớp.,RISK,train,synthetic,
VNBL_02491,"Theo lời bé, bạn Huy lấy đồ của con rồi không chịu trả.",RISK,train,synthetic,
VNBL_02492,Bé kể rằng bạn Huy đấm em vào người....,HIGH_RISK,test,synthetic,
VNBL_02493,bé kể rằng các bạn không cho em chơi cùng trong giờ ra chơi.,RISK,train,synthetic,
VNBL_02494,con nói là em có vết bầm vì bị bạn đánh lúc tan học.,HIGH_RISK,validation,synthetic,
VNBL_02495,Em bị đau tay do chơi thể thao ngoài hành lang.,SAFE,train,synthetic,
VNBL_02496,Con nói là bạn Huy dọa sẽ đánh em nếu em kể với cô. ạ,HIGH_RISK,train,synthetic,
VNBL_02497,"Theo lời bé, bạn Vy đấm em vào người....",HIGH_RISK,validation,synthetic,
VNBL_02498,Dạo này em bị giấu cặp sách và đồ dùng học tập. ạ,RISK,train,synthetic,
VNBL_02499,"Theo lời bé, các bạn chế ảnh của em rồi gửi vào nhóm lớp. ạ",RISK,train,synthetic,
VNBL_02500,Em nói bạn Huy nhắn tin xúc phạm bé liên tục.,RISK,train,synthetic,
VNBL_02501,bé kể rằng bạn An nhắn tin xúc phạm em liên tục.,RISK,test,synthetic,
VNBL_02502,Dạo này bạn An lấy đồ của em rồi không chịu trả.,RISK,train,synthetic,
VNBL_02503,Bé kể rằng bạn An nhắn tin xúc phạm con liên tục.,RISK,train,synthetic,
VNBL_02504,Con nói là em bị kéo tóc và xô ngã....,HIGH_RISK,train,synthetic,
VNBL_02505,cô giáo đang giải thích thế nào là hành vi cô lập bạn bè. ạ,SAFE,train,synthetic,
VNBL_02506,Con nói là một nhóm bạn lấy tiền của em và dọa không được nói với bố mẹ.,HIGH_RISK,train,synthetic,
VNBL_02507,Em đọc một bài báo nói về bạo lực học đường.... (lần kể 2),SAFE,train,synthetic,
VNBL_02508,em và bạn Nam tranh luận một chút rồi đã làm hòa.,SAFE,train,synthetic,
VNBL_02509,em nói con sợ giờ ra chơi vì các bạn hay vây quanh trêu chọc.,RISK,train,synthetic,
VNBL_02510,"Theo lời bé, em sợ giờ ra chơi vì các bạn hay vây quanh trêu chọc....",RISK,validation,synthetic,
VNBL_02511,em cảm thấy bị cô lập vì không ai trong nhóm chịu nói chuyện với em....,RISK,train,synthetic,
VNBL_02512,cô giáo đang giải thích thế nào là hành vi cô lập bạn bè.... (lần kể 2),SAFE,train,synthetic,
VNBL_02513,gần đây em đi học bình thường và chơi với các bạn.... (lần kể 2),SAFE,train,synthetic,
VNBL_02514,mỗi giờ ra chơi các bạn cứ gọi em bằng biệt danh em ko thích.,RISK,train,synthetic,
VNBL_02515,Dạo này con bị chặn ở cổng trường và cướp tiền.,HIGH_RISK,train,synthetic,
VNBL_02516,con nói là có bạn bắt bé làm bài hộ nếu không sẽ nói xấu em.,RISK,train,synthetic,
VNBL_02517,con nói là em bị giấu cặp sách và đồ dùng học tập.,RISK,train,synthetic,
VNBL_02518,bé kể rằng em bị chửi và xúc phạm ngoài hành lang.,RISK,train,synthetic,
VNBL_02519,"Theo lời bé, bạn Lan nhắn tin xúc phạm bé liên tục.",RISK,train,synthetic,
VNBL_02520,Em nói con ko muốn đi học vì sợ gặp nhóm bạn trong lớp.,RISK,train,synthetic,
VNBL_02521,Em nói một nhóm bạn lấy tiền của con và dọa không được nói với bố mẹ.,HIGH_RISK,test,synthetic,
VNBL_02522,dạo này cả nhóm cố tình ko cho em ngồi cùng....,RISK,train,synthetic,
VNBL_02523,Bạn Minh vô tình va vào em ngoài hành lang rồi xin lỗi. ạ,SAFE,train,synthetic,
VNBL_02524,Dạo này có bạn bóp cổ em trong giờ ra chơi. ạ,HIGH_RISK,test,synthetic,
VNBL_02525,Em nói hôm qua các bạn cứ gọi em bằng biệt danh em ko thích.,RISK,train,synthetic,
VNBL_02526,bạn Phúc nhắn tin xúc phạm em liên tục.,RISK,train,synthetic,
VNBL_02527,bạn Linh lấy đồ của con rồi không chịu trả.,RISK,validation,synthetic,
VNBL_02528,Bạn Vy vô tình va vào con trên xe đưa đón rồi xin lỗi....,SAFE,validation,synthetic,
VNBL_02529,Em nói em không muốn đi học vì sợ gặp nhóm bạn trong lớp....,RISK,train,synthetic,
VNBL_02530,Bé kể rằng em bị ép làm việc em không muốn và bị đe dọa nếu từ chối.,HIGH_RISK,train,synthetic,
VNBL_02531,Em nói hôm qua các bạn cứ gọi em bằng biệt danh em không thích....,RISK,train,synthetic,
VNBL_02532,"Theo lời bé, bạn An lấy đồ của em rồi ko chịu trả.",RISK,train,synthetic,
VNBL_02533,Nhóm của em ko chọn ý tưởng của em nhưng mọi người vẫn làm việc cùng nhau. ạ,SAFE,train,synthetic,
VNBL_02534,Hôm nay em làm rơi hộp bút và bạn đã nhặt giúp.,SAFE,validation,synthetic,
VNBL_02535,bạn Vy ép em phải đưa mật khẩu tài khoản và dọa đánh.,HIGH_RISK,validation,synthetic,
VNBL_02536,Em không muốn đến trường ngày mai vì chưa làm xong bài tập. ạ,SAFE,train,synthetic,
VNBL_02537,Em nói bạn Nam nhắn tin xúc phạm em liên tục.,RISK,train,synthetic,
VNBL_02538,em với bạn Phúc giành bóng khi chơi rồi tiếp tục chơi bình thường....,SAFE,train,synthetic,
VNBL_02539,Em nói họ nói tan học đợi đấy rồi vây em ở cổng trường.,HIGH_RISK,train,synthetic,
VNBL_02540,Bé kể rằng gần đây em bị một nhóm bạn đánh lúc tan học.,HIGH_RISK,train,synthetic,
VNBL_02541,dạo này hôm nay con bị một nhóm bạn đánh lúc tan học.,HIGH_RISK,test,synthetic,
VNBL_02542,em với bạn Khánh giành bóng khi chơi rồi tiếp tục chơi bình thường. (lần kể 2),SAFE,train,synthetic,
VNBL_02543,hôm nay bé đi học bình thường và chơi với các bạn. ạ,SAFE,train,synthetic,
VNBL_02544,Nhóm của con không chọn ý tưởng của em nhưng mọi người vẫn làm việc cùng nhau. ạ,SAFE,train,synthetic,
VNBL_02545,Con nói là các bạn không cho con chơi cùng ở lớp.,RISK,validation,synthetic,
VNBL_02546,"mẹ hỏi em có bị bạn nào bắt nạt ko, em nói là ko. ạ",SAFE,train,synthetic,
VNBL_02547,Bạn Trang vô tình va vào em lúc tan học rồi xin lỗi....,SAFE,test,synthetic,
VNBL_02548,Bé kể rằng bé bị tát nhiều lần trên xe đưa đón.,HIGH_RISK,validation,synthetic,
VNBL_02549,Dạo này bạn Mai dọa sẽ đánh bé nếu em kể với cô.,HIGH_RISK,train,synthetic,
VNBL_02550,Lớp con xem video hướng dẫn cách báo với người lớn khi bị bắt nạt. (lần kể 2),SAFE,train,synthetic,
VNBL_02551,"Theo lời bé, bạn Linh lấy đồ của em rồi không chịu trả.",RISK,test,synthetic,
VNBL_02552,"Bạn Huy nói câu đùa làm em khó chịu, sau đó bạn đã xin lỗi.",SAFE,train,synthetic,
VNBL_02553,"Em bị ngã trong giờ ra chơi khi đang chạy, không có ai xô con.",SAFE,train,synthetic,
VNBL_02554,Bạn Huy vô tình va vào con ở lớp rồi xin lỗi.,SAFE,train,synthetic,
VNBL_02555,Cô giáo nhắc cả lớp không được đánh nhau và phải tôn trọng nhau.... (lần kể 2),SAFE,train,synthetic,
VNBL_02556,Bé kể rằng bạn Vy đấm em vào người.,HIGH_RISK,train,synthetic,
VNBL_02557,Bé kể rằng gần đây con bị một nhóm bạn đánh trên xe đưa đón.,HIGH_RISK,train,synthetic,
VNBL_02558,Bạn An vô tình va vào em lúc tan học rồi xin lỗi.,SAFE,test,synthetic,
VNBL_02559,em nói có bạn bắt em làm bài hộ nếu ko sẽ nói xấu em.,RISK,train,synthetic,
VNBL_02560,"Theo lời bé, tuần này con bị một nhóm bạn đánh trên xe đưa đón.",HIGH_RISK,train,synthetic,
VNBL_02561,Bạn Lan vô tình va vào em trong giờ ra chơi rồi xin lỗi. (lần kể 2),SAFE,train,synthetic,
VNBL_02562,mấy bạn chặn đường bé lúc tan học để đánh.,HIGH_RISK,train,synthetic,
VNBL_02563,dạo này hôm qua em bị một nhóm bạn đánh ở lớp.,HIGH_RISK,train,synthetic,
VNBL_02564,Bạn Linh vô tình va vào em ở sân trường rồi xin lỗi. ạ,SAFE,train,synthetic,
VNBL_02565,Em nói bé cảm thấy bị cô lập vì không ai trong nhóm chịu nói chuyện với em....,RISK,train,synthetic,
VNBL_02566,"Theo lời bé, tuần này em bị một nhóm bạn đánh ở sân trường.",HIGH_RISK,train,synthetic,
VNBL_02567,Con nói là bạn Phúc dọa sẽ đánh em nếu em kể với cô.,HIGH_RISK,train,synthetic,
VNBL_02568,Con nói là bạn Hà lấy đồ của em rồi không chịu trả.,RISK,train,synthetic,
VNBL_02569,Bé kể rằng em bị tát nhiều lần trong giờ ra chơi.,HIGH_RISK,test,synthetic,
VNBL_02570,bé kể rằng em bị đuổi ra khỏi nhóm chat của lớp.,RISK,test,synthetic,
VNBL_02571,Em hơi buồn vì điểm kiểm tra thấp. ạ (lần kể 2),SAFE,validation,synthetic,
VNBL_02572,"Theo lời bé, em bị chửi và xúc phạm ở lớp.",RISK,train,synthetic,
VNBL_02573,Em nói bạn Hà lấy đồ của bé rồi không chịu trả.,RISK,validation,synthetic,
VNBL_02574,"Theo lời bé, bạn Nam ép con phải đưa mật khẩu tài khoản và dọa đánh.",HIGH_RISK,validation,synthetic,
VNBL_02575,em với bạn Phúc giành bóng khi chơi rồi tiếp tục chơi bình thường. (lần kể 2),SAFE,train,synthetic,
VNBL_02576,bé kể rằng em không muốn đi học vì sợ gặp nhóm bạn trong lớp.,RISK,test,synthetic,
VNBL_02577,gần đây em đi học bình thường và chơi với các bạn. (lần kể 2),SAFE,validation,synthetic,
VNBL_02578,"theo lời bé, bạn Trang đấm em vào người.",HIGH_RISK,test,synthetic,
VNBL_02579,em nói bạn Huy đấm em vào người. ạ,HIGH_RISK,validation,synthetic,
VNBL_02580,Em với bạn Huy giành bóng khi chơi rồi tiếp tục chơi bình thường.... (lần kể 2),SAFE,train,synthetic,
VNBL_02581,Bạn Linh vô tình va vào em ngoài hành lang rồi xin lỗi. (lần kể 2),SAFE,train,synthetic,
VNBL_02582,Dạo này tuần này em bị một nhóm bạn đánh trong giờ ra chơi....,HIGH_RISK,train,synthetic,
VNBL_02583,Bạn Trang vô tình va vào bé ở lớp rồi xin lỗi.,SAFE,train,synthetic,
VNBL_02584,con nói là bé bị chửi và xúc phạm ở sân trường.,RISK,test,synthetic,
VNBL_02585,"theo lời bé, ngày nào họ cũng trêu em dù em đã bảo dừng.",RISK,train,synthetic,
VNBL_02586,Bé kể rằng bạn Phúc dọa sẽ đánh em nếu em kể với cô.,HIGH_RISK,train,synthetic,
VNBL_02587,Dạo này bạn Linh lấy đồ của em rồi không chịu trả. ạ,RISK,train,synthetic,
VNBL_02588,dạo này các bạn cố tình làm hỏng đồ dùng của em.,RISK,validation,synthetic,
VNBL_02589,Em nói bạn Vy nhắn tin xúc phạm em liên tục.,RISK,validation,synthetic,
VNBL_02590,dạo này con bị tát nhiều lần lúc tan học.,HIGH_RISK,train,synthetic,
VNBL_02591,Bé kể rằng mấy bạn chặn đường em lúc tan học để đánh....,HIGH_RISK,train,synthetic,
VNBL_02592,Bé kể rằng họ nhốt em trong nhà vệ sinh và ko cho ra.,HIGH_RISK,train,synthetic,
VNBL_02593,"Theo lời bé, gần đây các bạn cứ gọi bé bằng biệt danh em không thích....",RISK,train,synthetic,
VNBL_02594,Bạn Linh vô tình va vào con trong giờ ra chơi rồi xin lỗi. (lần kể 2),SAFE,train,synthetic,
VNBL_02595,em bị đau tay do chơi thể thao ngoài hành lang....,SAFE,train,synthetic,
VNBL_02596,Bé kể rằng bạn Khánh lấy đồ của em rồi không chịu trả.,RISK,validation,synthetic,
VNBL_02597,Bé kể rằng họ nói tan học đợi đấy rồi vây con ở cổng trường.,HIGH_RISK,test,synthetic,
VNBL_02598,Bạn Mai mượn bút của bé và đã trả lại. ạ,SAFE,test,synthetic,
VNBL_02599,em bị kéo tóc và xô ngã.,HIGH_RISK,train,synthetic,
VNBL_02600,Em và bạn Lan tranh luận một chút rồi đã làm hòa. (lần kể 2),SAFE,validation,synthetic,
VNBL_02601,Dạo này bạn Hà nhắn tin xúc phạm em liên tục.,RISK,validation,synthetic,
VNBL_02602,bạn Mai vô tình va vào bé lúc tan học rồi xin lỗi.,SAFE,test,synthetic,
VNBL_02603,Em nói bạn Khánh nhắn tin xúc phạm em liên tục.,RISK,train,synthetic,
VNBL_02604,"Theo lời bé, hôm qua em bị một nhóm bạn đánh ở sân trường.",HIGH_RISK,train,synthetic,
VNBL_02605,Dạo này em thường bị lấy đồ ăn mà không được hỏi....,RISK,validation,synthetic,
VNBL_02606,Em và bạn Khánh tranh luận một chút rồi đã làm hòa....,SAFE,validation,synthetic,
VNBL_02607,"Theo lời bé, mấy hôm nay em bị một nhóm bạn đánh ngoài hành lang.",HIGH_RISK,train,synthetic,
VNBL_02608,Em thấy hai bạn khác cãi nhau nhưng con không liên quan. (lần kể 2),SAFE,train,synthetic,
VNBL_02609,bé thường bị lấy đồ ăn mà ko được hỏi.,RISK,train,synthetic,
VNBL_02610,"Theo lời bé, một nhóm bạn lấy tiền của em và dọa không được nói với bố mẹ....",HIGH_RISK,train,synthetic,
VNBL_02611,em nói có bạn bóp cổ bé trong giờ ra chơi....,HIGH_RISK,train,synthetic,
VNBL_02612,"Theo lời bé, họ nói tan học đợi đấy rồi vây bé ở cổng trường.",HIGH_RISK,train,synthetic,
VNBL_02613,Bé kể rằng bé bị kéo tóc và xô ngã.,HIGH_RISK,train,synthetic,
VNBL_02614,Bạn Khánh vô tình va vào em trên xe đưa đón rồi xin lỗi.,SAFE,validation,synthetic,
VNBL_02615,em nói em cảm thấy bị cô lập vì ko ai trong nhóm chịu nói chuyện với em.,RISK,test,synthetic,
VNBL_02616,Bé kể rằng bạn Phúc lấy đồ của em rồi không chịu trả.,RISK,train,synthetic,
VNBL_02617,con nói là em bị đánh nhiều lần trong tuần này. ạ,HIGH_RISK,validation,synthetic,
VNBL_02618,Bé kể rằng cả nhóm cố tình không cho bé ngồi cùng.,RISK,validation,synthetic,
VNBL_02619,"Em bị ngã ở sân trường khi đang chạy, ko có ai xô em....",SAFE,test,synthetic,
VNBL_02620,em nói em bị ép làm việc em ko muốn và bị đe dọa nếu từ chối.,HIGH_RISK,train,synthetic,
VNBL_02621,gần đây em đi học bình thường và chơi với các bạn. ạ,SAFE,train,synthetic,
VNBL_02622,"Theo lời bé, em bị tát nhiều lần lúc tan học.",HIGH_RISK,train,synthetic,
VNBL_02623,Em nói bạn Mai ép em phải đưa mật khẩu tài khoản và dọa đánh.,HIGH_RISK,test,synthetic,
VNBL_02624,hôm qua con đi học bình thường và chơi với các bạn....,SAFE,train,synthetic,
VNBL_02625,bạn Hà nhắn tin xúc phạm bé liên tục.,RISK,validation,synthetic,
VNBL_02626,gần đây bé bị một nhóm bạn đánh trong giờ ra chơi.,HIGH_RISK,test,synthetic,
VNBL_02627,bé kể rằng bé có vết bầm vì bị bạn đánh ngoài hành lang.,HIGH_RISK,validation,synthetic,
VNBL_02628,em với bạn Khánh giành bóng khi chơi rồi tiếp tục chơi bình thường....,SAFE,validation,synthetic,
VNBL_02629,bạn Nam mượn bút của em và đã trả lại. ạ,SAFE,train,synthetic,
VNBL_02630,em nói hôm nay em bị một nhóm bạn đánh lúc tan học....,HIGH_RISK,train,synthetic,
VNBL_02631,bạn Khánh vô tình va vào bé ở lớp rồi xin lỗi.,SAFE,test,synthetic,
VNBL_02632,con nói là có bạn bóp cổ em trong giờ ra chơi.,HIGH_RISK,train,synthetic,
VNBL_02633,"Theo lời bé, một nhóm bạn thường xuyên đạp vào chân em dưới bàn....",HIGH_RISK,train,synthetic,
VNBL_02634,Con nói là bạn Minh đấm em vào người....,HIGH_RISK,train,synthetic,
VNBL_02635,Dạo này các bạn quay video lúc đánh em rồi gửi vào nhóm.,HIGH_RISK,train,synthetic,
VNBL_02636,bạn Hà mượn bút của em và đã trả lại. (lần kể 2),SAFE,train,synthetic,
VNBL_02637,"Theo lời bé, con bị chửi và xúc phạm trên xe đưa đón.",RISK,test,synthetic,
VNBL_02638,dạo này mỗi giờ ra chơi các bạn cứ gọi em bằng biệt danh em không thích.,RISK,test,synthetic,
VNBL_02639,con không dám phát biểu vì các bạn hay cười nhạo.,RISK,validation,synthetic,
VNBL_02640,con nói là họ nhốt em trong nhà vệ sinh và ko cho ra.,HIGH_RISK,train,synthetic,
VNBL_02641,Con nói là con bị đuổi ra khỏi nhóm chat của lớp.,RISK,validation,synthetic,
VNBL_02642,Bé kể rằng họ nhốt bé trong nhà vệ sinh và không cho ra.,HIGH_RISK,train,synthetic,
VNBL_02643,Con nói là bạn Lan nhắn tin xúc phạm em liên tục.,RISK,train,synthetic,
VNBL_02644,Dạo này hôm qua các bạn cứ gọi em bằng biệt danh em không thích.,RISK,train,synthetic,
VNBL_02645,Bé kể rằng tuần này em bị một nhóm bạn đánh ngoài hành lang.,HIGH_RISK,train,synthetic,
VNBL_02646,Dạo này bạn Nam lấy đồ của em rồi không chịu trả.,RISK,validation,synthetic,
VNBL_02647,có bạn bắt em làm bài hộ nếu không sẽ nói xấu em....,RISK,train,synthetic,
VNBL_02648,các bạn không cho em chơi cùng ngoài hành lang.,RISK,train,synthetic,
VNBL_02649,Em nói bé không muốn đi học vì sợ gặp nhóm bạn trong lớp.,RISK,train,synthetic,
VNBL_02650,bạn Khánh vô tình va vào em ở lớp rồi xin lỗi.,SAFE,train,synthetic,
VNBL_02651,Dạo này mỗi giờ ra chơi em bị một nhóm bạn đánh ở lớp.,HIGH_RISK,validation,synthetic,
VNBL_02652,Bạn Lan vô tình va vào em trên xe đưa đón rồi xin lỗi.,SAFE,test,synthetic,
VNBL_02653,Bé kể rằng bạn Vy nhắn tin xúc phạm em liên tục.,RISK,train,synthetic,
VNBL_02654,bạn Hà lấy đồ của con rồi không chịu trả.,RISK,validation,synthetic,
VNBL_02655,Em nói họ nhốt bé trong nhà vệ sinh và không cho ra.,HIGH_RISK,train,synthetic,
VNBL_02656,Con nói là em không dám phát biểu vì các bạn hay cười nhạo....,RISK,train,synthetic,
VNBL_02657,Dạo này các bạn đá em khi em ngã xuống....,HIGH_RISK,test,synthetic,
VNBL_02658,Con nói là mấy bạn thường xuyên cười nhạo em trước lớp....,RISK,train,synthetic,
VNBL_02659,"theo lời bé, bạn Vy nhắn tin xúc phạm em liên tục.",RISK,train,synthetic,
VNBL_02660,Em nói bạn Minh dọa sẽ đánh em nếu em kể với cô.,HIGH_RISK,test,synthetic,
VNBL_02661,"Bạn Phúc nói câu đùa làm em khó chịu, sau đó bạn đã xin lỗi....",SAFE,train,synthetic,
VNBL_02662,Bé kể rằng em không dám kể với cô vì sợ bị các bạn ghét hơn. ạ,RISK,train,synthetic,
VNBL_02663,các bạn cố tình làm hỏng đồ dùng của em....,RISK,train,synthetic,
VNBL_02664,con bị chửi và xúc phạm ở lớp.,RISK,train,synthetic,
VNBL_02665,"Theo lời bé, các bạn cố tình làm hỏng đồ dùng của bé.",RISK,train,synthetic,
VNBL_02666,Em với bạn Huy giành bóng khi chơi rồi tiếp tục chơi bình thường.,SAFE,train,synthetic,
VNBL_02667,"theo lời bé, bạn An nhắn tin xúc phạm em liên tục.",RISK,train,synthetic,
VNBL_02668,em ko thích tiết thể dục nhưng vẫn đi học bình thường. ạ,SAFE,train,synthetic,
VNBL_02669,con nói là các bạn đá em khi em ngã xuống.,HIGH_RISK,train,synthetic,
VNBL_02670,"bạn Nam nói câu đùa làm em khó chịu, sau đó bạn đã xin lỗi. (lần kể 2)",SAFE,train,synthetic,
VNBL_02671,"Theo lời bé, bạn Nam đấm em vào người.",HIGH_RISK,test,synthetic,
VNBL_02672,Dạo này con bị tát nhiều lần trên xe đưa đón.,HIGH_RISK,train,synthetic,
VNBL_02673,em thấy lo vì ngày mai có bài kiểm tra.,SAFE,test,synthetic,
VNBL_02674,Dạo này bạn Vy ép em phải đưa mật khẩu tài khoản và dọa đánh.,HIGH_RISK,train,synthetic,
VNBL_02675,con bị tát nhiều lần trong giờ ra chơi.,HIGH_RISK,train,synthetic,
VNBL_02676,Con nói là bạn Linh nhắn tin xúc phạm em liên tục.,RISK,train,synthetic,
VNBL_02677,bạn Khánh vô tình va vào em ngoài hành lang rồi xin lỗi.,SAFE,train,synthetic,
VNBL_02678,hôm nay lớp bé học về chủ đề phòng chống bắt nạt học đường. ạ,SAFE,train,synthetic,
VNBL_02679,Dạo này em bị ép làm việc em không muốn và bị đe dọa nếu từ chối.,HIGH_RISK,validation,synthetic,
VNBL_02680,Con nói là em thường bị lấy đồ ăn mà ko được hỏi.,RISK,validation,synthetic,
VNBL_02681,mấy bạn chặn đường bé lúc tan học để đánh....,HIGH_RISK,train,synthetic,
VNBL_02682,Bé kể rằng họ dọa sẽ tiếp tục đánh nếu bé báo với người lớn.,HIGH_RISK,train,synthetic,
VNBL_02683,bé kể rằng tuần này em bị một nhóm bạn đánh ngoài hành lang.,HIGH_RISK,validation,synthetic,
VNBL_02684,Con nói là em có vết bầm vì bị bạn đánh ngoài hành lang. ạ,HIGH_RISK,train,synthetic,
VNBL_02685,bạn Vy vô tình va vào em trong giờ ra chơi rồi xin lỗi.,SAFE,test,synthetic,
VNBL_02686,"bạn An nói câu đùa làm em khó chịu, sau đó bạn đã xin lỗi.",SAFE,train,synthetic,
VNBL_02687,"Theo lời bé, các bạn không cho em chơi cùng trên xe đưa đón.",RISK,train,synthetic,
VNBL_02688,Bạn Linh vô tình va vào em trong giờ ra chơi rồi xin lỗi....,SAFE,validation,synthetic,
VNBL_02689,Con nói là có bạn dọa làm em bị thương nếu em ko làm theo.,HIGH_RISK,test,synthetic,
VNBL_02690,con nói là các bạn quay video lúc em khóc rồi gửi cho nhau.,RISK,train,synthetic,
VNBL_02691,Bé kể rằng con có vết bầm vì bị bạn đánh ở lớp.,HIGH_RISK,train,synthetic,
VNBL_02692,bạn Minh vô tình va vào em ở sân trường rồi xin lỗi.,SAFE,validation,synthetic,
VNBL_02693,em nói hôm qua các bạn cứ gọi em bằng biệt danh em không thích.,RISK,test,synthetic,
VNBL_02694,"theo lời bé, bé bị loại khỏi các hoạt động của nhóm nhiều lần.",RISK,validation,synthetic,
VNBL_02695,Bạn Mai vô tình va vào bé trên xe đưa đón rồi xin lỗi.,SAFE,train,synthetic,
VNBL_02696,"Theo lời bé, họ dọa sẽ tiếp tục đánh nếu con báo với người lớn.",HIGH_RISK,train,synthetic,
VNBL_02697,Bé kể rằng bạn Linh lấy đồ của em rồi không chịu trả.,RISK,train,synthetic,
VNBL_02698,Dạo này các bạn ko cho em chơi cùng ở lớp.,RISK,train,synthetic,
VNBL_02699,Bé kể rằng em thường bị lấy đồ ăn mà không được hỏi.,RISK,train,synthetic,
VNBL_02700,Bạn Mai vô tình va vào em ngoài hành lang rồi xin lỗi. ạ,SAFE,test,synthetic,
VNBL_02701,"em bị ngã trên xe đưa đón khi đang chạy, ko có ai xô em.",SAFE,train,synthetic,
VNBL_02702,Dạo này mỗi giờ ra chơi em bị một nhóm bạn đánh ngoài hành lang.,HIGH_RISK,test,synthetic,
VNBL_02703,bé kể rằng mấy bạn ném đồ cứng vào em và cười....,HIGH_RISK,train,synthetic,
VNBL_02704,Bé kể rằng bạn Vy dọa sẽ đánh con nếu em kể với cô.,HIGH_RISK,train,synthetic,
VNBL_02705,bạn Phúc vô tình va vào em ở sân trường rồi xin lỗi. (lần kể 2),SAFE,train,synthetic,
VNBL_02706,dạo này em thường bị xô vai và chọc ghẹo khi đi qua hành lang.,RISK,test,synthetic,
VNBL_02707,"Theo lời bé, em ko muốn đi học vì sợ gặp nhóm bạn trong lớp.",RISK,train,synthetic,
VNBL_02708,bạn Hà mượn bút của bé và đã trả lại.,SAFE,test,synthetic,
VNBL_02709,Bạn Hà vô tình va vào bé trên xe đưa đón rồi xin lỗi.,SAFE,train,synthetic,
VNBL_02710,Con nói là em bị ép đưa đồ ăn và tiền cho các bạn. ạ,HIGH_RISK,validation,synthetic,
VNBL_02711,ngày nào họ cũng trêu con dù em đã bảo dừng.,RISK,train,synthetic,
VNBL_02712,"Theo lời bé, bạn Minh đấm em vào người. ạ",HIGH_RISK,train,synthetic,
VNBL_02713,Con nói là bạn Mai ép em phải đưa mật khẩu tài khoản và dọa đánh. ạ,HIGH_RISK,train,synthetic,
VNBL_02714,Bạn Trang vô tình va vào con ngoài hành lang rồi xin lỗi.,SAFE,test,synthetic,
VNBL_02715,Em nói bé không dám kể với cô vì sợ bị các bạn ghét hơn.,RISK,train,synthetic,
VNBL_02716,bạn Khánh nhắn tin xúc phạm em liên tục.,RISK,train,synthetic,
VNBL_02717,Bạn Hà vô tình va vào con trong giờ ra chơi rồi xin lỗi.,SAFE,train,synthetic,
VNBL_02718,Con nói là cả nhóm cố tình không cho em ngồi cùng. ạ,RISK,train,synthetic,
VNBL_02719,Em nói bạn Lan ép bé phải đưa mật khẩu tài khoản và dọa đánh.,HIGH_RISK,train,synthetic,
VNBL_02720,"Em bị ngã lúc tan học khi đang chạy, ko có ai xô con.",SAFE,train,synthetic,
VNBL_02721,Bé kể rằng em bị ép đưa đồ ăn và tiền cho các bạn. ạ,HIGH_RISK,train,synthetic,
VNBL_02722,Em nói họ nhốt bé trong nhà vệ sinh và ko cho ra.,HIGH_RISK,train,synthetic,
VNBL_02723,Bé kể rằng cả nhóm cố tình không cho em ngồi cùng....,RISK,train,synthetic,
VNBL_02724,Con nói là hôm qua em bị một nhóm bạn đánh ở lớp.,HIGH_RISK,train,synthetic,
VNBL_02725,"Theo lời bé, bé bị ép đưa đồ ăn và tiền cho các bạn....",HIGH_RISK,train,synthetic,
VNBL_02726,Bạn Hà vô tình va vào em ở lớp rồi xin lỗi....,SAFE,train,synthetic,
VNBL_02727,Em nói hôm qua em bị một nhóm bạn đánh trong giờ ra chơi.,HIGH_RISK,train,synthetic,
VNBL_02728,Con nói là em bị đánh nhiều lần trong tuần này....,HIGH_RISK,test,synthetic,
VNBL_02729,Dạo này con bị tát nhiều lần ở lớp.,HIGH_RISK,train,synthetic,
VNBL_02730,"Theo lời bé, bạn An ép em phải đưa mật khẩu tài khoản và dọa đánh.",HIGH_RISK,train,synthetic,
VNBL_02731,"Theo lời bé, bạn An nhắn tin xúc phạm em liên tục....",RISK,train,synthetic,
VNBL_02732,Em nói em có vết bầm vì bị bạn đánh trên xe đưa đón. ạ,HIGH_RISK,train,synthetic,
VNBL_02733,"Em bị ngã ở lớp khi đang chạy, ko có ai xô em. ạ",SAFE,train,synthetic,
VNBL_02734,Em bị đau tay do chơi thể thao ở sân trường. ạ (lần kể 2),SAFE,train,synthetic,
VNBL_02735,Em nói em bị kéo tóc và xô ngã.,HIGH_RISK,train,synthetic,
VNBL_02736,em bị chửi và xúc phạm trong giờ ra chơi....,RISK,test,synthetic,
VNBL_02737,bạn Linh mượn bút của em và đã trả lại....,SAFE,train,synthetic,
VNBL_02738,"em bị ngã trong giờ ra chơi khi đang chạy, không có ai xô em.",SAFE,validation,synthetic,
VNBL_02739,"Em bị ngã ngoài hành lang khi đang chạy, không có ai xô em. ạ (lần kể 2)",SAFE,train,synthetic,
VNBL_02740,bạn Khánh đấm em vào người.,HIGH_RISK,test,synthetic,
VNBL_02741,Bạn An vô tình va vào em trên xe đưa đón rồi xin lỗi. (lần kể 2),SAFE,test,synthetic,
VNBL_02742,hôm qua các bạn cứ gọi con bằng biệt danh em không thích.,RISK,train,synthetic,
VNBL_02743,Dạo này bạn Khánh ép em phải đưa mật khẩu tài khoản và dọa đánh.,HIGH_RISK,train,synthetic,
VNBL_02744,"Theo lời bé, tuần này bé bị một nhóm bạn đánh trong giờ ra chơi.",HIGH_RISK,train,synthetic,
VNBL_02745,Em bị đau tay do chơi thể thao trong giờ ra chơi. ạ,SAFE,train,synthetic,
VNBL_02746,"Theo lời bé, bạn Huy nhắn tin xúc phạm em liên tục.",RISK,validation,synthetic,
VNBL_02747,con nói là bạn Hà lấy đồ của em rồi ko chịu trả.,RISK,train,synthetic,
VNBL_02748,Con nói là con có vết bầm vì bị bạn đánh ngoài hành lang.,HIGH_RISK,test,synthetic,
VNBL_02749,"Theo lời bé, bạn An đấm bé vào người.",HIGH_RISK,train,synthetic,
VNBL_02750,"Theo lời bé, các bạn bắt em đưa tiền mỗi tuần. ạ",HIGH_RISK,train,synthetic,
VNBL_02751,con nói là em bị tát nhiều lần trên xe đưa đón.,HIGH_RISK,train,synthetic,
VNBL_02752,Em và bạn Mai tranh luận một chút rồi đã làm hòa. ạ (lần kể 2),SAFE,train,synthetic,
VNBL_02753,bạn Huy ép em phải đưa mật khẩu tài khoản và dọa đánh.,HIGH_RISK,test,synthetic,
VNBL_02754,Dạo này tuần này các bạn cứ gọi bé bằng biệt danh em không thích.,RISK,train,synthetic,
VNBL_02755,Em nói em bị chửi và xúc phạm lúc tan học.,RISK,train,synthetic,
VNBL_02756,Em nói hôm qua em bị một nhóm bạn đánh ở sân trường.,HIGH_RISK,test,synthetic,
VNBL_02757,bé kể rằng các bạn bắt con đưa tiền mỗi tuần.,HIGH_RISK,train,synthetic,
VNBL_02758,Em với bạn An giành bóng khi chơi rồi tiếp tục chơi bình thường. (lần kể 2),SAFE,train,synthetic,
VNBL_02759,Con nói là hôm nay em bị một nhóm bạn đánh lúc tan học.,HIGH_RISK,train,synthetic,
VNBL_02760,Dạo này hôm qua em bị một nhóm bạn đánh ở sân trường.,HIGH_RISK,test,synthetic,
VNBL_02761,"Mẹ hỏi em có bị bạn nào bắt nạt ko, em nói là ko....",SAFE,test,synthetic,
VNBL_02762,Dạo này con bị chửi và xúc phạm lúc tan học.,RISK,train,synthetic,
VNBL_02763,Em nói mấy bạn ném đồ cứng vào em và cười. ạ,HIGH_RISK,train,synthetic,
VNBL_02764,dạo này em bị giữ tay để một bạn khác đánh. ạ,HIGH_RISK,train,synthetic,
VNBL_02765,mấy hôm nay em bị một nhóm bạn đánh ở sân trường.,HIGH_RISK,train,synthetic,
VNBL_02766,Bé kể rằng hôm qua em bị một nhóm bạn đánh trong giờ ra chơi.,HIGH_RISK,test,synthetic,
VNBL_02767,bạn Khánh lấy đồ của em rồi không chịu trả.,RISK,train,synthetic,
VNBL_02768,bé kể rằng bạn Huy lấy đồ của em rồi không chịu trả.,RISK,test,synthetic,
VNBL_02769,"Theo lời bé, hôm qua các bạn cứ gọi bé bằng biệt danh em không thích.",RISK,train,synthetic,
VNBL_02770,Con nói là các bạn không cho bé chơi cùng trong giờ ra chơi.,RISK,train,synthetic,
VNBL_02771,Bạn Lan vô tình va vào em ở lớp rồi xin lỗi. ạ,SAFE,train,synthetic,
VNBL_02772,Bạn Huy vô tình va vào em trên xe đưa đón rồi xin lỗi. ạ,SAFE,validation,synthetic,
VNBL_02773,Em nói các bạn ko cho con chơi cùng trong giờ ra chơi.,RISK,train,synthetic,
VNBL_02774,"Theo lời bé, em không dám kể với cô vì sợ bị các bạn ghét hơn....",RISK,train,synthetic,
VNBL_02775,Bạn Linh vô tình va vào con ở sân trường rồi xin lỗi.,SAFE,validation,synthetic,
VNBL_02776,Bé kể rằng có bạn thường xuyên nói xấu bé với các bạn khác.,RISK,test,synthetic,
VNBL_02777,"bạn Nam nói câu đùa làm bé khó chịu, sau đó bạn đã xin lỗi....",SAFE,train,synthetic,
VNBL_02778,"em bị ngã ở lớp khi đang chạy, không có ai xô em. (lần kể 2)",SAFE,train,synthetic,
VNBL_02779,"Bạn Mai nói câu đùa làm em khó chịu, sau đó bạn đã xin lỗi. ạ",SAFE,train,synthetic,
VNBL_02780,Em và bạn Hà tranh luận một chút rồi đã làm hòa. ạ,SAFE,train,synthetic,
VNBL_02781,em bị ép làm việc em ko muốn và bị đe dọa nếu từ chối.,HIGH_RISK,train,synthetic,
VNBL_02782,"Theo lời bé, bạn Trang ép em phải đưa mật khẩu tài khoản và dọa đánh.",HIGH_RISK,train,synthetic,
VNBL_02783,Bạn Huy vô tình va vào bé ngoài hành lang rồi xin lỗi. (lần kể 2),SAFE,validation,synthetic,
VNBL_02784,"Em và các bạn trêu nhau vui, khi em bảo dừng thì mọi người dừng lại....",SAFE,train,synthetic,
VNBL_02785,"Em bị ngã trong giờ ra chơi khi đang chạy, không có ai xô bé....",SAFE,train,synthetic,
VNBL_02786,Bé kể rằng bạn Trang lấy đồ của em rồi ko chịu trả.,RISK,train,synthetic,
VNBL_02787,Bé kể rằng các bạn không cho bé chơi cùng ở sân trường.,RISK,train,synthetic,
VNBL_02788,các bạn quay video lúc đánh em rồi gửi vào nhóm....,HIGH_RISK,train,synthetic,
VNBL_02789,em nói họ nhốt em trong nhà vệ sinh và không cho ra.,HIGH_RISK,train,synthetic,
VNBL_02790,"Theo lời bé, em có vết bầm vì bị bạn đánh lúc tan học.",HIGH_RISK,train,synthetic,
VNBL_02791,dạo này bé bị tát nhiều lần ở lớp.,HIGH_RISK,train,synthetic,
VNBL_02792,Bé kể rằng bạn An lấy đồ của em rồi không chịu trả.,RISK,train,synthetic,
VNBL_02793,Dạo này con cảm thấy bị cô lập vì ko ai trong nhóm chịu nói chuyện với em.,RISK,train,synthetic,
VNBL_02794,Em nói mỗi giờ ra chơi các bạn cứ gọi em bằng biệt danh em không thích.,RISK,validation,synthetic,
VNBL_02795,"Bạn Trang nói câu đùa làm em khó chịu, sau đó bạn đã xin lỗi.",SAFE,train,synthetic,
VNBL_02796,dạo này họ dọa sẽ tiếp tục đánh nếu em báo với người lớn....,HIGH_RISK,train,synthetic,
VNBL_02797,Bạn Nam mượn bút của bé và đã trả lại. (lần kể 2),SAFE,test,synthetic,
VNBL_02798,nhóm của bé không chọn ý tưởng của em nhưng mọi người vẫn làm việc cùng nhau. ạ,SAFE,test,synthetic,
VNBL_02799,Bé kể rằng bạn Nam ép em phải đưa mật khẩu tài khoản và dọa đánh.,HIGH_RISK,train,synthetic,
VNBL_02800,Em với bạn Huy giành bóng khi chơi rồi tiếp tục chơi bình thường....,SAFE,validation,synthetic,
VNBL_02801,"Theo lời bé, bạn Phúc nhắn tin xúc phạm em liên tục. ạ",RISK,train,synthetic,
VNBL_02802,Con nói là bạn Trang ép em phải đưa mật khẩu tài khoản và dọa đánh. ạ,HIGH_RISK,train,synthetic,
VNBL_02803,mỗi giờ ra chơi em đi học bình thường và chơi với các bạn. (lần kể 2),SAFE,train,synthetic,
VNBL_02804,Bé kể rằng bạn Phúc lấy đồ của con rồi không chịu trả.,RISK,train,synthetic,
VNBL_02805,Bạn Nam vô tình va vào em ngoài hành lang rồi xin lỗi. (lần kể 2),SAFE,train,synthetic,
VNBL_02806,Con nói là bạn Nam dọa sẽ đánh con nếu em kể với cô.,HIGH_RISK,validation,synthetic,
VNBL_02807,con nói là bạn Mai lấy đồ của em rồi không chịu trả.,RISK,validation,synthetic,
VNBL_02808,"Theo lời bé, con thường bị xô vai và chọc ghẹo khi đi qua hành lang.",RISK,train,synthetic,
VNBL_02809,"Em bị ngã ở sân trường khi đang chạy, ko có ai xô em. (lần kể 2)",SAFE,train,synthetic,
VNBL_02810,"Theo lời bé, các bạn cố tình làm hỏng đồ dùng của em.",RISK,test,synthetic,
VNBL_02811,Bé kể rằng bé bị đánh nhiều lần trong tuần này.,HIGH_RISK,train,synthetic,
VNBL_02812,Em bị đau tay do chơi thể thao ngoài hành lang....,SAFE,train,synthetic,
VNBL_02813,em có vết bầm vì bị bạn đánh ngoài hành lang.,HIGH_RISK,train,synthetic,
VNBL_02814,Dạo này bạn Khánh nhắn tin xúc phạm em liên tục.,RISK,train,synthetic,
VNBL_02815,"bạn Linh nói câu đùa làm em khó chịu, sau đó bạn đã xin lỗi. ạ",SAFE,train,synthetic,
VNBL_02816,Bạn Vy vô tình va vào em ở lớp rồi xin lỗi. ạ,SAFE,train,synthetic,
VNBL_02817,"Theo lời bé, bé bị giữ tay để một bạn khác đánh.",HIGH_RISK,train,synthetic,
VNBL_02818,Em bị đau tay do chơi thể thao trong giờ ra chơi. (lần kể 2),SAFE,train,synthetic,
VNBL_02819,em nói con bị xô xuống cầu thang nhưng may em bám được tay vịn.,HIGH_RISK,validation,synthetic,
VNBL_02820,Hôm nay em làm rơi hộp bút và bạn đã nhặt giúp.... (lần kể 2),SAFE,train,synthetic,
VNBL_02821,bạn Hà vô tình va vào em trên xe đưa đón rồi xin lỗi.,SAFE,train,synthetic,
VNBL_02822,Dạo này bạn Lan dọa sẽ đánh em nếu em kể với cô.,HIGH_RISK,train,synthetic,
VNBL_02823,"theo lời bé, em ko dám kể với cô vì sợ bị các bạn ghét hơn.",RISK,validation,synthetic,
VNBL_02824,Dạo này mấy hôm nay bé bị một nhóm bạn đánh ở lớp.,HIGH_RISK,test,synthetic,
VNBL_02825,bé kể rằng em bị xô xuống cầu thang nhưng may em bám được tay vịn.,HIGH_RISK,train,synthetic,
VNBL_02826,bạn Phúc vô tình va vào em trong giờ ra chơi rồi xin lỗi. (lần kể 2),SAFE,train,synthetic,
VNBL_02827,"Theo lời bé, bé thường bị lấy đồ ăn mà không được hỏi.",RISK,validation,synthetic,
VNBL_02828,Con nói là em có vết bầm vì bị bạn đánh trong giờ ra chơi....,HIGH_RISK,train,synthetic,
VNBL_02829,Bạn Linh vô tình va vào em trên xe đưa đón rồi xin lỗi. ạ,SAFE,train,synthetic,
VNBL_02830,Em nói một số bạn tung tin sai về em trong lớp....,RISK,test,synthetic,
VNBL_02831,"Theo lời bé, bạn Trang dọa sẽ đánh em nếu em kể với cô.",HIGH_RISK,test,synthetic,
VNBL_02832,Con nói là em thường bị lấy đồ ăn mà ko được hỏi. ạ,RISK,train,synthetic,
VNBL_02833,Em nói bạn Huy lấy đồ của em rồi không chịu trả.,RISK,test,synthetic,
VNBL_02834,Dạo này con bị chửi và xúc phạm ở sân trường.,RISK,train,synthetic,
VNBL_02835,Em với bạn Lan giành bóng khi chơi rồi tiếp tục chơi bình thường. ạ,SAFE,train,synthetic,
VNBL_02836,Bé kể rằng có bạn bóp cổ em trong giờ ra chơi.,HIGH_RISK,validation,synthetic,
VNBL_02837,em đọc một bài báo nói về bạo lực học đường.,SAFE,train,synthetic,
VNBL_02838,Bạn An mượn bút của em và đã trả lại....,SAFE,train,synthetic,
VNBL_02839,Con nói là em bị chửi và xúc phạm trên xe đưa đón.,RISK,train,synthetic,
VNBL_02840,Dạo này một nhóm bạn thường xuyên đạp vào chân em dưới bàn....,HIGH_RISK,train,synthetic,
VNBL_02841,bé kể rằng các bạn đá con khi em ngã xuống.,HIGH_RISK,validation,synthetic,
VNBL_02842,hôm nay con làm rơi hộp bút và bạn đã nhặt giúp. ạ (lần kể 2),SAFE,train,synthetic,
VNBL_02843,bé kể rằng một nhóm bạn thường xuyên đạp vào chân bé dưới bàn.,HIGH_RISK,test,synthetic,
VNBL_02844,em nói em bị chặn ở cổng trường và cướp tiền.,HIGH_RISK,validation,synthetic,
VNBL_02845,con nói là em bị giữ tay để một bạn khác đánh....,HIGH_RISK,train,synthetic,
VNBL_02846,dạo này ngày nào họ cũng trêu bé dù em đã bảo dừng.,RISK,test,synthetic,
VNBL_02847,em và bạn Trang tranh luận một chút rồi đã làm hòa.,SAFE,validation,synthetic,
VNBL_02848,Dạo này bé bị đuổi ra khỏi nhóm chat của lớp.,RISK,test,synthetic,
VNBL_02849,Bạn An vô tình va vào em trong giờ ra chơi rồi xin lỗi....,SAFE,train,synthetic,
VNBL_02850,bé kể rằng bạn Hà đấm bé vào người.,HIGH_RISK,train,synthetic,
VNBL_02851,hôm nay con đi học bình thường và chơi với các bạn.,SAFE,train,synthetic,
VNBL_02852,con nói là em không dám kể với cô vì sợ bị các bạn ghét hơn. ạ,RISK,train,synthetic,
VNBL_02853,con nói là em bị xô xuống cầu thang nhưng may em bám được tay vịn....,HIGH_RISK,validation,synthetic,
VNBL_02854,Em với bạn Lan giành bóng khi chơi rồi tiếp tục chơi bình thường.,SAFE,test,synthetic,
VNBL_02855,dạo này em bị đuổi ra khỏi nhóm chat của lớp.,RISK,train,synthetic,
VNBL_02856,Con nói là em bị chửi và xúc phạm trong giờ ra chơi.,RISK,validation,synthetic,
VNBL_02857,Bạn Khánh vô tình va vào em trên xe đưa đón rồi xin lỗi. (lần kể 2),SAFE,validation,synthetic,
VNBL_02858,Con nói là bạn Vy lấy đồ của em rồi không chịu trả.,RISK,train,synthetic,
VNBL_02859,"Theo lời bé, bé ko dám phát biểu vì các bạn hay cười nhạo.",RISK,train,synthetic,
VNBL_02860,"Bạn Huy nói câu đùa làm bé khó chịu, sau đó bạn đã xin lỗi. (lần kể 2)",SAFE,test,synthetic,
VNBL_02861,em với bạn Hà giành bóng khi chơi rồi tiếp tục chơi bình thường....,SAFE,train,synthetic,
VNBL_02862,"Em bị ngã lúc tan học khi đang chạy, không có ai xô con. ạ (lần kể 2)",SAFE,train,synthetic,
VNBL_02863,Dạo này tuần này con bị một nhóm bạn đánh ở sân trường.,HIGH_RISK,validation,synthetic,
VNBL_02864,bé sợ giờ ra chơi vì các bạn hay vây quanh trêu chọc....,RISK,test,synthetic,
VNBL_02865,dạo này họ nhốt em trong nhà vệ sinh và không cho ra.,HIGH_RISK,train,synthetic,
VNBL_02866,em bị đau tay do chơi thể thao lúc tan học. (lần kể 2),SAFE,validation,synthetic,
VNBL_02867,Bạn Huy vô tình va vào con ở lớp rồi xin lỗi. ạ,SAFE,train,synthetic,
VNBL_02868,dạo này em bị giữ tay để một bạn khác đánh.,HIGH_RISK,validation,synthetic,
VNBL_02869,"theo lời bé, mấy hôm nay các bạn cứ gọi em bằng biệt danh em không thích.",RISK,validation,synthetic,
VNBL_02870,Em với bạn Minh giành bóng khi chơi rồi tiếp tục chơi bình thường. ạ (lần kể 2),SAFE,train,synthetic,
VNBL_02871,Con nói là em thường bị xô vai và chọc ghẹo khi đi qua hành lang....,RISK,test,synthetic,
VNBL_02872,"Theo lời bé, bạn Huy dọa sẽ đánh em nếu em kể với cô.",HIGH_RISK,validation,synthetic,
VNBL_02873,"Bạn Vy nói câu đùa làm em khó chịu, sau đó bạn đã xin lỗi. ạ",SAFE,test,synthetic,
VNBL_02874,Em nói các bạn chế ảnh của bé rồi gửi vào nhóm lớp.,RISK,validation,synthetic,
VNBL_02875,Em và bạn Phúc tranh luận một chút rồi đã làm hòa. ạ,SAFE,train,synthetic,
VNBL_02876,Bạn Khánh vô tình va vào em ngoài hành lang rồi xin lỗi. (lần kể 2),SAFE,train,synthetic,
VNBL_02877,Bạn Linh mượn bút của bé và đã trả lại.,SAFE,train,synthetic,
VNBL_02878,bé kể rằng họ nhốt em trong nhà vệ sinh và ko cho ra. ạ,HIGH_RISK,train,synthetic,
VNBL_02879,"Theo lời bé, họ nói tan học đợi đấy rồi vây em ở cổng trường. ạ",HIGH_RISK,train,synthetic,
VNBL_02880,Con nói là mỗi giờ ra chơi em bị một nhóm bạn đánh ở sân trường. ạ,HIGH_RISK,validation,synthetic,
VNBL_02881,Con nói là có bạn thường xuyên nói xấu em với các bạn khác.,RISK,validation,synthetic,
VNBL_02882,"bạn Lan nói câu đùa làm em khó chịu, sau đó bạn đã xin lỗi.",SAFE,test,synthetic,
VNBL_02883,Dạo này gần đây các bạn cứ gọi em bằng biệt danh em không thích.,RISK,test,synthetic,
VNBL_02884,dạo này các bạn không cho em chơi cùng ngoài hành lang.,RISK,train,synthetic,
VNBL_02885,Bạn Linh vô tình va vào em ngoài hành lang rồi xin lỗi. ạ (lần kể 2),SAFE,validation,synthetic,
VNBL_02886,Em thấy lo vì ngày mai có bài kiểm tra. ạ,SAFE,train,synthetic,
VNBL_02887,Bạn Vy vô tình va vào em trên xe đưa đón rồi xin lỗi. ạ,SAFE,train,synthetic,
VNBL_02888,họ nhốt bé trong nhà vệ sinh và không cho ra.,HIGH_RISK,test,synthetic,
VNBL_02889,Con nói là bạn Hà đấm em vào người.,HIGH_RISK,train,synthetic,
VNBL_02890,Em nói mấy bạn thường xuyên cười nhạo em trước lớp. ạ,RISK,train,synthetic,
VNBL_02891,Em nói em có vết bầm vì bị bạn đánh lúc tan học.,HIGH_RISK,train,synthetic,
VNBL_02892,Em với bạn Linh giành bóng khi chơi rồi tiếp tục chơi bình thường.,SAFE,train,synthetic,
VNBL_02893,"theo lời bé, mấy bạn ném đồ cứng vào em và cười. ạ",HIGH_RISK,train,synthetic,
VNBL_02894,Bé kể rằng mỗi giờ ra chơi các bạn cứ gọi em bằng biệt danh em không thích. ạ,RISK,train,synthetic,
VNBL_02895,bé bị ép làm việc em không muốn và bị đe dọa nếu từ chối.,HIGH_RISK,test,synthetic,
VNBL_02896,bạn Trang mượn bút của em và đã trả lại. ạ,SAFE,train,synthetic,
VNBL_02897,Con nói là em có vết bầm vì bị bạn đánh lúc tan học. ạ,HIGH_RISK,train,synthetic,
VNBL_02898,"Bạn An nói câu đùa làm em khó chịu, sau đó bạn đã xin lỗi. ạ (lần kể 2)",SAFE,validation,synthetic,
VNBL_02899,Bạn Nam mượn bút của bé và đã trả lại....,SAFE,train,synthetic,
VNBL_02900,Bạn Minh vô tình va vào em trong giờ ra chơi rồi xin lỗi....,SAFE,test,synthetic,
VNBL_02901,Dạo này bạn Linh ép em phải đưa mật khẩu tài khoản và dọa đánh.,HIGH_RISK,train,synthetic,
VNBL_02902,Em thấy hai bạn khác cãi nhau nhưng con ko liên quan....,SAFE,train,synthetic,
VNBL_02903,em bị chửi và xúc phạm trên xe đưa đón. ạ,RISK,validation,synthetic,
VNBL_02904,con nói là bạn Phúc nhắn tin xúc phạm em liên tục.,RISK,train,synthetic,
VNBL_02905,Bé kể rằng bạn Khánh đấm con vào người.,HIGH_RISK,train,synthetic,
VNBL_02906,"Theo lời bé, hôm nay em bị một nhóm bạn đánh trên xe đưa đón.",HIGH_RISK,train,synthetic,
VNBL_02907,Em nói em có vết bầm vì bị bạn đánh trên xe đưa đón.,HIGH_RISK,test,synthetic,
VNBL_02908,bé kể rằng bạn Mai đấm bé vào người. ạ,HIGH_RISK,train,synthetic,
VNBL_02909,"Theo lời bé, bé bị tát nhiều lần ở sân trường.",HIGH_RISK,train,synthetic,
VNBL_02910,Bé kể rằng gần đây em bị một nhóm bạn đánh ở sân trường.,HIGH_RISK,train,synthetic,
VNBL_02911,Bé kể rằng bạn Huy nhắn tin xúc phạm em liên tục....,RISK,train,synthetic,
VNBL_02912,Dạo này mỗi giờ ra chơi em bị một nhóm bạn đánh lúc tan học.,HIGH_RISK,train,synthetic,
VNBL_02913,hôm nay em bị một nhóm bạn đánh ở sân trường.,HIGH_RISK,train,synthetic,
VNBL_02914,Bạn Vy mượn bút của con và đã trả lại.,SAFE,train,synthetic,
VNBL_02915,bé kể rằng em ko dám kể với cô vì sợ bị các bạn ghét hơn.,RISK,train,synthetic,
VNBL_02916,Dạo này em bị ép làm việc em ko muốn và bị đe dọa nếu từ chối.,HIGH_RISK,test,synthetic,
VNBL_02917,"Theo lời bé, bạn Khánh dọa sẽ đánh em nếu em kể với cô.",HIGH_RISK,validation,synthetic,
VNBL_02918,"Theo lời bé, mấy bạn ném đồ cứng vào em và cười.",HIGH_RISK,train,synthetic,
VNBL_02919,"Bạn Minh nói câu đùa làm con khó chịu, sau đó bạn đã xin lỗi.",SAFE,train,synthetic,
VNBL_02920,Em nói bạn Phúc ép bé phải đưa mật khẩu tài khoản và dọa đánh.,HIGH_RISK,train,synthetic,
VNBL_02921,Con nói là em bị tát nhiều lần ở lớp. ạ,HIGH_RISK,validation,synthetic,
VNBL_02922,Em nói mấy hôm nay các bạn cứ gọi em bằng biệt danh em không thích.,RISK,train,synthetic,
VNBL_02923,"Em bị ngã ở sân trường khi đang chạy, không có ai xô em. (lần kể 2)",SAFE,test,synthetic,
VNBL_02924,"theo lời bé, ngày nào họ cũng trêu bé dù em đã bảo dừng.",RISK,train,synthetic,
VNBL_02925,"theo lời bé, hôm nay em bị một nhóm bạn đánh ở sân trường.",HIGH_RISK,train,synthetic,
VNBL_02926,"Theo lời bé, các bạn không cho em chơi cùng trong giờ ra chơi.",RISK,train,synthetic,
VNBL_02927,em bị ép làm việc em không muốn và bị đe dọa nếu từ chối.,HIGH_RISK,validation,synthetic,
VNBL_02928,"bạn Phúc nói câu đùa làm em khó chịu, sau đó bạn đã xin lỗi.",SAFE,validation,synthetic,
VNBL_02929,hôm qua em đi học bình thường và chơi với các bạn.... (lần kể 2),SAFE,train,synthetic,
VNBL_02930,em với bạn Mai giành bóng khi chơi rồi tiếp tục chơi bình thường. ạ (lần kể 2),SAFE,train,synthetic,
VNBL_02931,Bạn Vy vô tình va vào em lúc tan học rồi xin lỗi. (lần kể 2),SAFE,train,synthetic,
VNBL_02932,con nói là bé bị chửi và xúc phạm ở lớp.,RISK,validation,synthetic,
VNBL_02933,Bạn Linh mượn bút của em và đã trả lại. ạ,SAFE,train,synthetic,
VNBL_02934,Bạn Mai vô tình va vào em trên xe đưa đón rồi xin lỗi.,SAFE,test,synthetic,
VNBL_02935,các bạn quay video lúc đánh con rồi gửi vào nhóm.,HIGH_RISK,train,synthetic,
VNBL_02936,dạo này bạn Mai lấy đồ của em rồi không chịu trả.,RISK,train,synthetic,
VNBL_02937,"Em bị ngã trong giờ ra chơi khi đang chạy, ko có ai xô em.",SAFE,train,synthetic,
VNBL_02938,bé kể rằng hôm qua các bạn cứ gọi con bằng biệt danh em ko thích.,RISK,train,synthetic,
VNBL_02939,Dạo này có bạn bóp cổ em trong giờ ra chơi.,HIGH_RISK,train,synthetic,
VNBL_02940,Con nói là bạn Trang dọa sẽ đánh em nếu em kể với cô.,HIGH_RISK,train,synthetic,
VNBL_02941,Con nói là hôm qua em bị một nhóm bạn đánh trên xe đưa đón.,HIGH_RISK,train,synthetic,
VNBL_02942,Bé kể rằng bé bị loại khỏi các hoạt động của nhóm nhiều lần.,RISK,train,synthetic,
VNBL_02943,bé kể rằng ngày nào họ cũng trêu em dù em đã bảo dừng. ạ,RISK,train,synthetic,
VNBL_02944,hôm qua em đi học bình thường và chơi với các bạn. ạ (lần kể 2),SAFE,train,synthetic,
VNBL_02945,Em với bạn Phúc giành bóng khi chơi rồi tiếp tục chơi bình thường. ạ (lần kể 2),SAFE,validation,synthetic,
VNBL_02946,Bạn An vô tình va vào em ngoài hành lang rồi xin lỗi. (lần kể 2),SAFE,train,synthetic,
VNBL_02947,Con nói là một nhóm bạn lấy tiền của em và dọa ko được nói với bố mẹ.,HIGH_RISK,train,synthetic,
VNBL_02948,Bé kể rằng hôm qua em bị một nhóm bạn đánh ở sân trường. ạ,HIGH_RISK,train,synthetic,
VNBL_02949,dạo này mấy hôm nay em bị một nhóm bạn đánh ở lớp.,HIGH_RISK,train,synthetic,
VNBL_02950,Bé kể rằng em bị chửi và xúc phạm ở sân trường.,RISK,test,synthetic,
VNBL_02951,hôm qua các bạn cứ gọi em bằng biệt danh em không thích.,RISK,test,synthetic,
VNBL_02952,Dạo này bạn Lan đấm con vào người.,HIGH_RISK,test,synthetic,
VNBL_02953,bạn Hà ép bé phải đưa mật khẩu tài khoản và dọa đánh.,HIGH_RISK,train,synthetic,
VNBL_02954,Em nói bạn Vy dọa sẽ đánh em nếu em kể với cô....,HIGH_RISK,train,synthetic,
VNBL_02955,Bé kể rằng có bạn bắt con làm bài hộ nếu ko sẽ nói xấu em.,RISK,train,synthetic,
VNBL_02956,Dạo này con bị giấu cặp sách và đồ dùng học tập.,RISK,train,synthetic,
VNBL_02957,Bạn Minh vô tình va vào em ở lớp rồi xin lỗi. (lần kể 2),SAFE,train,synthetic,
VNBL_02958,"Theo lời bé, bạn Hà dọa sẽ đánh bé nếu em kể với cô.",HIGH_RISK,train,synthetic,
VNBL_02959,Bạn Huy vô tình va vào bé trên xe đưa đón rồi xin lỗi.,SAFE,train,synthetic,
VNBL_02960,Dạo này bạn Trang đấm bé vào người.,HIGH_RISK,train,synthetic,
VNBL_02961,Dạo này bạn Phúc ép em phải đưa mật khẩu tài khoản và dọa đánh.,HIGH_RISK,validation,synthetic,
VNBL_02962,Bé kể rằng bạn Mai lấy đồ của em rồi không chịu trả. ạ,RISK,test,synthetic,
VNBL_02963,"bạn Hà nói câu đùa làm em khó chịu, sau đó bạn đã xin lỗi. (lần kể 2)",SAFE,train,synthetic,
VNBL_02964,Em nói các bạn cố tình làm hỏng đồ dùng của con.,RISK,train,synthetic,
VNBL_02965,em thấy hai bạn khác cãi nhau nhưng em ko liên quan.,SAFE,validation,synthetic,
VNBL_02966,"Em bị ngã ở sân trường khi đang chạy, không có ai xô em....",SAFE,train,synthetic,
VNBL_02967,Em nói em bị kéo tóc và xô ngã....,HIGH_RISK,train,synthetic,
VNBL_02968,"Bạn Hà nói câu đùa làm con khó chịu, sau đó bạn đã xin lỗi. (lần kể 2)",SAFE,validation,synthetic,
VNBL_02969,lớp bé xem video hướng dẫn cách báo với người lớn khi bị bắt nạt.,SAFE,train,synthetic,
VNBL_02970,con nói là em bị chửi và xúc phạm ngoài hành lang.,RISK,validation,synthetic,
VNBL_02971,Dạo này em bị chửi và xúc phạm ở lớp.,RISK,train,synthetic,
VNBL_02972,"Theo lời bé, bé bị kéo tóc và xô ngã.",HIGH_RISK,train,synthetic,
VNBL_02973,Em nói con không dám kể với cô vì sợ bị các bạn ghét hơn.,RISK,validation,synthetic,
VNBL_02974,hôm qua các bạn cứ gọi em bằng biệt danh em ko thích.,RISK,train,synthetic,
VNBL_02975,"Theo lời bé, con bị đuổi ra khỏi nhóm chat của lớp.",RISK,test,synthetic,
VNBL_02976,bé kể rằng em bị tát nhiều lần ở sân trường.,HIGH_RISK,validation,synthetic,
VNBL_02977,Bé kể rằng bạn Lan lấy đồ của em rồi ko chịu trả.,RISK,train,synthetic,
VNBL_02978,Em nói có bạn bắt em làm bài hộ nếu ko sẽ nói xấu em.,RISK,train,synthetic,
VNBL_02979,Dạo này bạn An đấm con vào người.,HIGH_RISK,train,synthetic,
VNBL_02980,Dạo này hôm nay em bị một nhóm bạn đánh lúc tan học.,HIGH_RISK,train,synthetic,
VNBL_02981,con nói là hôm qua các bạn cứ gọi em bằng biệt danh em không thích....,RISK,validation,synthetic,
VNBL_02982,em nói các bạn đá em khi em ngã xuống.,HIGH_RISK,validation,synthetic,
VNBL_02983,Con nói là các bạn bắt bé đưa tiền mỗi tuần.,HIGH_RISK,train,synthetic,
VNBL_02984,"Theo lời bé, con bị ép đưa đồ ăn và tiền cho các bạn.",HIGH_RISK,train,synthetic,
VNBL_02985,Bạn Vy mượn bút của em và đã trả lại.,SAFE,train,synthetic,
VNBL_02986,Em nói các bạn quay video lúc đánh bé rồi gửi vào nhóm.,HIGH_RISK,train,synthetic,
VNBL_02987,bé kể rằng con có vết bầm vì bị bạn đánh ở sân trường. ạ,HIGH_RISK,train,synthetic,
VNBL_02988,con nói là có bạn dọa làm em bị thương nếu em không làm theo....,HIGH_RISK,train,synthetic,
VNBL_02989,"theo lời bé, ngày nào họ cũng trêu em dù em đã bảo dừng. ạ",RISK,validation,synthetic,
VNBL_02990,gần đây bé đi học bình thường và chơi với các bạn. ạ,SAFE,train,synthetic,
VNBL_02991,Con nói là mấy bạn thường xuyên cười nhạo em trước lớp.,RISK,validation,synthetic,
VNBL_02992,em ko dám phát biểu vì các bạn hay cười nhạo.,RISK,train,synthetic,
VNBL_02993,Em và bạn Huy tranh luận một chút rồi đã làm hòa. ạ,SAFE,validation,synthetic,
VNBL_02994,Bạn Lan vô tình va vào bé ở lớp rồi xin lỗi.,SAFE,test,synthetic,
VNBL_02995,bé kể rằng em bị ép làm việc em không muốn và bị đe dọa nếu từ chối.,HIGH_RISK,train,synthetic,
VNBL_02996,bạn Lan vô tình va vào em ở sân trường rồi xin lỗi.,SAFE,train,synthetic,
VNBL_02997,Em và bạn Hà tranh luận một chút rồi đã làm hòa. (lần kể 2),SAFE,train,synthetic,
VNBL_02998,"Theo lời bé, các bạn chế ảnh của bé rồi gửi vào nhóm lớp. ạ",RISK,train,synthetic,
VNBL_02999,bé kể rằng một nhóm bạn lấy tiền của em và dọa không được nói với bố mẹ.,HIGH_RISK,train,synthetic,
VNBL_03000,Lớp bé xem video hướng dẫn cách báo với người lớn khi bị bắt nạt. (lần kể 2),SAFE,test,synthetic,
VNBL_03001,Bạn Linh mượn bút của em và đã trả lại.,SAFE,train,synthetic,
VNBL_03002,"Bạn Vy nói câu đùa làm em khó chịu, sau đó bạn đã xin lỗi.",SAFE,train,synthetic,
VNBL_03003,Bạn Nam vô tình va vào con lúc tan học rồi xin lỗi....,SAFE,train,synthetic,
VNBL_03004,Bạn Hà vô tình va vào em ở lớp rồi xin lỗi.,SAFE,train,synthetic,
VNBL_03005,Em nói các bạn bắt bé đưa tiền mỗi tuần.,HIGH_RISK,validation,synthetic,
VNBL_03006,Bạn Nam vô tình va vào em lúc tan học rồi xin lỗi. (lần kể 2),SAFE,train,synthetic,
VNBL_03007,Em đọc một bài báo nói về bạo lực học đường.,SAFE,train,synthetic,
VNBL_03008,"theo lời bé, bạn Mai nhắn tin xúc phạm bé liên tục.",RISK,train,synthetic,
VNBL_03009,một nhóm bạn thường xuyên đạp vào chân con dưới bàn.,HIGH_RISK,train,synthetic,
VNBL_03010,Bạn Minh vô tình va vào em trong giờ ra chơi rồi xin lỗi.,SAFE,train,synthetic,
VNBL_03011,bạn Hà mượn bút của em và đã trả lại.,SAFE,train,synthetic,
VNBL_03012,"theo lời bé, bạn Linh đấm bé vào người.",HIGH_RISK,train,synthetic,
VNBL_03013,Bạn Huy vô tình va vào em trong giờ ra chơi rồi xin lỗi. (lần kể 2),SAFE,train,synthetic,
VNBL_03014,bé kể rằng họ dọa sẽ tiếp tục đánh nếu con báo với người lớn.,HIGH_RISK,train,synthetic,
VNBL_03015,Bé kể rằng bạn Phúc ép em phải đưa mật khẩu tài khoản và dọa đánh.,HIGH_RISK,train,synthetic,
VNBL_03016,con nói là bạn Mai đấm em vào người.,HIGH_RISK,train,synthetic,
VNBL_03017,tuần này bé đi học bình thường và chơi với các bạn.,SAFE,train,synthetic,
VNBL_03018,"Theo lời bé, các bạn không cho con chơi cùng ở sân trường.",RISK,train,synthetic,
VNBL_03019,Em nói các bạn đá con khi em ngã xuống.,HIGH_RISK,test,synthetic,
VNBL_03020,"Em và các bạn trêu nhau vui, khi bé bảo dừng thì mọi người dừng lại. (lần kể 2)",SAFE,train,synthetic,
VNBL_03021,một nhóm bạn lấy tiền của em và dọa không được nói với bố mẹ.,HIGH_RISK,test,synthetic,
VNBL_03022,Dạo này các bạn ko cho em chơi cùng ngoài hành lang.,RISK,train,synthetic,
VNBL_03023,Bạn Phúc mượn bút của em và đã trả lại. (lần kể 2),SAFE,validation,synthetic,
VNBL_03024,Bé kể rằng em bị ép làm việc em không muốn và bị đe dọa nếu từ chối. ạ,HIGH_RISK,test,synthetic,
VNBL_03025,Con nói là một nhóm bạn lấy tiền của bé và dọa không được nói với bố mẹ....,HIGH_RISK,test,synthetic,
VNBL_03026,dạo này có người đăng bài bêu xấu em trên mạng....,RISK,train,synthetic,
VNBL_03027,con bị chửi và xúc phạm ở sân trường.,RISK,train,synthetic,
VNBL_03028,Con nói là bạn An lấy đồ của em rồi không chịu trả.,RISK,train,synthetic,
VNBL_03029,Bé kể rằng em bị xô xuống cầu thang nhưng may em bám được tay vịn.,HIGH_RISK,validation,synthetic,
VNBL_03030,Dạo này mấy bạn thường xuyên cười nhạo em trước lớp....,RISK,train,synthetic,
VNBL_03031,Con nói là bạn Lan dọa sẽ đánh em nếu em kể với cô....,HIGH_RISK,validation,synthetic,
VNBL_03032,Em nói em bị kéo tóc và xô ngã. ạ,HIGH_RISK,test,synthetic,
VNBL_03033,Bạn An mượn bút của bé và đã trả lại. (lần kể 2),SAFE,validation,synthetic,
VNBL_03034,Dạo này em bị chửi và xúc phạm trong giờ ra chơi.,RISK,train,synthetic,
VNBL_03035,"Theo lời bé, một nhóm bạn thường xuyên đạp vào chân em dưới bàn.",HIGH_RISK,train,synthetic,
VNBL_03036,Bé kể rằng bạn Minh nhắn tin xúc phạm bé liên tục.,RISK,train,synthetic,
VNBL_03037,Con nói là bạn Phúc nhắn tin xúc phạm bé liên tục.,RISK,train,synthetic,
VNBL_03038,Em nói mấy bạn thường xuyên cười nhạo bé trước lớp.,RISK,train,synthetic,
VNBL_03039,Bạn Linh vô tình va vào bé trong giờ ra chơi rồi xin lỗi. (lần kể 2),SAFE,train,synthetic,
VNBL_03040,bạn Mai vô tình va vào con lúc tan học rồi xin lỗi.,SAFE,validation,synthetic,
VNBL_03041,Bé kể rằng các bạn bắt con đưa tiền mỗi tuần.,HIGH_RISK,train,synthetic,
VNBL_03042,có bạn dọa làm con bị thương nếu em không làm theo.,HIGH_RISK,test,synthetic,
VNBL_03043,Bạn Vy vô tình va vào em lúc tan học rồi xin lỗi.,SAFE,train,synthetic,
VNBL_03044,Bạn Mai vô tình va vào em ở lớp rồi xin lỗi.,SAFE,train,synthetic,
VNBL_03045,Em hơi buồn vì điểm kiểm tra thấp. ạ,SAFE,train,synthetic,
VNBL_03046,Bạn Hà vô tình va vào em lúc tan học rồi xin lỗi....,SAFE,train,synthetic,
VNBL_03047,Bé kể rằng mấy bạn chặn đường bé lúc tan học để đánh.,HIGH_RISK,test,synthetic,
VNBL_03048,Bạn Mai vô tình va vào em ở lớp rồi xin lỗi. ạ,SAFE,train,synthetic,
VNBL_03049,"Em bị ngã lúc tan học khi đang chạy, không có ai xô bé.",SAFE,train,synthetic,
VNBL_03050,bạn Huy vô tình va vào bé trong giờ ra chơi rồi xin lỗi. (lần kể 2),SAFE,validation,synthetic,
VNBL_03051,Dạo này hôm nay em bị một nhóm bạn đánh ở sân trường.,HIGH_RISK,validation,synthetic,
VNBL_03052,Bạn Mai vô tình va vào em trên xe đưa đón rồi xin lỗi....,SAFE,train,synthetic,
VNBL_03053,Con nói là các bạn cố tình làm hỏng đồ dùng của con.,RISK,train,synthetic,
VNBL_03054,Em nói bạn Vy ép em phải đưa mật khẩu tài khoản và dọa đánh.,HIGH_RISK,validation,synthetic,
VNBL_03055,"Theo lời bé, em cảm thấy bị cô lập vì không ai trong nhóm chịu nói chuyện với em. ạ",RISK,validation,synthetic,
VNBL_03056,Em thấy hai bạn khác cãi nhau nhưng bé không liên quan. ạ,SAFE,test,synthetic,
VNBL_03057,Em với bạn Mai giành bóng khi chơi rồi tiếp tục chơi bình thường....,SAFE,validation,synthetic,
VNBL_03058,em nói em thường bị xô vai và chọc ghẹo khi đi qua hành lang.,RISK,test,synthetic,
VNBL_03059,Bạn Hà mượn bút của bé và đã trả lại.,SAFE,train,synthetic,
VNBL_03060,em hơi buồn vì điểm kiểm tra thấp.,SAFE,train,synthetic,
VNBL_03061,Em thấy hai bạn khác cãi nhau nhưng bé không liên quan.,SAFE,validation,synthetic,
VNBL_03062,Con nói là bạn Vy dọa sẽ đánh bé nếu em kể với cô.,HIGH_RISK,train,synthetic,
VNBL_03063,Bé kể rằng các bạn quay video lúc đánh em rồi gửi vào nhóm.,HIGH_RISK,train,synthetic,
VNBL_03064,Con nói là em ko dám kể với cô vì sợ bị các bạn ghét hơn....,RISK,train,synthetic,
VNBL_03065,"bạn Trang nói câu đùa làm em khó chịu, sau đó bạn đã xin lỗi. (lần kể 2)",SAFE,train,synthetic,
VNBL_03066,"Theo lời bé, bạn An nhắn tin xúc phạm em liên tục.",RISK,train,synthetic,
VNBL_03067,bạn Nam vô tình va vào em ở lớp rồi xin lỗi. (lần kể 2),SAFE,validation,synthetic,
VNBL_03068,dạo này em bị chửi và xúc phạm ở lớp.,RISK,train,synthetic,
VNBL_03069,Dạo này mỗi giờ ra chơi các bạn cứ gọi con bằng biệt danh em không thích.,RISK,train,synthetic,
VNBL_03070,Bé kể rằng bạn Khánh đấm bé vào người.,HIGH_RISK,validation,synthetic,
VNBL_03071,Dạo này các bạn đá em khi em ngã xuống. ạ,HIGH_RISK,test,synthetic,
VNBL_03072,Con nói là các bạn chế ảnh của bé rồi gửi vào nhóm lớp.,RISK,validation,synthetic,
VNBL_03073,Em thấy hai bạn khác cãi nhau nhưng em không liên quan.... (lần kể 2),SAFE,train,synthetic,
VNBL_03074,Em nói em thường bị lấy đồ ăn mà không được hỏi....,RISK,validation,synthetic,
VNBL_03075,các bạn không cho em chơi cùng trong giờ ra chơi.,RISK,train,synthetic,
VNBL_03076,Dạo này em cảm thấy bị cô lập vì không ai trong nhóm chịu nói chuyện với em....,RISK,train,synthetic,
VNBL_03077,Bé kể rằng em thường bị lấy đồ ăn mà không được hỏi....,RISK,train,synthetic,
VNBL_03078,"Theo lời bé, bạn Khánh đấm em vào người....",HIGH_RISK,validation,synthetic,
VNBL_03079,Dạo này bé cảm thấy bị cô lập vì ko ai trong nhóm chịu nói chuyện với em.,RISK,train,synthetic,
VNBL_03080,bạn Huy vô tình va vào em trên xe đưa đón rồi xin lỗi....,SAFE,test,synthetic,
VNBL_03081,Dạo này cả nhóm cố tình không cho con ngồi cùng.,RISK,train,synthetic,
VNBL_03082,em bị tát nhiều lần trong giờ ra chơi. ạ,HIGH_RISK,train,synthetic,
VNBL_03083,Dạo này bạn Khánh lấy đồ của em rồi ko chịu trả. ạ,RISK,train,synthetic,
VNBL_03084,Bạn An vô tình va vào bé ở sân trường rồi xin lỗi.,SAFE,train,synthetic,
VNBL_03085,Dạo này em bị tát nhiều lần ở lớp.,HIGH_RISK,validation,synthetic,
VNBL_03086,bạn Huy vô tình va vào bé trong giờ ra chơi rồi xin lỗi.,SAFE,train,synthetic,
VNBL_03087,Dạo này bạn Huy lấy đồ của em rồi không chịu trả.,RISK,validation,synthetic,
VNBL_03088,em không muốn đi học vì sợ gặp nhóm bạn trong lớp....,RISK,train,synthetic,
VNBL_03089,"Em bị ngã trong giờ ra chơi khi đang chạy, ko có ai xô em. (lần kể 2)",SAFE,validation,synthetic,
VNBL_03090,"Theo lời bé, mấy hôm nay em bị một nhóm bạn đánh lúc tan học.",HIGH_RISK,train,synthetic,
VNBL_03091,Bé kể rằng các bạn không cho em chơi cùng ở sân trường....,RISK,train,synthetic,
VNBL_03092,Em không muốn đến trường ngày mai vì chưa làm xong bài tập.... (lần kể 2),SAFE,train,synthetic,
VNBL_03093,Con nói là em bị chửi và xúc phạm ngoài hành lang. ạ,RISK,train,synthetic,
VNBL_03094,"Em bị ngã trong giờ ra chơi khi đang chạy, ko có ai xô bé. (lần kể 2)",SAFE,train,synthetic,
VNBL_03095,Con nói là bạn Minh dọa sẽ đánh con nếu em kể với cô.,HIGH_RISK,train,synthetic,
VNBL_03096,Bạn Khánh vô tình va vào em trong giờ ra chơi rồi xin lỗi. ạ,SAFE,train,synthetic,
VNBL_03097,họ nói tan học đợi đấy rồi vây em ở cổng trường.,HIGH_RISK,train,synthetic,
VNBL_03098,Con nói là các bạn quay video lúc đánh em rồi gửi vào nhóm.,HIGH_RISK,train,synthetic,
VNBL_03099,có bạn bóp cổ em trong giờ ra chơi. ạ,HIGH_RISK,train,synthetic,
VNBL_03100,Bạn Nam vô tình va vào bé lúc tan học rồi xin lỗi.,SAFE,train,synthetic,
VNBL_03101,Dạo này các bạn chế ảnh của bé rồi gửi vào nhóm lớp.,RISK,train,synthetic,
VNBL_03102,Con nói là mấy hôm nay em bị một nhóm bạn đánh trong giờ ra chơi.,HIGH_RISK,train,synthetic,
VNBL_03103,Bạn Mai vô tình va vào em ở sân trường rồi xin lỗi.,SAFE,train,synthetic,
VNBL_03104,em và bạn Khánh tranh luận một chút rồi đã làm hòa. ạ (lần kể 2),SAFE,train,synthetic,
VNBL_03105,em bị ép làm việc em không muốn và bị đe dọa nếu từ chối....,HIGH_RISK,train,synthetic,
VNBL_03106,dạo này em bị tát nhiều lần trên xe đưa đón.,HIGH_RISK,train,synthetic,
VNBL_03107,em không muốn đi học vì sợ gặp nhóm bạn trong lớp.,RISK,train,synthetic,
VNBL_03108,Dạo này mấy hôm nay em bị một nhóm bạn đánh trên xe đưa đón.,HIGH_RISK,train,synthetic,
VNBL_03109,Bạn Mai mượn bút của con và đã trả lại.,SAFE,train,synthetic,
VNBL_03110,em không thích tiết thể dục nhưng vẫn đi học bình thường.,SAFE,train,synthetic,
VNBL_03111,Con nói là các bạn quay video lúc con khóc rồi gửi cho nhau.,RISK,train,synthetic,
VNBL_03112,con bị giấu cặp sách và đồ dùng học tập....,RISK,train,synthetic,
VNBL_03113,em nói bạn Lan lấy đồ của bé rồi không chịu trả.,RISK,train,synthetic,
VNBL_03114,Bạn Minh mượn bút của con và đã trả lại.,SAFE,train,synthetic,
VNBL_03115,con bị đánh nhiều lần trong tuần này.,HIGH_RISK,train,synthetic,
VNBL_03116,"Theo lời bé, bạn Minh dọa sẽ đánh em nếu em kể với cô....",HIGH_RISK,train,synthetic,
VNBL_03117,"Bạn Phúc nói câu đùa làm em khó chịu, sau đó bạn đã xin lỗi.... (lần kể 2)",SAFE,train,synthetic,
VNBL_03118,Con nói là một số bạn tung tin sai về em trong lớp. ạ,RISK,train,synthetic,
VNBL_03119,"Theo lời bé, em không muốn đi học vì sợ gặp nhóm bạn trong lớp.",RISK,train,synthetic,
VNBL_03120,Bé kể rằng em bị giữ tay để một bạn khác đánh. ạ,HIGH_RISK,train,synthetic,
VNBL_03121,em bị đau tay do chơi thể thao ở sân trường. ạ,SAFE,train,synthetic,
VNBL_03122,con nói là em bị chửi và xúc phạm trên xe đưa đón.,RISK,train,synthetic,
VNBL_03123,"Theo lời bé, mấy hôm nay em bị một nhóm bạn đánh ngoài hành lang. ạ",HIGH_RISK,validation,synthetic,
VNBL_03124,"Bạn An nói câu đùa làm em khó chịu, sau đó bạn đã xin lỗi.",SAFE,train,synthetic,
VNBL_03125,Bạn Huy vô tình va vào em ở lớp rồi xin lỗi.,SAFE,train,synthetic,
VNBL_03126,Con nói là bạn Linh ép em phải đưa mật khẩu tài khoản và dọa đánh.,HIGH_RISK,validation,synthetic,
VNBL_03127,em nói em bị đuổi ra khỏi nhóm chat của lớp. ạ,RISK,test,synthetic,
VNBL_03128,dạo này các bạn chế ảnh của bé rồi gửi vào nhóm lớp. ạ,RISK,train,synthetic,
VNBL_03129,"Theo lời bé, bạn Linh dọa sẽ đánh em nếu em kể với cô.",HIGH_RISK,train,synthetic,
VNBL_03130,"Em bị ngã ngoài hành lang khi đang chạy, ko có ai xô em.",SAFE,test,synthetic,
VNBL_03131,Bạn Huy vô tình va vào bé lúc tan học rồi xin lỗi.,SAFE,train,synthetic,
VNBL_03132,"Bạn Khánh nói câu đùa làm em khó chịu, sau đó bạn đã xin lỗi. ạ (lần kể 2)",SAFE,train,synthetic,
VNBL_03133,bạn Trang đấm em vào người.,HIGH_RISK,test,synthetic,
VNBL_03134,Bé kể rằng bạn Trang lấy đồ của con rồi không chịu trả.,RISK,train,synthetic,
VNBL_03135,hôm nay em bị một nhóm bạn đánh trên xe đưa đón.,HIGH_RISK,train,synthetic,
VNBL_03136,em thường bị lấy đồ ăn mà không được hỏi.,RISK,train,synthetic,
VNBL_03137,Bạn Khánh vô tình va vào em ở sân trường rồi xin lỗi.,SAFE,test,synthetic,
VNBL_03138,Dạo này em có vết bầm vì bị bạn đánh trên xe đưa đón.,HIGH_RISK,train,synthetic,
VNBL_03139,"theo lời bé, một nhóm bạn lấy tiền của con và dọa không được nói với bố mẹ. ạ",HIGH_RISK,train,synthetic,
VNBL_03140,em nghỉ học hôm nay vì gia đình có việc. ạ,SAFE,train,synthetic,
VNBL_03141,Bạn Lan vô tình va vào em ngoài hành lang rồi xin lỗi. ạ,SAFE,test,synthetic,
VNBL_03142,Em nghỉ học hôm nay vì gia đình có việc. ạ,SAFE,test,synthetic,
VNBL_03143,bạn Mai vô tình va vào em lúc tan học rồi xin lỗi.,SAFE,train,synthetic,
VNBL_03144,Con nói là con thường bị lấy đồ ăn mà không được hỏi.,RISK,validation,synthetic,
VNBL_03145,em có vết bầm vì bị bạn đánh lúc tan học.,HIGH_RISK,test,synthetic,
VNBL_03146,Em nói các bạn không cho bé chơi cùng trong giờ ra chơi.,RISK,validation,synthetic,
VNBL_03147,dạo này con bị chặn ở cổng trường và cướp tiền.,HIGH_RISK,train,synthetic,
VNBL_03148,"Theo lời bé, con thường bị lấy đồ ăn mà không được hỏi.",RISK,train,synthetic,
VNBL_03149,em bị giữ tay để một bạn khác đánh.,HIGH_RISK,test,synthetic,
VNBL_03150,Hôm nay lớp con học về chủ đề phòng chống bắt nạt học đường.... (lần kể 2),SAFE,train,synthetic,
VNBL_03151,bé kể rằng bạn An dọa sẽ đánh em nếu em kể với cô.,HIGH_RISK,train,synthetic,
VNBL_03152,Con nói là bạn Nam nhắn tin xúc phạm em liên tục.,RISK,train,synthetic,
VNBL_03153,Bé kể rằng bạn An dọa sẽ đánh em nếu em kể với cô.,HIGH_RISK,test,synthetic,
VNBL_03154,bạn Phúc vô tình va vào em ở sân trường rồi xin lỗi.,SAFE,test,synthetic,
VNBL_03155,mỗi giờ ra chơi em đi học bình thường và chơi với các bạn....,SAFE,train,synthetic,
VNBL_03156,"Theo lời bé, bạn Minh ép em phải đưa mật khẩu tài khoản và dọa đánh.",HIGH_RISK,train,synthetic,
VNBL_03157,em nói em bị tát nhiều lần ở lớp. ạ,HIGH_RISK,train,synthetic,
VNBL_03158,Bé kể rằng ngày nào họ cũng trêu bé dù em đã bảo dừng.,RISK,train,synthetic,
VNBL_03159,mỗi giờ ra chơi các bạn cứ gọi bé bằng biệt danh em không thích.,RISK,test,synthetic,
VNBL_03160,"bạn Trang nói câu đùa làm con khó chịu, sau đó bạn đã xin lỗi.",SAFE,test,synthetic,
VNBL_03161,Lớp em xem video hướng dẫn cách báo với người lớn khi bị bắt nạt. (lần kể 2),SAFE,train,synthetic,
VNBL_03162,"em bị ngã ở sân trường khi đang chạy, không có ai xô con.",SAFE,test,synthetic,
VNBL_03163,Bạn An vô tình va vào em lúc tan học rồi xin lỗi....,SAFE,train,synthetic,
VNBL_03164,Dạo này cả nhóm cố tình không cho em ngồi cùng....,RISK,train,synthetic,
VNBL_03165,bé kể rằng bạn An dọa sẽ đánh bé nếu em kể với cô.,HIGH_RISK,test,synthetic,
VNBL_03166,Con nói là các bạn không cho con chơi cùng ngoài hành lang.,RISK,train,synthetic,
VNBL_03167,Con nói là mỗi giờ ra chơi em bị một nhóm bạn đánh trong giờ ra chơi.,HIGH_RISK,train,synthetic,
VNBL_03168,Dạo này con cảm thấy bị cô lập vì không ai trong nhóm chịu nói chuyện với em.,RISK,train,synthetic,
VNBL_03169,em nói có bạn thường xuyên nói xấu em với các bạn khác.,RISK,train,synthetic,
VNBL_03170,con nói là các bạn chế ảnh của em rồi gửi vào nhóm lớp.,RISK,train,synthetic,
VNBL_03171,"theo lời bé, họ nhốt em trong nhà vệ sinh và không cho ra.",HIGH_RISK,validation,synthetic,
VNBL_03172,"bạn Nam nói câu đùa làm em khó chịu, sau đó bạn đã xin lỗi.",SAFE,train,synthetic,
VNBL_03173,Con nói là các bạn không cho em chơi cùng ngoài hành lang....,RISK,test,synthetic,
VNBL_03174,Con nói là em bị loại khỏi các hoạt động của nhóm nhiều lần....,RISK,train,synthetic,
VNBL_03175,bạn Linh vô tình va vào bé ở sân trường rồi xin lỗi.,SAFE,train,synthetic,
VNBL_03176,"Mẹ hỏi con có bị bạn nào bắt nạt không, em nói là không....",SAFE,train,synthetic,
VNBL_03177,bạn Hà ép con phải đưa mật khẩu tài khoản và dọa đánh.,HIGH_RISK,train,synthetic,
VNBL_03178,em và bạn Minh tranh luận một chút rồi đã làm hòa.,SAFE,train,synthetic,
VNBL_03179,em nói em thường bị lấy đồ ăn mà không được hỏi.,RISK,train,synthetic,
VNBL_03180,Em và bạn Lan tranh luận một chút rồi đã làm hòa.,SAFE,train,synthetic,
VNBL_03181,Em ko muốn đến trường ngày mai vì chưa làm xong bài tập....,SAFE,train,synthetic,
VNBL_03182,Bạn Nam vô tình va vào em lúc tan học rồi xin lỗi.,SAFE,train,synthetic,
VNBL_03183,dạo này em không dám phát biểu vì các bạn hay cười nhạo. ạ,RISK,train,synthetic,
VNBL_03184,bé kể rằng bạn Huy đấm em vào người. ạ,HIGH_RISK,train,synthetic,
VNBL_03185,Bé kể rằng bạn Lan lấy đồ của em rồi không chịu trả.,RISK,train,synthetic,
VNBL_03186,Em nói em bị đuổi ra khỏi nhóm chat của lớp.,RISK,train,synthetic,
VNBL_03187,em bị giấu cặp sách và đồ dùng học tập.,RISK,train,synthetic,
VNBL_03188,bạn Mai vô tình va vào bé trên xe đưa đón rồi xin lỗi. (lần kể 2),SAFE,train,synthetic,
VNBL_03189,em nói em có vết bầm vì bị bạn đánh ở lớp.,HIGH_RISK,train,synthetic,
VNBL_03190,Em không muốn đến trường ngày mai vì chưa làm xong bài tập.,SAFE,test,synthetic,
VNBL_03191,Bé kể rằng có bạn bóp cổ bé trong giờ ra chơi....,HIGH_RISK,train,synthetic,
VNBL_03192,bé kể rằng em có vết bầm vì bị bạn đánh trên xe đưa đón.,HIGH_RISK,train,synthetic,
VNBL_03193,em không thích tiết thể dục nhưng vẫn đi học bình thường.... (lần kể 2),SAFE,train,synthetic,
VNBL_03194,Em nói bạn Trang dọa sẽ đánh em nếu em kể với cô. ạ,HIGH_RISK,test,synthetic,
VNBL_03195,Con nói là em không dám phát biểu vì các bạn hay cười nhạo. ạ,RISK,test,synthetic,
VNBL_03196,có bạn thường xuyên nói xấu em với các bạn khác.,RISK,validation,synthetic,
VNBL_03197,Bé kể rằng em bị tát nhiều lần lúc tan học.,HIGH_RISK,train,synthetic,
VNBL_03198,Bạn An mượn bút của em và đã trả lại.... (lần kể 2),SAFE,train,synthetic,
VNBL_03199,Bé kể rằng cả nhóm cố tình không cho em ngồi cùng.,RISK,train,synthetic,
VNBL_03200,Bé kể rằng bé bị xô xuống cầu thang nhưng may em bám được tay vịn....,HIGH_RISK,test,synthetic,
VNBL_03201,"em bị ngã trong giờ ra chơi khi đang chạy, không có ai xô em....",SAFE,train,synthetic,
VNBL_03202,con nói là em thường bị lấy đồ ăn mà không được hỏi. ạ,RISK,validation,synthetic,
VNBL_03203,bé kể rằng một số bạn tung tin sai về em trong lớp.,RISK,validation,synthetic,
VNBL_03204,Bạn Minh vô tình va vào bé trên xe đưa đón rồi xin lỗi.,SAFE,train,synthetic,
VNBL_03205,"Theo lời bé, một nhóm bạn lấy tiền của bé và dọa không được nói với bố mẹ.",HIGH_RISK,train,synthetic,
VNBL_03206,"Theo lời bé, các bạn ko cho em chơi cùng trong giờ ra chơi....",RISK,validation,synthetic,
VNBL_03207,"Em bị ngã lúc tan học khi đang chạy, không có ai xô bé. ạ",SAFE,train,synthetic,
VNBL_03208,em nói bạn An nhắn tin xúc phạm bé liên tục.,RISK,train,synthetic,
VNBL_03209,Con nói là các bạn không cho con chơi cùng trong giờ ra chơi.,RISK,test,synthetic,
VNBL_03210,em thường bị xô vai và chọc ghẹo khi đi qua hành lang. ạ,RISK,train,synthetic,
VNBL_03211,bạn Linh nhắn tin xúc phạm em liên tục. ạ,RISK,train,synthetic,
VNBL_03212,Bé kể rằng bé có vết bầm vì bị bạn đánh ngoài hành lang....,HIGH_RISK,train,synthetic,
VNBL_03213,Hôm nay em làm rơi hộp bút và bạn đã nhặt giúp. (lần kể 2),SAFE,train,synthetic,
VNBL_03214,"Theo lời bé, em ko dám phát biểu vì các bạn hay cười nhạo.",RISK,train,synthetic,
VNBL_03215,Bé kể rằng con bị chặn ở cổng trường và cướp tiền.,HIGH_RISK,train,synthetic,
VNBL_03216,Em và bạn Minh tranh luận một chút rồi đã làm hòa....,SAFE,validation,synthetic,
VNBL_03217,"Theo lời bé, bạn Vy đấm em vào người.",HIGH_RISK,train,synthetic,
VNBL_03218,"Theo lời bé, các bạn cố tình làm hỏng đồ dùng của con.",RISK,validation,synthetic,
VNBL_03219,em có vết bầm vì bị bạn đánh trong giờ ra chơi.,HIGH_RISK,train,synthetic,
VNBL_03220,Bé kể rằng bạn Phúc dọa sẽ đánh bé nếu em kể với cô.,HIGH_RISK,train,synthetic,
VNBL_03221,Em và bạn Trang tranh luận một chút rồi đã làm hòa.,SAFE,test,synthetic,
VNBL_03222,Dạo này có bạn bắt em làm bài hộ nếu không sẽ nói xấu em. ạ,RISK,train,synthetic,
VNBL_03223,Em ko muốn đến trường ngày mai vì chưa làm xong bài tập.... (lần kể 2),SAFE,train,synthetic,
VNBL_03224,"Bạn Huy nói câu đùa làm bé khó chịu, sau đó bạn đã xin lỗi.",SAFE,train,synthetic,
VNBL_03225,bạn Phúc vô tình va vào con ngoài hành lang rồi xin lỗi.,SAFE,validation,synthetic,
VNBL_03226,hôm qua em bị một nhóm bạn đánh lúc tan học.,HIGH_RISK,train,synthetic,
VNBL_03227,em nói bạn Lan đấm em vào người.,HIGH_RISK,train,synthetic,
VNBL_03228,Bạn Trang vô tình va vào em lúc tan học rồi xin lỗi. (lần kể 2),SAFE,train,synthetic,
VNBL_03229,Bạn Phúc vô tình va vào em ở sân trường rồi xin lỗi. ạ,SAFE,train,synthetic,
VNBL_03230,"Theo lời bé, bạn Linh đấm em vào người.",HIGH_RISK,train,synthetic,
VNBL_03231,Bé kể rằng họ nói tan học đợi đấy rồi vây em ở cổng trường....,HIGH_RISK,train,synthetic,
VNBL_03232,Con nói là bạn Minh lấy đồ của em rồi ko chịu trả.,RISK,validation,synthetic,
VNBL_03233,"Bạn Phúc nói câu đùa làm em khó chịu, sau đó bạn đã xin lỗi. (lần kể 2)",SAFE,train,synthetic,
VNBL_03234,cả nhóm cố tình không cho em ngồi cùng....,RISK,train,synthetic,
VNBL_03235,em bị đau tay do chơi thể thao trên xe đưa đón....,SAFE,train,synthetic,
VNBL_03236,Em và bạn An tranh luận một chút rồi đã làm hòa.... (lần kể 2),SAFE,train,synthetic,
VNBL_03237,Em ko muốn đến trường ngày mai vì chưa làm xong bài tập. (lần kể 2),SAFE,test,synthetic,
VNBL_03238,"theo lời bé, có người đăng bài bêu xấu em trên mạng.",RISK,train,synthetic,
VNBL_03239,"Theo lời bé, em bị tát nhiều lần lúc tan học. ạ",HIGH_RISK,validation,synthetic,
VNBL_03240,em nói bạn Nam lấy đồ của em rồi không chịu trả.,RISK,train,synthetic,
VNBL_03241,"Theo lời bé, bạn Khánh lấy đồ của con rồi không chịu trả.",RISK,train,synthetic,
VNBL_03242,"theo lời bé, có người đăng bài bêu xấu bé trên mạng.",RISK,train,synthetic,
VNBL_03243,Con nói là em cảm thấy bị cô lập vì không ai trong nhóm chịu nói chuyện với em....,RISK,train,synthetic,
VNBL_03244,Bạn Vy vô tình va vào con ngoài hành lang rồi xin lỗi.,SAFE,train,synthetic,
VNBL_03245,Bạn Lan vô tình va vào em lúc tan học rồi xin lỗi....,SAFE,train,synthetic,
VNBL_03246,em bị chửi và xúc phạm lúc tan học. ạ,RISK,train,synthetic,
VNBL_03247,Dạo này bạn Vy nhắn tin xúc phạm con liên tục.,RISK,train,synthetic,
VNBL_03248,"bạn Linh nói câu đùa làm bé khó chịu, sau đó bạn đã xin lỗi.",SAFE,train,synthetic,
VNBL_03249,Con nói là bạn Mai nhắn tin xúc phạm em liên tục. ạ,RISK,train,synthetic,
VNBL_03250,Bạn Trang vô tình va vào em ở sân trường rồi xin lỗi.,SAFE,train,synthetic,
VNBL_03251,bạn Huy mượn bút của bé và đã trả lại.,SAFE,validation,synthetic,
VNBL_03252,Bé kể rằng bạn Vy nhắn tin xúc phạm em liên tục....,RISK,validation,synthetic,
VNBL_03253,Bé kể rằng bạn Huy đấm em vào người.,HIGH_RISK,train,synthetic,
VNBL_03254,em và bạn Phúc tranh luận một chút rồi đã làm hòa. ạ,SAFE,test,synthetic,
VNBL_03255,Em nói em bị chửi và xúc phạm ở sân trường....,RISK,train,synthetic,
VNBL_03256,em bị đau tay do chơi thể thao ngoài hành lang. ạ,SAFE,train,synthetic,
VNBL_03257,Em nói có bạn bắt em làm bài hộ nếu không sẽ nói xấu em....,RISK,train,synthetic,
VNBL_03258,bạn Minh mượn bút của em và đã trả lại. ạ,SAFE,train,synthetic,
VNBL_03259,Con nói là mấy hôm nay con bị một nhóm bạn đánh ở sân trường.,HIGH_RISK,test,synthetic,
VNBL_03260,Con nói là em không muốn đi học vì sợ gặp nhóm bạn trong lớp....,RISK,train,synthetic,
VNBL_03261,"Theo lời bé, bạn Khánh lấy đồ của em rồi không chịu trả. ạ",RISK,train,synthetic,
VNBL_03262,một nhóm bạn thường xuyên đạp vào chân em dưới bàn.,HIGH_RISK,train,synthetic,
VNBL_03263,"Em bị ngã ngoài hành lang khi đang chạy, không có ai xô bé. ạ",SAFE,test,synthetic,
VNBL_03264,Dạo này em bị chửi và xúc phạm trong giờ ra chơi. ạ,RISK,train,synthetic,
VNBL_03265,Bạn Khánh vô tình va vào em ở lớp rồi xin lỗi.,SAFE,train,synthetic,
VNBL_03266,Em với bạn Hà giành bóng khi chơi rồi tiếp tục chơi bình thường. ạ (lần kể 2),SAFE,validation,synthetic,
VNBL_03267,Em nói các bạn chế ảnh của em rồi gửi vào nhóm lớp....,RISK,train,synthetic,
VNBL_03268,Em nói bạn Nam đấm con vào người.,HIGH_RISK,train,synthetic,
VNBL_03269,"Theo lời bé, họ nói tan học đợi đấy rồi vây con ở cổng trường.",HIGH_RISK,test,synthetic,
VNBL_03270,Con nói là mấy bạn ném đồ cứng vào con và cười.,HIGH_RISK,validation,synthetic,
VNBL_03271,Hôm nay lớp bé học về chủ đề phòng chống bắt nạt học đường. (lần kể 2),SAFE,train,synthetic,
VNBL_03272,"theo lời bé, có bạn bóp cổ em trong giờ ra chơi. ạ",HIGH_RISK,train,synthetic,
VNBL_03273,em nói bé sợ giờ ra chơi vì các bạn hay vây quanh trêu chọc.,RISK,validation,synthetic,
VNBL_03274,họ dọa sẽ tiếp tục đánh nếu em báo với người lớn. ạ,HIGH_RISK,train,synthetic,
VNBL_03275,Bé kể rằng bạn Mai ép em phải đưa mật khẩu tài khoản và dọa đánh.,HIGH_RISK,validation,synthetic,
VNBL_03276,con nói là con bị chửi và xúc phạm ở lớp.,RISK,train,synthetic,
VNBL_03277,Em nói em bị đuổi ra khỏi nhóm chat của lớp. ạ,RISK,train,synthetic,
VNBL_03278,con nói là em thường bị xô vai và chọc ghẹo khi đi qua hành lang. ạ,RISK,test,synthetic,
VNBL_03279,Em nói bạn An lấy đồ của em rồi không chịu trả.,RISK,train,synthetic,
VNBL_03280,em có vết bầm vì bị bạn đánh trên xe đưa đón....,HIGH_RISK,validation,synthetic,
VNBL_03281,con nói là em bị tát nhiều lần ở sân trường.,HIGH_RISK,validation,synthetic,
VNBL_03282,Hôm nay lớp em học về chủ đề phòng chống bắt nạt học đường.... (lần kể 2),SAFE,validation,synthetic,
VNBL_03283,Em và bạn Trang tranh luận một chút rồi đã làm hòa....,SAFE,train,synthetic,
VNBL_03284,Nhóm của con không chọn ý tưởng của em nhưng mọi người vẫn làm việc cùng nhau.,SAFE,train,synthetic,
VNBL_03285,Cô giáo nhắc cả lớp ko được đánh nhau và phải tôn trọng nhau. ạ,SAFE,train,synthetic,
VNBL_03286,con nói là có bạn dọa làm bé bị thương nếu em không làm theo....,HIGH_RISK,train,synthetic,
VNBL_03287,con nói là có bạn thường xuyên nói xấu em với các bạn khác.,RISK,train,synthetic,
VNBL_03288,Bạn Minh vô tình va vào bé ở sân trường rồi xin lỗi.,SAFE,train,synthetic,
VNBL_03289,Bạn Lan vô tình va vào bé trong giờ ra chơi rồi xin lỗi.,SAFE,train,synthetic,
VNBL_03290,Con nói là bạn Trang nhắn tin xúc phạm em liên tục.,RISK,test,synthetic,
VNBL_03291,"Mẹ hỏi con có bị bạn nào bắt nạt không, em nói là không. (lần kể 2)",SAFE,train,synthetic,
VNBL_03292,bạn Mai mượn bút của bé và đã trả lại.,SAFE,train,synthetic,
VNBL_03293,Bạn An vô tình va vào em lúc tan học rồi xin lỗi. (lần kể 2),SAFE,train,synthetic,
VNBL_03294,Dạo này em không dám kể với cô vì sợ bị các bạn ghét hơn....,RISK,validation,synthetic,
VNBL_03295,dạo này mấy bạn thường xuyên cười nhạo em trước lớp.,RISK,train,synthetic,
VNBL_03296,con nói là các bạn bắt bé đưa tiền mỗi tuần.,HIGH_RISK,train,synthetic,
VNBL_03297,"theo lời bé, có bạn dọa làm em bị thương nếu em không làm theo.",HIGH_RISK,validation,synthetic,
VNBL_03298,bạn Phúc vô tình va vào con trên xe đưa đón rồi xin lỗi.,SAFE,train,synthetic,
VNBL_03299,"Theo lời bé, mấy bạn thường xuyên cười nhạo em trước lớp....",RISK,train,synthetic,
VNBL_03300,Bạn Linh vô tình va vào bé ngoài hành lang rồi xin lỗi.,SAFE,train,synthetic,
VNBL_03301,Bé kể rằng con bị chửi và xúc phạm ở sân trường.,RISK,validation,synthetic,
VNBL_03302,dạo này bạn Khánh ép em phải đưa mật khẩu tài khoản và dọa đánh.,HIGH_RISK,train,synthetic,
VNBL_03303,Dạo này em bị giữ tay để một bạn khác đánh....,HIGH_RISK,train,synthetic,
VNBL_03304,bạn Hà vô tình va vào bé trên xe đưa đón rồi xin lỗi.,SAFE,validation,synthetic,
VNBL_03305,em nói có bạn dọa làm bé bị thương nếu em không làm theo....,HIGH_RISK,train,synthetic,
VNBL_03306,"theo lời bé, có bạn dọa làm em bị thương nếu em ko làm theo.",HIGH_RISK,validation,synthetic,
VNBL_03307,Em nói bạn Lan ép em phải đưa mật khẩu tài khoản và dọa đánh.,HIGH_RISK,validation,synthetic,
VNBL_03308,bé bị tát nhiều lần ngoài hành lang.,HIGH_RISK,train,synthetic,
VNBL_03309,em bị xô xuống cầu thang nhưng may em bám được tay vịn. ạ,HIGH_RISK,train,synthetic,
VNBL_03310,Bé kể rằng các bạn chế ảnh của em rồi gửi vào nhóm lớp.,RISK,train,synthetic,
VNBL_03311,hôm qua bé đi học bình thường và chơi với các bạn.,SAFE,train,synthetic,
VNBL_03312,bạn Vy nhắn tin xúc phạm em liên tục.,RISK,train,synthetic,
VNBL_03313,Con nói là có người đăng bài bêu xấu con trên mạng.,RISK,train,synthetic,
VNBL_03314,Bạn Khánh mượn bút của bé và đã trả lại. ạ,SAFE,test,synthetic,
VNBL_03315,Con nói là các bạn quay video lúc đánh em rồi gửi vào nhóm. ạ,HIGH_RISK,train,synthetic,
VNBL_03316,bé kể rằng bạn Huy ép em phải đưa mật khẩu tài khoản và dọa đánh.,HIGH_RISK,train,synthetic,
VNBL_03317,Dạo này bé bị loại khỏi các hoạt động của nhóm nhiều lần.,RISK,validation,synthetic,
VNBL_03318,Bé kể rằng bạn Phúc nhắn tin xúc phạm em liên tục.,RISK,validation,synthetic,
VNBL_03319,Bạn Linh vô tình va vào em lúc tan học rồi xin lỗi.,SAFE,train,synthetic,
VNBL_03320,Bạn Vy vô tình va vào em trên xe đưa đón rồi xin lỗi. (lần kể 2),SAFE,validation,synthetic,
VNBL_03321,"theo lời bé, em sợ giờ ra chơi vì các bạn hay vây quanh trêu chọc....",RISK,train,synthetic,
VNBL_03322,con nói là các bạn không cho em chơi cùng ngoài hành lang.,RISK,test,synthetic,
VNBL_03323,"Em bị ngã trên xe đưa đón khi đang chạy, ko có ai xô bé.",SAFE,train,synthetic,
VNBL_03324,"Theo lời bé, em sợ giờ ra chơi vì các bạn hay vây quanh trêu chọc. ạ",RISK,test,synthetic,
VNBL_03325,em không thích tiết thể dục nhưng vẫn đi học bình thường. ạ,SAFE,validation,synthetic,
VNBL_03326,em nói em cảm thấy bị cô lập vì không ai trong nhóm chịu nói chuyện với em....,RISK,train,synthetic,
VNBL_03327,Dạo này bạn Phúc lấy đồ của em rồi ko chịu trả.,RISK,validation,synthetic,
VNBL_03328,Hôm nay lớp con học về chủ đề phòng chống bắt nạt học đường....,SAFE,train,synthetic,
VNBL_03329,Em nói có bạn dọa làm em bị thương nếu em ko làm theo.,HIGH_RISK,test,synthetic,
VNBL_03330,Con nói là con bị xô xuống cầu thang nhưng may em bám được tay vịn.,HIGH_RISK,train,synthetic,
VNBL_03331,Dạo này bé sợ giờ ra chơi vì các bạn hay vây quanh trêu chọc.,RISK,test,synthetic,
VNBL_03332,bé kể rằng bạn Hà đấm em vào người.,HIGH_RISK,train,synthetic,
VNBL_03333,Dạo này họ nhốt bé trong nhà vệ sinh và ko cho ra.,HIGH_RISK,train,synthetic,
VNBL_03334,Em nói em không muốn đi học vì sợ gặp nhóm bạn trong lớp. ạ,RISK,train,synthetic,
VNBL_03335,bạn Mai ép em phải đưa mật khẩu tài khoản và dọa đánh.,HIGH_RISK,train,synthetic,
VNBL_03336,"theo lời bé, mấy bạn thường xuyên cười nhạo bé trước lớp.",RISK,validation,synthetic,
VNBL_03337,"theo lời bé, em cảm thấy bị cô lập vì không ai trong nhóm chịu nói chuyện với em....",RISK,train,synthetic,
VNBL_03338,bạn Huy mượn bút của em và đã trả lại....,SAFE,train,synthetic,
VNBL_03339,Bé kể rằng mấy bạn ném đồ cứng vào con và cười. ạ,HIGH_RISK,train,synthetic,
VNBL_03340,Dạo này bạn Hà lấy đồ của em rồi không chịu trả.,RISK,test,synthetic,
VNBL_03341,"Em bị ngã trên xe đưa đón khi đang chạy, không có ai xô em.",SAFE,validation,synthetic,
VNBL_03342,Dạo này gần đây em bị một nhóm bạn đánh ở lớp.,HIGH_RISK,validation,synthetic,
VNBL_03343,Con nói là mấy hôm nay các bạn cứ gọi em bằng biệt danh em không thích....,RISK,train,synthetic,
VNBL_03344,Bé kể rằng bạn Hà ép em phải đưa mật khẩu tài khoản và dọa đánh.,HIGH_RISK,train,synthetic,
VNBL_03345,Bé kể rằng bé bị ép làm việc em không muốn và bị đe dọa nếu từ chối. ạ,HIGH_RISK,test,synthetic,
VNBL_03346,"Theo lời bé, các bạn ko cho con chơi cùng ở lớp.",RISK,train,synthetic,
VNBL_03347,em hơi buồn vì điểm kiểm tra thấp. ạ,SAFE,validation,synthetic,
VNBL_03348,"Em và các bạn trêu nhau vui, khi con bảo dừng thì mọi người dừng lại. (lần kể 2)",SAFE,train,synthetic,
VNBL_03349,con nói là bé không dám phát biểu vì các bạn hay cười nhạo.,RISK,train,synthetic,
VNBL_03350,bé bị đánh nhiều lần trong tuần này.,HIGH_RISK,test,synthetic,
VNBL_03351,"Bạn Lan nói câu đùa làm em khó chịu, sau đó bạn đã xin lỗi. ạ (lần kể 2)",SAFE,train,synthetic,
VNBL_03352,Em nói có bạn bắt con làm bài hộ nếu không sẽ nói xấu em.,RISK,train,synthetic,
VNBL_03353,"Theo lời bé, bạn Nam đấm con vào người.",HIGH_RISK,test,synthetic,
VNBL_03354,Em nói em bị ép đưa đồ ăn và tiền cho các bạn.,HIGH_RISK,train,synthetic,
VNBL_03355,"Em bị ngã trên xe đưa đón khi đang chạy, không có ai xô em. (lần kể 2)",SAFE,train,synthetic,
VNBL_03356,Bé kể rằng họ nhốt em trong nhà vệ sinh và không cho ra....,HIGH_RISK,train,synthetic,
VNBL_03357,Bé kể rằng một nhóm bạn lấy tiền của em và dọa không được nói với bố mẹ. ạ,HIGH_RISK,validation,synthetic,
VNBL_03358,Con nói là họ nói tan học đợi đấy rồi vây em ở cổng trường. ạ,HIGH_RISK,train,synthetic,
VNBL_03359,"theo lời bé, các bạn bắt em đưa tiền mỗi tuần.",HIGH_RISK,train,synthetic,
VNBL_03360,Con nói là các bạn ko cho em chơi cùng trên xe đưa đón.,RISK,validation,synthetic,
VNBL_03361,bạn Lan vô tình va vào bé lúc tan học rồi xin lỗi.,SAFE,train,synthetic,
VNBL_03362,mấy bạn ném đồ cứng vào bé và cười.,HIGH_RISK,train,synthetic,
VNBL_03363,Bé kể rằng bạn Hà nhắn tin xúc phạm em liên tục.,RISK,validation,synthetic,
VNBL_03364,dạo này bạn Mai nhắn tin xúc phạm em liên tục.,RISK,test,synthetic,
VNBL_03365,Bé kể rằng một nhóm bạn thường xuyên đạp vào chân bé dưới bàn.,HIGH_RISK,test,synthetic,
VNBL_03366,"Theo lời bé, bạn Phúc dọa sẽ đánh em nếu em kể với cô. ạ",HIGH_RISK,train,synthetic,
VNBL_03367,Hôm nay bé làm rơi hộp bút và bạn đã nhặt giúp. (lần kể 2),SAFE,train,synthetic,
VNBL_03368,bé kể rằng con bị giữ tay để một bạn khác đánh.,HIGH_RISK,train,synthetic,
VNBL_03369,Bạn Vy vô tình va vào bé trong giờ ra chơi rồi xin lỗi....,SAFE,train,synthetic,
VNBL_03370,Dạo này con bị ép làm việc em không muốn và bị đe dọa nếu từ chối.,HIGH_RISK,train,synthetic,
VNBL_03371,"Theo lời bé, em bị ép làm việc em không muốn và bị đe dọa nếu từ chối....",HIGH_RISK,train,synthetic,
VNBL_03372,bạn Linh vô tình va vào em trong giờ ra chơi rồi xin lỗi.,SAFE,train,synthetic,
VNBL_03373,Dạo này bạn Minh đấm em vào người.,HIGH_RISK,test,synthetic,
VNBL_03374,con nói là các bạn cố tình làm hỏng đồ dùng của con.,RISK,train,synthetic,
VNBL_03375,bạn Lan vô tình va vào em trên xe đưa đón rồi xin lỗi.,SAFE,validation,synthetic,
VNBL_03376,"Theo lời bé, bạn Nam nhắn tin xúc phạm em liên tục.",RISK,train,synthetic,
VNBL_03377,"theo lời bé, các bạn quay video lúc con khóc rồi gửi cho nhau.",RISK,test,synthetic,
VNBL_03378,bé kể rằng em bị ép đưa đồ ăn và tiền cho các bạn.,HIGH_RISK,train,synthetic,
VNBL_03379,bạn Phúc vô tình va vào bé ngoài hành lang rồi xin lỗi.,SAFE,train,synthetic,
VNBL_03380,Dạo này em thường bị lấy đồ ăn mà không được hỏi. ạ,RISK,train,synthetic,
VNBL_03381,Bạn Phúc vô tình va vào em ở sân trường rồi xin lỗi....,SAFE,validation,synthetic,
VNBL_03382,"theo lời bé, bạn Phúc ép con phải đưa mật khẩu tài khoản và dọa đánh.",HIGH_RISK,test,synthetic,
VNBL_03383,Con nói là bé bị chửi và xúc phạm ngoài hành lang.,RISK,train,synthetic,
VNBL_03384,Em nói bạn Trang lấy đồ của bé rồi không chịu trả.,RISK,validation,synthetic,
VNBL_03385,Dạo này các bạn quay video lúc bé khóc rồi gửi cho nhau.,RISK,train,synthetic,
VNBL_03386,Bạn Phúc vô tình va vào bé ở sân trường rồi xin lỗi. (lần kể 2),SAFE,train,synthetic,
VNBL_03387,Em nói bé có vết bầm vì bị bạn đánh ở sân trường.,HIGH_RISK,train,synthetic,
VNBL_03388,"Theo lời bé, hôm nay em bị một nhóm bạn đánh trên xe đưa đón....",HIGH_RISK,train,synthetic,
VNBL_03389,Con nói là các bạn cố tình làm hỏng đồ dùng của em. ạ,RISK,train,synthetic,
VNBL_03390,dạo này các bạn chế ảnh của em rồi gửi vào nhóm lớp.,RISK,train,synthetic,
VNBL_03391,em thấy hai bạn khác cãi nhau nhưng em không liên quan. ạ,SAFE,train,synthetic,
VNBL_03392,"Mẹ hỏi bé có bị bạn nào bắt nạt ko, em nói là ko.",SAFE,test,synthetic,
VNBL_03393,Bạn Linh vô tình va vào bé ở lớp rồi xin lỗi.,SAFE,train,synthetic,
VNBL_03394,bé kể rằng bạn Linh dọa sẽ đánh em nếu em kể với cô.,HIGH_RISK,train,synthetic,
VNBL_03395,Con nói là em thường bị xô vai và chọc ghẹo khi đi qua hành lang. ạ,RISK,train,synthetic,
VNBL_03396,Em nói bạn Hà ép bé phải đưa mật khẩu tài khoản và dọa đánh.,HIGH_RISK,train,synthetic,
VNBL_03397,Con nói là bạn Nam nhắn tin xúc phạm con liên tục.,RISK,train,synthetic,
VNBL_03398,bạn Huy vô tình va vào em lúc tan học rồi xin lỗi.,SAFE,train,synthetic,
VNBL_03399,Dạo này một nhóm bạn lấy tiền của em và dọa không được nói với bố mẹ. ạ,HIGH_RISK,train,synthetic,
VNBL_03400,Em nói bạn Phúc lấy đồ của em rồi không chịu trả.,RISK,train,synthetic,
VNBL_03401,Dạo này bạn Hà dọa sẽ đánh con nếu em kể với cô.,HIGH_RISK,validation,synthetic,
VNBL_03402,dạo này mấy bạn ném đồ cứng vào em và cười.,HIGH_RISK,test,synthetic,
VNBL_03403,bé kể rằng bạn Huy dọa sẽ đánh em nếu em kể với cô.,HIGH_RISK,train,synthetic,
VNBL_03404,em nói bé bị giữ tay để một bạn khác đánh.,HIGH_RISK,test,synthetic,
VNBL_03405,bạn Khánh vô tình va vào em ở lớp rồi xin lỗi....,SAFE,validation,synthetic,
VNBL_03406,"Theo lời bé, có bạn bắt em làm bài hộ nếu không sẽ nói xấu em.",RISK,train,synthetic,
VNBL_03407,bạn Trang vô tình va vào em ngoài hành lang rồi xin lỗi.,SAFE,train,synthetic,
VNBL_03408,con nói là em không dám phát biểu vì các bạn hay cười nhạo. ạ,RISK,train,synthetic,
VNBL_03409,Em nói em bị đuổi ra khỏi nhóm chat của lớp....,RISK,train,synthetic,
VNBL_03410,Bạn Trang vô tình va vào em ở sân trường rồi xin lỗi. (lần kể 2),SAFE,train,synthetic,
VNBL_03411,Bé kể rằng bạn Lan ép em phải đưa mật khẩu tài khoản và dọa đánh.,HIGH_RISK,test,synthetic,
VNBL_03412,Dạo này mỗi giờ ra chơi các bạn cứ gọi em bằng biệt danh em không thích.,RISK,train,synthetic,
VNBL_03413,"Theo lời bé, các bạn quay video lúc con khóc rồi gửi cho nhau. ạ",RISK,train,synthetic,
VNBL_03414,Bé kể rằng bạn Mai đấm em vào người.,HIGH_RISK,train,synthetic,
VNBL_03415,hôm qua em bị một nhóm bạn đánh trong giờ ra chơi.,HIGH_RISK,test,synthetic,
VNBL_03416,dạo này tuần này em bị một nhóm bạn đánh ở lớp.,HIGH_RISK,validation,synthetic,
VNBL_03417,bạn Mai đấm em vào người.,HIGH_RISK,train,synthetic,
VNBL_03418,Em nói các bạn đá em khi em ngã xuống....,HIGH_RISK,train,synthetic,
VNBL_03419,Bé kể rằng em bị tát nhiều lần ngoài hành lang....,HIGH_RISK,train,synthetic,
VNBL_03420,"theo lời bé, họ dọa sẽ tiếp tục đánh nếu em báo với người lớn....",HIGH_RISK,train,synthetic,
VNBL_03421,Em nói em thường bị lấy đồ ăn mà không được hỏi.,RISK,train,synthetic,
VNBL_03422,bạn Trang vô tình va vào em trên xe đưa đón rồi xin lỗi. (lần kể 2),SAFE,test,synthetic,
VNBL_03423,Em nói bạn Trang dọa sẽ đánh em nếu em kể với cô.,HIGH_RISK,train,synthetic,
VNBL_03424,Em nói bạn Vy ép em phải đưa mật khẩu tài khoản và dọa đánh. ạ,HIGH_RISK,train,synthetic,
VNBL_03425,dạo này bạn Khánh dọa sẽ đánh em nếu em kể với cô....,HIGH_RISK,train,synthetic,
VNBL_03426,Em nói bạn Vy nhắn tin xúc phạm con liên tục.,RISK,train,synthetic,
VNBL_03427,bạn Trang mượn bút của em và đã trả lại.,SAFE,train,synthetic,
VNBL_03428,Con nói là bạn Trang lấy đồ của em rồi không chịu trả. ạ,RISK,train,synthetic,
VNBL_03429,Em nói bạn Vy dọa sẽ đánh em nếu em kể với cô. ạ,HIGH_RISK,validation,synthetic,
VNBL_03430,Bé kể rằng mỗi giờ ra chơi các bạn cứ gọi bé bằng biệt danh em không thích.,RISK,train,synthetic,
VNBL_03431,"Theo lời bé, con bị đánh nhiều lần trong tuần này.",HIGH_RISK,train,synthetic,
VNBL_03432,Dạo này bạn Lan lấy đồ của em rồi ko chịu trả.,RISK,train,synthetic,
VNBL_03433,Bé kể rằng em không dám phát biểu vì các bạn hay cười nhạo.,RISK,validation,synthetic,
VNBL_03434,Em nói bạn Khánh lấy đồ của bé rồi không chịu trả.,RISK,train,synthetic,
VNBL_03435,bạn Trang vô tình va vào bé trên xe đưa đón rồi xin lỗi.,SAFE,test,synthetic,
VNBL_03436,"theo lời bé, em bị đánh nhiều lần trong tuần này.",HIGH_RISK,train,synthetic,
VNBL_03437,Bạn Phúc vô tình va vào em ngoài hành lang rồi xin lỗi. ạ,SAFE,test,synthetic,
VNBL_03438,Con nói là em bị giấu cặp sách và đồ dùng học tập.,RISK,test,synthetic,
VNBL_03439,"Theo lời bé, gần đây con bị một nhóm bạn đánh ngoài hành lang.",HIGH_RISK,validation,synthetic,
VNBL_03440,Bạn Mai vô tình va vào em ở lớp rồi xin lỗi. (lần kể 2),SAFE,validation,synthetic,
VNBL_03441,Dạo này tuần này em bị một nhóm bạn đánh ở sân trường.,HIGH_RISK,validation,synthetic,
VNBL_03442,"Theo lời bé, hôm qua em bị một nhóm bạn đánh trên xe đưa đón.",HIGH_RISK,train,synthetic,
VNBL_03443,hôm qua em bị một nhóm bạn đánh trên xe đưa đón.,HIGH_RISK,train,synthetic,
VNBL_03444,Dạo này em bị ép đưa đồ ăn và tiền cho các bạn. ạ,HIGH_RISK,train,synthetic,
VNBL_03445,"Bạn Vy nói câu đùa làm em khó chịu, sau đó bạn đã xin lỗi. ạ (lần kể 2)",SAFE,train,synthetic,
VNBL_03446,"Em bị ngã lúc tan học khi đang chạy, ko có ai xô em.",SAFE,train,synthetic,
VNBL_03447,Dạo này ngày nào họ cũng trêu em dù em đã bảo dừng....,RISK,train,synthetic,
VNBL_03448,Bạn Lan vô tình va vào bé ngoài hành lang rồi xin lỗi.,SAFE,train,synthetic,
VNBL_03449,dạo này em bị tát nhiều lần trong giờ ra chơi.,HIGH_RISK,train,synthetic,
VNBL_03450,Bé kể rằng một số bạn tung tin sai về bé trong lớp.,RISK,train,synthetic,
VNBL_03451,Em nói gần đây các bạn cứ gọi em bằng biệt danh em không thích. ạ,RISK,train,synthetic,
VNBL_03452,bạn Lan vô tình va vào bé ở lớp rồi xin lỗi. (lần kể 2),SAFE,train,synthetic,
VNBL_03453,nhóm của em không chọn ý tưởng của em nhưng mọi người vẫn làm việc cùng nhau. ạ,SAFE,train,synthetic,
VNBL_03454,Cô giáo đang giải thích thế nào là hành vi cô lập bạn bè. ạ,SAFE,train,synthetic,
VNBL_03455,"theo lời bé, hôm qua em bị một nhóm bạn đánh ở lớp.",HIGH_RISK,train,synthetic,
VNBL_03456,Em nói một nhóm bạn lấy tiền của em và dọa không được nói với bố mẹ. ạ,HIGH_RISK,train,synthetic,
VNBL_03457,"theo lời bé, em bị ép làm việc em không muốn và bị đe dọa nếu từ chối.",HIGH_RISK,train,synthetic,
VNBL_03458,họ nói tan học đợi đấy rồi vây con ở cổng trường.,HIGH_RISK,train,synthetic,
VNBL_03459,con nói là em bị đánh nhiều lần trong tuần này.,HIGH_RISK,test,synthetic,
VNBL_03460,Em nói bé bị giấu cặp sách và đồ dùng học tập.,RISK,train,synthetic,
VNBL_03461,Dạo này hôm nay các bạn cứ gọi con bằng biệt danh em không thích.,RISK,validation,synthetic,
VNBL_03462,"Theo lời bé, một nhóm bạn lấy tiền của em và dọa ko được nói với bố mẹ. ạ",HIGH_RISK,train,synthetic,
VNBL_03463,Bé kể rằng em bị đánh nhiều lần trong tuần này.,HIGH_RISK,train,synthetic,
VNBL_03464,"Em bị ngã ở lớp khi đang chạy, không có ai xô em. ạ",SAFE,train,synthetic,
VNBL_03465,Bé kể rằng con có vết bầm vì bị bạn đánh lúc tan học.,HIGH_RISK,train,synthetic,
VNBL_03466,"Theo lời bé, bạn Trang lấy đồ của bé rồi không chịu trả.",RISK,train,synthetic,
VNBL_03467,Em nói bé bị chửi và xúc phạm ở sân trường.,RISK,train,synthetic,
VNBL_03468,Dạo này gần đây em bị một nhóm bạn đánh lúc tan học.,HIGH_RISK,train,synthetic,
VNBL_03469,Em nói mấy hôm nay các bạn cứ gọi bé bằng biệt danh em không thích.,RISK,train,synthetic,
VNBL_03470,Em nói bạn An nhắn tin xúc phạm em liên tục.,RISK,train,synthetic,
VNBL_03471,Em nói bé thường bị lấy đồ ăn mà không được hỏi.,RISK,test,synthetic,
VNBL_03472,Con nói là mỗi giờ ra chơi các bạn cứ gọi con bằng biệt danh em không thích.,RISK,train,synthetic,
VNBL_03473,Con nói là tuần này con bị một nhóm bạn đánh trên xe đưa đón.,HIGH_RISK,train,synthetic,
VNBL_03474,Bạn Khánh vô tình va vào bé ngoài hành lang rồi xin lỗi.,SAFE,train,synthetic,
VNBL_03475,Bạn Vy vô tình va vào em trong giờ ra chơi rồi xin lỗi. ạ,SAFE,train,synthetic,
VNBL_03476,con nói là bạn Khánh nhắn tin xúc phạm em liên tục....,RISK,train,synthetic,
VNBL_03477,dạo này bạn Phúc dọa sẽ đánh em nếu em kể với cô.,HIGH_RISK,test,synthetic,
VNBL_03478,mỗi giờ ra chơi con đi học bình thường và chơi với các bạn.,SAFE,validation,synthetic,
VNBL_03479,bạn Vy vô tình va vào bé lúc tan học rồi xin lỗi.,SAFE,validation,synthetic,
VNBL_03480,em nói con bị đánh nhiều lần trong tuần này.,HIGH_RISK,train,synthetic,
VNBL_03481,Con nói là các bạn cố tình làm hỏng đồ dùng của em.,RISK,train,synthetic,
VNBL_03482,có bạn dọa làm em bị thương nếu em ko làm theo.,HIGH_RISK,train,synthetic,
VNBL_03483,tuần này con đi học bình thường và chơi với các bạn. ạ,SAFE,train,synthetic,
VNBL_03484,con nói là con bị chửi và xúc phạm trên xe đưa đón.,RISK,test,synthetic,
VNBL_03485,Em nói các bạn chế ảnh của con rồi gửi vào nhóm lớp....,RISK,train,synthetic,
VNBL_03486,Bạn An vô tình va vào em ở sân trường rồi xin lỗi. (lần kể 2),SAFE,validation,synthetic,
VNBL_03487,Em nói con bị đuổi ra khỏi nhóm chat của lớp.,RISK,train,synthetic,
VNBL_03488,Em nói ngày nào họ cũng trêu em dù em đã bảo dừng....,RISK,train,synthetic,
VNBL_03489,"Theo lời bé, con ko dám phát biểu vì các bạn hay cười nhạo.",RISK,train,synthetic,
VNBL_03490,tuần này em bị một nhóm bạn đánh ở lớp.,HIGH_RISK,test,synthetic,
VNBL_03491,Bạn Huy vô tình va vào bé ngoài hành lang rồi xin lỗi.,SAFE,validation,synthetic,
VNBL_03492,"em bị ngã ngoài hành lang khi đang chạy, không có ai xô bé.",SAFE,train,synthetic,
VNBL_03493,Con nói là các bạn không cho bé chơi cùng lúc tan học.,RISK,test,synthetic,
VNBL_03494,em nói em bị chửi và xúc phạm lúc tan học.,RISK,train,synthetic,
VNBL_03495,Bé kể rằng các bạn ko cho con chơi cùng trong giờ ra chơi.,RISK,train,synthetic,
VNBL_03496,Dạo này bạn Vy đấm bé vào người.,HIGH_RISK,train,synthetic,
VNBL_03497,Bé kể rằng em bị loại khỏi các hoạt động của nhóm nhiều lần....,RISK,train,synthetic,
VNBL_03498,dạo này em sợ giờ ra chơi vì các bạn hay vây quanh trêu chọc.,RISK,test,synthetic,
VNBL_03499,Bạn Linh vô tình va vào em ngoài hành lang rồi xin lỗi....,SAFE,test,synthetic,
VNBL_03500,Bé kể rằng tuần này các bạn cứ gọi con bằng biệt danh em không thích.,RISK,train,synthetic,
VNBL_03501,Con nói là em bị chặn ở cổng trường và cướp tiền.,HIGH_RISK,validation,synthetic,
VNBL_03502,"Em bị ngã trong giờ ra chơi khi đang chạy, không có ai xô em. ạ (lần kể 2)",SAFE,train,synthetic,
VNBL_03503,"em bị ngã ngoài hành lang khi đang chạy, không có ai xô con. ạ",SAFE,train,synthetic,
VNBL_03504,bạn Minh vô tình va vào em ở sân trường rồi xin lỗi. ạ,SAFE,train,synthetic,
VNBL_03505,"em và các bạn trêu nhau vui, khi con bảo dừng thì mọi người dừng lại.",SAFE,train,synthetic,
VNBL_03506,bạn Trang vô tình va vào em lúc tan học rồi xin lỗi. (lần kể 2),SAFE,test,synthetic,
VNBL_03507,bạn Huy dọa sẽ đánh em nếu em kể với cô.,HIGH_RISK,train,synthetic,
VNBL_03508,con nói là em thường bị lấy đồ ăn mà không được hỏi.,RISK,train,synthetic,
VNBL_03509,bé không dám kể với cô vì sợ bị các bạn ghét hơn. ạ,RISK,test,synthetic,
VNBL_03510,Bạn Nam vô tình va vào em ở sân trường rồi xin lỗi. (lần kể 2),SAFE,train,synthetic,
VNBL_03511,bạn An lấy đồ của bé rồi không chịu trả.,RISK,validation,synthetic,
VNBL_03512,Bé kể rằng bạn Huy dọa sẽ đánh con nếu em kể với cô.,HIGH_RISK,validation,synthetic,
VNBL_03513,em với bạn Trang giành bóng khi chơi rồi tiếp tục chơi bình thường.,SAFE,train,synthetic,
VNBL_03514,Con nói là mấy hôm nay em bị một nhóm bạn đánh ngoài hành lang....,HIGH_RISK,test,synthetic,
VNBL_03515,Em nói em không muốn đi học vì sợ gặp nhóm bạn trong lớp.,RISK,validation,synthetic,
VNBL_03516,các bạn không cho bé chơi cùng lúc tan học.,RISK,test,synthetic,
VNBL_03517,"Theo lời bé, bạn An đấm con vào người.",HIGH_RISK,validation,synthetic,
VNBL_03518,Con nói là bạn Trang dọa sẽ đánh con nếu em kể với cô.,HIGH_RISK,train,synthetic,
VNBL_03519,hôm nay em bị một nhóm bạn đánh ngoài hành lang.,HIGH_RISK,test,synthetic,
VNBL_03520,Bé kể rằng bạn Trang đấm bé vào người.,HIGH_RISK,train,synthetic,
VNBL_03521,Em không muốn đến trường ngày mai vì chưa làm xong bài tập....,SAFE,test,synthetic,
VNBL_03522,Con nói là bạn Minh đấm bé vào người.,HIGH_RISK,test,synthetic,
VNBL_03523,Con nói là tuần này em bị một nhóm bạn đánh ngoài hành lang.,HIGH_RISK,train,synthetic,
VNBL_03524,Em với bạn Minh giành bóng khi chơi rồi tiếp tục chơi bình thường.,SAFE,train,synthetic,
VNBL_03525,Bạn Minh mượn bút của em và đã trả lại.,SAFE,train,synthetic,
VNBL_03526,Bạn Phúc vô tình va vào em ở lớp rồi xin lỗi. (lần kể 2),SAFE,train,synthetic,
VNBL_03527,"Em bị ngã trên xe đưa đón khi đang chạy, không có ai xô em.... (lần kể 2)",SAFE,train,synthetic,
VNBL_03528,Em nói em bị tát nhiều lần ở lớp.,HIGH_RISK,train,synthetic,
VNBL_03529,"theo lời bé, mỗi giờ ra chơi em bị một nhóm bạn đánh lúc tan học.",HIGH_RISK,validation,synthetic,
VNBL_03530,"Theo lời bé, em bị đánh nhiều lần trong tuần này.",HIGH_RISK,train,synthetic,
VNBL_03531,Dạo này con không muốn đi học vì sợ gặp nhóm bạn trong lớp.,RISK,validation,synthetic,
VNBL_03532,con nói là bạn Nam lấy đồ của em rồi không chịu trả.,RISK,train,synthetic,
VNBL_03533,dạo này mấy bạn ném đồ cứng vào bé và cười.,HIGH_RISK,train,synthetic,
VNBL_03534,Bạn Trang vô tình va vào con trong giờ ra chơi rồi xin lỗi.,SAFE,test,synthetic,
VNBL_03535,có bạn bắt em làm bài hộ nếu không sẽ nói xấu em.,RISK,validation,synthetic,
VNBL_03536,nhóm của em ko chọn ý tưởng của em nhưng mọi người vẫn làm việc cùng nhau.,SAFE,validation,synthetic,
VNBL_03537,Lớp bé xem video hướng dẫn cách báo với người lớn khi bị bắt nạt. ạ,SAFE,test,synthetic,
VNBL_03538,các bạn chế ảnh của em rồi gửi vào nhóm lớp.,RISK,validation,synthetic,
VNBL_03539,dạo này hôm nay em bị một nhóm bạn đánh ở lớp.,HIGH_RISK,train,synthetic,
VNBL_03540,"Em và các bạn trêu nhau vui, khi em bảo dừng thì mọi người dừng lại.",SAFE,train,synthetic,
VNBL_03541,cô giáo nhắc cả lớp không được đánh nhau và phải tôn trọng nhau. ạ,SAFE,train,synthetic,
VNBL_03542,Em nói hôm nay em bị một nhóm bạn đánh trên xe đưa đón.,HIGH_RISK,train,synthetic,
VNBL_03543,em nói các bạn ko cho bé chơi cùng trên xe đưa đón.,RISK,train,synthetic,
VNBL_03544,"Theo lời bé, bạn Huy dọa sẽ đánh em nếu em kể với cô....",HIGH_RISK,train,synthetic,
VNBL_03545,Em nói mấy bạn thường xuyên cười nhạo em trước lớp.,RISK,test,synthetic,
VNBL_03546,Em bị đau tay do chơi thể thao trong giờ ra chơi. ạ (lần kể 2),SAFE,train,synthetic,
VNBL_03547,Con nói là các bạn không cho em chơi cùng ngoài hành lang.,RISK,train,synthetic,
VNBL_03548,em nói em bị đuổi ra khỏi nhóm chat của lớp....,RISK,validation,synthetic,
VNBL_03549,Con nói là em sợ giờ ra chơi vì các bạn hay vây quanh trêu chọc.,RISK,test,synthetic,
VNBL_03550,"Em bị ngã trong giờ ra chơi khi đang chạy, ko có ai xô bé.",SAFE,test,synthetic,
VNBL_03551,Con nói là bạn Mai nhắn tin xúc phạm em liên tục....,RISK,train,synthetic,
VNBL_03552,các bạn bắt bé đưa tiền mỗi tuần.,HIGH_RISK,test,synthetic,
VNBL_03553,Em nói bạn Lan ép con phải đưa mật khẩu tài khoản và dọa đánh.,HIGH_RISK,train,synthetic,
VNBL_03554,bạn Vy vô tình va vào em ở sân trường rồi xin lỗi....,SAFE,train,synthetic,
VNBL_03555,Dạo này em thường bị lấy đồ ăn mà không được hỏi.,RISK,train,synthetic,
VNBL_03556,Dạo này con không dám kể với cô vì sợ bị các bạn ghét hơn. ạ,RISK,train,synthetic,
VNBL_03557,Bé kể rằng họ nói tan học đợi đấy rồi vây bé ở cổng trường.,HIGH_RISK,train,synthetic,
VNBL_03558,dạo này các bạn quay video lúc con khóc rồi gửi cho nhau.,RISK,test,synthetic,
VNBL_03559,Bé kể rằng mấy bạn thường xuyên cười nhạo con trước lớp.,RISK,train,synthetic,
VNBL_03560,Bạn Nam mượn bút của em và đã trả lại. ạ (lần kể 2),SAFE,test,synthetic,
VNBL_03561,Bạn Khánh vô tình va vào bé lúc tan học rồi xin lỗi.,SAFE,validation,synthetic,
VNBL_03562,em đọc một bài báo nói về bạo lực học đường. ạ (lần kể 2),SAFE,train,synthetic,
VNBL_03563,"Theo lời bé, cả nhóm cố tình không cho em ngồi cùng....",RISK,train,synthetic,
VNBL_03564,Bé kể rằng các bạn bắt em đưa tiền mỗi tuần. ạ,HIGH_RISK,train,synthetic,
VNBL_03565,Bạn Hà vô tình va vào bé trong giờ ra chơi rồi xin lỗi.,SAFE,train,synthetic,
VNBL_03566,Con nói là bé không dám kể với cô vì sợ bị các bạn ghét hơn.,RISK,train,synthetic,
VNBL_03567,em nói bạn Trang lấy đồ của em rồi không chịu trả.,RISK,train,synthetic,
VNBL_03568,Em sợ bị cô gọi lên bảng vì chưa thuộc bài. (lần kể 2),SAFE,train,synthetic,
VNBL_03569,mỗi giờ ra chơi con đi học bình thường và chơi với các bạn....,SAFE,test,synthetic,
VNBL_03570,con nói là bạn Vy lấy đồ của em rồi không chịu trả.,RISK,train,synthetic,
VNBL_03571,hôm nay bé làm rơi hộp bút và bạn đã nhặt giúp. (lần kể 2),SAFE,validation,synthetic,
VNBL_03572,Con nói là mấy bạn ném đồ cứng vào em và cười.,HIGH_RISK,validation,synthetic,
VNBL_03573,dạo này có bạn bắt con làm bài hộ nếu không sẽ nói xấu em.,RISK,test,synthetic,
VNBL_03574,"Mẹ hỏi em có bị bạn nào bắt nạt không, em nói là không. ạ",SAFE,test,synthetic,
VNBL_03575,Em nói các bạn quay video lúc đánh con rồi gửi vào nhóm.,HIGH_RISK,validation,synthetic,
VNBL_03576,Con nói là bạn Minh ép bé phải đưa mật khẩu tài khoản và dọa đánh.,HIGH_RISK,validation,synthetic,
VNBL_03577,em nói mấy bạn ném đồ cứng vào em và cười.,HIGH_RISK,train,synthetic,
VNBL_03578,Bạn Huy mượn bút của em và đã trả lại....,SAFE,test,synthetic,
VNBL_03579,em thấy hai bạn khác cãi nhau nhưng con không liên quan.,SAFE,test,synthetic,
VNBL_03580,bạn Minh đấm em vào người.,HIGH_RISK,train,synthetic,
VNBL_03581,Con nói là bé bị xô xuống cầu thang nhưng may em bám được tay vịn.,HIGH_RISK,test,synthetic,
VNBL_03582,em nói họ nói tan học đợi đấy rồi vây em ở cổng trường.,HIGH_RISK,validation,synthetic,
VNBL_03583,Con nói là bạn Vy ép em phải đưa mật khẩu tài khoản và dọa đánh....,HIGH_RISK,train,synthetic,
VNBL_03584,em nói các bạn không cho em chơi cùng ở sân trường.,RISK,train,synthetic,
VNBL_03585,bạn Linh mượn bút của con và đã trả lại.,SAFE,train,synthetic,
VNBL_03586,"Bạn An nói câu đùa làm bé khó chịu, sau đó bạn đã xin lỗi. (lần kể 2)",SAFE,train,synthetic,
VNBL_03587,Con nói là một nhóm bạn thường xuyên đạp vào chân em dưới bàn. ạ,HIGH_RISK,train,synthetic,
VNBL_03588,Con nói là bạn Lan ép con phải đưa mật khẩu tài khoản và dọa đánh.,HIGH_RISK,train,synthetic,
VNBL_03589,hôm nay con đi học bình thường và chơi với các bạn. (lần kể 2),SAFE,test,synthetic,
VNBL_03590,Bé kể rằng con bị ép làm việc em không muốn và bị đe dọa nếu từ chối.,HIGH_RISK,train,synthetic,
VNBL_03591,cả nhóm cố tình ko cho em ngồi cùng....,RISK,train,synthetic,
VNBL_03592,Dạo này các bạn ko cho em chơi cùng ở sân trường.,RISK,train,synthetic,
VNBL_03593,Em ko muốn đến trường ngày mai vì chưa làm xong bài tập. ạ,SAFE,train,synthetic,
VNBL_03594,Em nói có người đăng bài bêu xấu em trên mạng. ạ,RISK,train,synthetic,
VNBL_03595,"theo lời bé, các bạn chế ảnh của em rồi gửi vào nhóm lớp.",RISK,validation,synthetic,
VNBL_03596,"Theo lời bé, các bạn ko cho con chơi cùng ở sân trường.",RISK,train,synthetic,
VNBL_03597,"Theo lời bé, bạn Vy lấy đồ của con rồi không chịu trả.",RISK,test,synthetic,
VNBL_03598,Dạo này các bạn quay video lúc đánh con rồi gửi vào nhóm.,HIGH_RISK,validation,synthetic,
VNBL_03599,con nói là có bạn bắt con làm bài hộ nếu không sẽ nói xấu em.,RISK,train,synthetic,
VNBL_03600,em với bạn Lan giành bóng khi chơi rồi tiếp tục chơi bình thường. ạ,SAFE,test,synthetic,
VNBL_03601,"theo lời bé, em bị loại khỏi các hoạt động của nhóm nhiều lần....",RISK,train,synthetic,
VNBL_03602,"Bạn Huy nói câu đùa làm con khó chịu, sau đó bạn đã xin lỗi....",SAFE,train,synthetic,
VNBL_03603,Bạn Hà mượn bút của bé và đã trả lại. (lần kể 2),SAFE,train,synthetic,
VNBL_03604,hôm nay em làm rơi hộp bút và bạn đã nhặt giúp....,SAFE,train,synthetic,
VNBL_03605,Em nói bạn Phúc ép em phải đưa mật khẩu tài khoản và dọa đánh.,HIGH_RISK,train,synthetic,
VNBL_03606,Bé kể rằng các bạn chế ảnh của em rồi gửi vào nhóm lớp....,RISK,train,synthetic,
VNBL_03607,Em nói mỗi giờ ra chơi các bạn cứ gọi em bằng biệt danh em ko thích.,RISK,train,synthetic,
VNBL_03608,mấy hôm nay em đi học bình thường và chơi với các bạn....,SAFE,train,synthetic,
VNBL_03609,Bạn Nam vô tình va vào em trên xe đưa đón rồi xin lỗi.,SAFE,train,synthetic,
VNBL_03610,Em sợ bị cô gọi lên bảng vì chưa thuộc bài. ạ (lần kể 2),SAFE,train,synthetic,
VNBL_03611,bạn Lan vô tình va vào bé ngoài hành lang rồi xin lỗi.,SAFE,test,synthetic,
VNBL_03612,"Em và các bạn trêu nhau vui, khi con bảo dừng thì mọi người dừng lại.",SAFE,train,synthetic,
VNBL_03613,con nói là bạn Mai ép em phải đưa mật khẩu tài khoản và dọa đánh.,HIGH_RISK,validation,synthetic,
VNBL_03614,"Theo lời bé, bạn Huy ép em phải đưa mật khẩu tài khoản và dọa đánh.",HIGH_RISK,validation,synthetic,
VNBL_03615,các bạn không cho em chơi cùng ngoài hành lang....,RISK,train,synthetic,
VNBL_03616,Con nói là các bạn cố tình làm hỏng đồ dùng của con. ạ,RISK,train,synthetic,
VNBL_03617,Em và bạn Trang tranh luận một chút rồi đã làm hòa. (lần kể 2),SAFE,train,synthetic,
VNBL_03618,"Theo lời bé, con bị chặn ở cổng trường và cướp tiền.",HIGH_RISK,train,synthetic,
VNBL_03619,em nói em có vết bầm vì bị bạn đánh trên xe đưa đón.,HIGH_RISK,train,synthetic,
VNBL_03620,tuần này em bị một nhóm bạn đánh ngoài hành lang.,HIGH_RISK,train,synthetic,
VNBL_03621,Bạn Mai vô tình va vào bé ở lớp rồi xin lỗi.,SAFE,validation,synthetic,
VNBL_03622,bé kể rằng bạn Khánh đấm em vào người.,HIGH_RISK,train,synthetic,
VNBL_03623,Bạn Phúc mượn bút của em và đã trả lại. ạ,SAFE,train,synthetic,
VNBL_03624,Bé kể rằng bạn An dọa sẽ đánh con nếu em kể với cô....,HIGH_RISK,train,synthetic,
VNBL_03625,"theo lời bé, một nhóm bạn lấy tiền của em và dọa không được nói với bố mẹ.",HIGH_RISK,train,synthetic,
VNBL_03626,Em với bạn Hà giành bóng khi chơi rồi tiếp tục chơi bình thường. (lần kể 2),SAFE,train,synthetic,
VNBL_03627,Con nói là hôm nay con bị một nhóm bạn đánh lúc tan học. ạ,HIGH_RISK,validation,synthetic,
VNBL_03628,Dạo này con có vết bầm vì bị bạn đánh ở lớp.,HIGH_RISK,train,synthetic,
VNBL_03629,Bạn An vô tình va vào em ở sân trường rồi xin lỗi. ạ,SAFE,test,synthetic,
VNBL_03630,"Theo lời bé, bạn Huy ép em phải đưa mật khẩu tài khoản và dọa đánh....",HIGH_RISK,train,synthetic,
VNBL_03631,Bạn Mai mượn bút của con và đã trả lại....,SAFE,test,synthetic,
VNBL_03632,Em nói gần đây các bạn cứ gọi em bằng biệt danh em không thích....,RISK,test,synthetic,
VNBL_03633,Dạo này họ nhốt em trong nhà vệ sinh và không cho ra.,HIGH_RISK,train,synthetic,
VNBL_03634,"Theo lời bé, họ dọa sẽ tiếp tục đánh nếu em báo với người lớn.",HIGH_RISK,test,synthetic,
VNBL_03635,em nói em bị tát nhiều lần ở lớp.,HIGH_RISK,train,synthetic,
VNBL_03636,Em nói các bạn quay video lúc bé khóc rồi gửi cho nhau.,RISK,train,synthetic,
VNBL_03637,Dạo này em bị ép làm việc em không muốn và bị đe dọa nếu từ chối. ạ,HIGH_RISK,train,synthetic,
VNBL_03638,Em nói bạn Minh nhắn tin xúc phạm em liên tục. ạ,RISK,train,synthetic,
VNBL_03639,tuần này các bạn cứ gọi em bằng biệt danh em không thích.,RISK,test,synthetic,
VNBL_03640,"theo lời bé, em sợ giờ ra chơi vì các bạn hay vây quanh trêu chọc.",RISK,train,synthetic,
VNBL_03641,bé kể rằng gần đây em bị một nhóm bạn đánh ở lớp. ạ,HIGH_RISK,train,synthetic,
VNBL_03642,"bạn Trang nói câu đùa làm em khó chịu, sau đó bạn đã xin lỗi.",SAFE,validation,synthetic,
VNBL_03643,"Theo lời bé, bạn Linh nhắn tin xúc phạm em liên tục.",RISK,validation,synthetic,
VNBL_03644,bạn Phúc mượn bút của em và đã trả lại. (lần kể 2),SAFE,train,synthetic,
VNBL_03645,mấy bạn thường xuyên cười nhạo em trước lớp. ạ,RISK,train,synthetic,
VNBL_03646,Bạn Mai mượn bút của em và đã trả lại.... (lần kể 2),SAFE,validation,synthetic,
VNBL_03647,bạn Linh dọa sẽ đánh em nếu em kể với cô.,HIGH_RISK,train,synthetic,
VNBL_03648,Em nói các bạn ko cho con chơi cùng trên xe đưa đón.,RISK,test,synthetic,
VNBL_03649,Con nói là gần đây em bị một nhóm bạn đánh trên xe đưa đón.,HIGH_RISK,train,synthetic,
VNBL_03650,Em nói em thường bị lấy đồ ăn mà ko được hỏi.,RISK,train,synthetic,
VNBL_03651,Bạn Minh vô tình va vào em ngoài hành lang rồi xin lỗi. (lần kể 2),SAFE,train,synthetic,
VNBL_03652,"Em bị ngã trên xe đưa đón khi đang chạy, không có ai xô bé. ạ",SAFE,test,synthetic,
VNBL_03653,Bạn Nam vô tình va vào em trong giờ ra chơi rồi xin lỗi.,SAFE,train,synthetic,
VNBL_03654,dạo này em có vết bầm vì bị bạn đánh trên xe đưa đón.,HIGH_RISK,test,synthetic,
VNBL_03655,bé bị chửi và xúc phạm trên xe đưa đón.,RISK,test,synthetic,
VNBL_03656,Dạo này họ dọa sẽ tiếp tục đánh nếu em báo với người lớn....,HIGH_RISK,train,synthetic,
VNBL_03657,dạo này bạn Lan ép em phải đưa mật khẩu tài khoản và dọa đánh.,HIGH_RISK,validation,synthetic,
VNBL_03658,Bé kể rằng ngày nào họ cũng trêu em dù em đã bảo dừng. ạ,RISK,validation,synthetic,
VNBL_03659,mỗi giờ ra chơi các bạn cứ gọi em bằng biệt danh em ko thích. ạ,RISK,train,synthetic,
VNBL_03660,Bé kể rằng bạn Linh dọa sẽ đánh em nếu em kể với cô.,HIGH_RISK,train,synthetic,
VNBL_03661,bạn Trang mượn bút của em và đã trả lại. ạ (lần kể 2),SAFE,train,synthetic,
VNBL_03662,Bạn Mai mượn bút của em và đã trả lại. (lần kể 2),SAFE,test,synthetic,
VNBL_03663,Em nói mấy hôm nay em bị một nhóm bạn đánh trong giờ ra chơi.,HIGH_RISK,train,synthetic,
VNBL_03664,"Theo lời bé, bạn Linh lấy đồ của em rồi ko chịu trả.",RISK,train,synthetic,
VNBL_03665,Bé kể rằng bạn Hà đấm em vào người.,HIGH_RISK,train,synthetic,
VNBL_03666,Bé kể rằng gần đây em bị một nhóm bạn đánh trên xe đưa đón.,HIGH_RISK,test,synthetic,
VNBL_03667,"Theo lời bé, bạn Khánh ép bé phải đưa mật khẩu tài khoản và dọa đánh.",HIGH_RISK,test,synthetic,
VNBL_03668,"bạn Mai nói câu đùa làm em khó chịu, sau đó bạn đã xin lỗi. (lần kể 2)",SAFE,train,synthetic,
VNBL_03669,bé kể rằng bạn Khánh dọa sẽ đánh em nếu em kể với cô.,HIGH_RISK,train,synthetic,
VNBL_03670,Bé kể rằng một số bạn tung tin sai về con trong lớp.,RISK,train,synthetic,
VNBL_03671,Bạn Mai vô tình va vào con trên xe đưa đón rồi xin lỗi.,SAFE,train,synthetic,
VNBL_03672,bé ko dám phát biểu vì các bạn hay cười nhạo.,RISK,validation,synthetic,
VNBL_03673,"theo lời bé, bạn Phúc đấm em vào người.",HIGH_RISK,validation,synthetic,
VNBL_03674,"Theo lời bé, họ nhốt em trong nhà vệ sinh và không cho ra.",HIGH_RISK,train,synthetic,
VNBL_03675,Con nói là các bạn ko cho em chơi cùng lúc tan học.,RISK,validation,synthetic,
VNBL_03676,Bé kể rằng bạn Vy lấy đồ của em rồi không chịu trả....,RISK,validation,synthetic,
VNBL_03677,"Theo lời bé, hôm qua em bị một nhóm bạn đánh lúc tan học.",HIGH_RISK,train,synthetic,
VNBL_03678,Bạn Nam vô tình va vào con trong giờ ra chơi rồi xin lỗi. ạ,SAFE,test,synthetic,
VNBL_03679,em với bạn Nam giành bóng khi chơi rồi tiếp tục chơi bình thường.,SAFE,train,synthetic,
VNBL_03680,"Theo lời bé, gần đây em bị một nhóm bạn đánh trong giờ ra chơi....",HIGH_RISK,test,synthetic,
VNBL_03681,Dạo này em bị đuổi ra khỏi nhóm chat của lớp....,RISK,train,synthetic,
VNBL_03682,bạn Lan mượn bút của em và đã trả lại. (lần kể 2),SAFE,train,synthetic,
VNBL_03683,"Em bị ngã lúc tan học khi đang chạy, không có ai xô em.... (lần kể 2)",SAFE,validation,synthetic,
VNBL_03684,Bé kể rằng có người đăng bài bêu xấu bé trên mạng.,RISK,validation,synthetic,
VNBL_03685,bạn Minh vô tình va vào em trên xe đưa đón rồi xin lỗi.,SAFE,train,synthetic,
VNBL_03686,Con nói là có bạn dọa làm em bị thương nếu em không làm theo.,HIGH_RISK,train,synthetic,
VNBL_03687,con nói là bạn Nam lấy đồ của con rồi không chịu trả.,RISK,validation,synthetic,
VNBL_03688,Dạo này con bị ép làm việc em không muốn và bị đe dọa nếu từ chối. ạ,HIGH_RISK,validation,synthetic,
VNBL_03689,"theo lời bé, bạn Mai dọa sẽ đánh em nếu em kể với cô.",HIGH_RISK,train,synthetic,
VNBL_03690,có bạn dọa làm bé bị thương nếu em không làm theo.,HIGH_RISK,train,synthetic,
VNBL_03691,Bé kể rằng em không muốn đi học vì sợ gặp nhóm bạn trong lớp. ạ,RISK,train,synthetic,
VNBL_03692,bạn Linh vô tình va vào em ở lớp rồi xin lỗi.,SAFE,train,synthetic,
VNBL_03693,bạn An vô tình va vào em ngoài hành lang rồi xin lỗi. (lần kể 2),SAFE,test,synthetic,
VNBL_03694,Con nói là em bị đuổi ra khỏi nhóm chat của lớp. ạ,RISK,test,synthetic,
VNBL_03695,Em muốn chuyển chỗ ngồi vì gần cửa sổ bị nắng.,SAFE,train,synthetic,
VNBL_03696,dạo này bạn Phúc nhắn tin xúc phạm em liên tục. ạ,RISK,train,synthetic,
VNBL_03697,Bạn Phúc vô tình va vào con trong giờ ra chơi rồi xin lỗi. ạ,SAFE,train,synthetic,
VNBL_03698,Con nói là các bạn không cho em chơi cùng ở lớp. ạ,RISK,test,synthetic,
VNBL_03699,Bạn Lan vô tình va vào em lúc tan học rồi xin lỗi. ạ,SAFE,train,synthetic,
VNBL_03700,bạn Lan mượn bút của bé và đã trả lại. (lần kể 2),SAFE,train,synthetic,
VNBL_03701,em và bạn Lan tranh luận một chút rồi đã làm hòa. ạ,SAFE,validation,synthetic,
VNBL_03702,"Theo lời bé, bạn Hà lấy đồ của con rồi không chịu trả.",RISK,train,synthetic,
VNBL_03703,Em nói họ nhốt con trong nhà vệ sinh và không cho ra.,HIGH_RISK,train,synthetic,
VNBL_03704,em với bạn Vy giành bóng khi chơi rồi tiếp tục chơi bình thường. (lần kể 2),SAFE,train,synthetic,
VNBL_03705,em bị đau tay do chơi thể thao trong giờ ra chơi. ạ,SAFE,train,synthetic,
VNBL_03706,dạo này có người đăng bài bêu xấu em trên mạng. ạ,RISK,train,synthetic,
VNBL_03707,hôm nay bé đi học bình thường và chơi với các bạn.,SAFE,test,synthetic,
VNBL_03708,"Bạn Mai nói câu đùa làm em khó chịu, sau đó bạn đã xin lỗi. (lần kể 2)",SAFE,train,synthetic,
VNBL_03709,Em nói có người đăng bài bêu xấu em trên mạng....,RISK,train,synthetic,
VNBL_03710,họ dọa sẽ tiếp tục đánh nếu em báo với người lớn.,HIGH_RISK,test,synthetic,
VNBL_03711,"Em bị ngã trên xe đưa đón khi đang chạy, không có ai xô bé. (lần kể 2)",SAFE,train,synthetic,
VNBL_03712,"Theo lời bé, mỗi giờ ra chơi em bị một nhóm bạn đánh lúc tan học.",HIGH_RISK,train,synthetic,
VNBL_03713,Bạn An mượn bút của con và đã trả lại....,SAFE,train,synthetic,
VNBL_03714,Dạo này mấy bạn ném đồ cứng vào em và cười....,HIGH_RISK,test,synthetic,
VNBL_03715,"theo lời bé, các bạn không cho con chơi cùng ở sân trường.",RISK,train,synthetic,
VNBL_03716,Con nói là bạn Minh ép em phải đưa mật khẩu tài khoản và dọa đánh.,HIGH_RISK,train,synthetic,
VNBL_03717,Bạn Minh vô tình va vào em ngoài hành lang rồi xin lỗi....,SAFE,train,synthetic,
VNBL_03718,Bạn Lan mượn bút của em và đã trả lại. ạ (lần kể 2),SAFE,train,synthetic,
VNBL_03719,Lớp con xem video hướng dẫn cách báo với người lớn khi bị bắt nạt.,SAFE,train,synthetic,
VNBL_03720,Em nói cả nhóm cố tình không cho em ngồi cùng. ạ,RISK,train,synthetic,
VNBL_03721,Em nói bạn An dọa sẽ đánh em nếu em kể với cô.,HIGH_RISK,train,synthetic,
VNBL_03722,"Theo lời bé, bé bị ép làm việc em ko muốn và bị đe dọa nếu từ chối.",HIGH_RISK,train,synthetic,
VNBL_03723,bạn Linh đấm em vào người....,HIGH_RISK,train,synthetic,
VNBL_03724,"bạn Trang nói câu đùa làm em khó chịu, sau đó bạn đã xin lỗi. ạ",SAFE,train,synthetic,
VNBL_03725,Con nói là bạn Khánh nhắn tin xúc phạm em liên tục.,RISK,train,synthetic,
VNBL_03726,con nói là em không dám kể với cô vì sợ bị các bạn ghét hơn.,RISK,test,synthetic,
VNBL_03727,Dạo này có bạn dọa làm em bị thương nếu em ko làm theo.,HIGH_RISK,train,synthetic,
VNBL_03728,Bạn Lan vô tình va vào bé trên xe đưa đón rồi xin lỗi.,SAFE,train,synthetic,
VNBL_03729,"Theo lời bé, có bạn thường xuyên nói xấu bé với các bạn khác.",RISK,train,synthetic,
VNBL_03730,em nói em bị chửi và xúc phạm ở sân trường.,RISK,train,synthetic,
VNBL_03731,Con nói là em thường bị xô vai và chọc ghẹo khi đi qua hành lang.,RISK,validation,synthetic,
VNBL_03732,em nói có bạn bắt em làm bài hộ nếu không sẽ nói xấu em. ạ,RISK,train,synthetic,
VNBL_03733,"Theo lời bé, bạn Minh đấm em vào người.",HIGH_RISK,validation,synthetic,
VNBL_03734,Em với bạn Phúc giành bóng khi chơi rồi tiếp tục chơi bình thường.,SAFE,train,synthetic,
VNBL_03735,các bạn quay video lúc em khóc rồi gửi cho nhau.,RISK,train,synthetic,
VNBL_03736,Em nói con không dám phát biểu vì các bạn hay cười nhạo.,RISK,train,synthetic,
VNBL_03737,em với bạn Phúc giành bóng khi chơi rồi tiếp tục chơi bình thường.,SAFE,train,synthetic,
VNBL_03738,Bạn Hà vô tình va vào em trên xe đưa đón rồi xin lỗi....,SAFE,train,synthetic,
VNBL_03739,Bé kể rằng hôm nay em bị một nhóm bạn đánh trên xe đưa đón.,HIGH_RISK,train,synthetic,
VNBL_03740,Dạo này em bị chửi và xúc phạm lúc tan học....,RISK,validation,synthetic,
VNBL_03741,mấy bạn chặn đường em lúc tan học để đánh. ạ,HIGH_RISK,train,synthetic,
VNBL_03742,Bạn Phúc vô tình va vào con ở lớp rồi xin lỗi.,SAFE,test,synthetic,
VNBL_03743,Con nói là tuần này em bị một nhóm bạn đánh trong giờ ra chơi....,HIGH_RISK,train,synthetic,
VNBL_03744,"Theo lời bé, mấy bạn thường xuyên cười nhạo con trước lớp.",RISK,train,synthetic,
VNBL_03745,bạn Hà vô tình va vào em trên xe đưa đón rồi xin lỗi....,SAFE,train,synthetic,
VNBL_03746,Dạo này các bạn không cho em chơi cùng ở sân trường....,RISK,validation,synthetic,
VNBL_03747,con nói là bạn An đấm em vào người.,HIGH_RISK,train,synthetic,
VNBL_03748,Con nói là gần đây em bị một nhóm bạn đánh ngoài hành lang.,HIGH_RISK,train,synthetic,
VNBL_03749,Bạn Vy vô tình va vào em ở sân trường rồi xin lỗi....,SAFE,train,synthetic,
VNBL_03750,em nói một nhóm bạn thường xuyên đạp vào chân em dưới bàn.,HIGH_RISK,train,synthetic,
VNBL_03751,dạo này mấy bạn thường xuyên cười nhạo bé trước lớp.,RISK,train,synthetic,
VNBL_03752,"Theo lời bé, em không muốn đi học vì sợ gặp nhóm bạn trong lớp....",RISK,validation,synthetic,
VNBL_03753,Dạo này con không dám kể với cô vì sợ bị các bạn ghét hơn.,RISK,validation,synthetic,
VNBL_03754,hôm nay em đi học bình thường và chơi với các bạn. ạ,SAFE,train,synthetic,
VNBL_03755,Em nói em bị ép làm việc em ko muốn và bị đe dọa nếu từ chối.,HIGH_RISK,train,synthetic,
VNBL_03756,Con nói là bạn An dọa sẽ đánh em nếu em kể với cô.,HIGH_RISK,train,synthetic,
VNBL_03757,Em bị đau tay do chơi thể thao trong giờ ra chơi.... (lần kể 2),SAFE,train,synthetic,
VNBL_03758,"Theo lời bé, gần đây các bạn cứ gọi em bằng biệt danh em ko thích.",RISK,validation,synthetic,
VNBL_03759,bé kể rằng em bị đuổi ra khỏi nhóm chat của lớp. ạ,RISK,train,synthetic,
VNBL_03760,Con nói là gần đây em bị một nhóm bạn đánh trong giờ ra chơi.,HIGH_RISK,validation,synthetic,
VNBL_03761,Em nói em bị tát nhiều lần trong giờ ra chơi....,HIGH_RISK,train,synthetic,
VNBL_03762,mỗi giờ ra chơi con đi học bình thường và chơi với các bạn. ạ,SAFE,train,synthetic,
VNBL_03763,em với bạn An giành bóng khi chơi rồi tiếp tục chơi bình thường.,SAFE,train,synthetic,
VNBL_03764,Bé kể rằng con không dám kể với cô vì sợ bị các bạn ghét hơn....,RISK,train,synthetic,
VNBL_03765,Dạo này bạn Huy đấm em vào người....,HIGH_RISK,train,synthetic,
VNBL_03766,Bé kể rằng ngày nào họ cũng trêu em dù em đã bảo dừng....,RISK,train,synthetic,
VNBL_03767,"em và các bạn trêu nhau vui, khi em bảo dừng thì mọi người dừng lại. ạ",SAFE,validation,synthetic,
VNBL_03768,Dạo này mỗi giờ ra chơi các bạn cứ gọi em bằng biệt danh em ko thích.,RISK,train,synthetic,
VNBL_03769,"em và các bạn trêu nhau vui, khi em bảo dừng thì mọi người dừng lại. ạ (lần kể 2)",SAFE,train,synthetic,
VNBL_03770,bạn An đấm em vào người.,HIGH_RISK,validation,synthetic,
VNBL_03771,Bạn Mai vô tình va vào em lúc tan học rồi xin lỗi.... (lần kể 2),SAFE,test,synthetic,
VNBL_03772,hôm qua em đi học bình thường và chơi với các bạn. (lần kể 2),SAFE,train,synthetic,
VNBL_03773,em và bạn Huy tranh luận một chút rồi đã làm hòa....,SAFE,train,synthetic,
VNBL_03774,"theo lời bé, bạn Minh ép em phải đưa mật khẩu tài khoản và dọa đánh.",HIGH_RISK,train,synthetic,
VNBL_03775,bạn Huy vô tình va vào em ngoài hành lang rồi xin lỗi.,SAFE,validation,synthetic,
VNBL_03776,Bạn Lan vô tình va vào em ở sân trường rồi xin lỗi. ạ,SAFE,train,synthetic,
VNBL_03777,gần đây con đi học bình thường và chơi với các bạn.,SAFE,train,synthetic,
VNBL_03778,con nói là các bạn không cho em chơi cùng lúc tan học.,RISK,train,synthetic,
VNBL_03779,dạo này một nhóm bạn thường xuyên đạp vào chân em dưới bàn....,HIGH_RISK,train,synthetic,
VNBL_03780,"Theo lời bé, bạn Nam lấy đồ của em rồi không chịu trả.",RISK,validation,synthetic,
VNBL_03781,Con nói là một nhóm bạn thường xuyên đạp vào chân bé dưới bàn.,HIGH_RISK,train,synthetic,
VNBL_03782,nhóm của con không chọn ý tưởng của em nhưng mọi người vẫn làm việc cùng nhau.,SAFE,train,synthetic,
VNBL_03783,Dạo này bạn Nam dọa sẽ đánh em nếu em kể với cô....,HIGH_RISK,train,synthetic,
VNBL_03784,Dạo này bạn Huy lấy đồ của em rồi ko chịu trả.,RISK,train,synthetic,
VNBL_03785,Dạo này bạn Mai nhắn tin xúc phạm con liên tục.,RISK,train,synthetic,
VNBL_03786,Bạn Khánh mượn bút của bé và đã trả lại.,SAFE,train,synthetic,
VNBL_03787,"Theo lời bé, hôm nay em bị một nhóm bạn đánh ở lớp. ạ",HIGH_RISK,train,synthetic,
VNBL_03788,Con nói là bé thường bị lấy đồ ăn mà không được hỏi.,RISK,train,synthetic,
VNBL_03789,con nói là mỗi giờ ra chơi các bạn cứ gọi em bằng biệt danh em không thích.,RISK,train,synthetic,
VNBL_03790,"Em và các bạn trêu nhau vui, khi em bảo dừng thì mọi người dừng lại.... (lần kể 2)",SAFE,train,synthetic,
VNBL_03791,Dạo này em bị đánh nhiều lần trong tuần này. ạ,HIGH_RISK,train,synthetic,
VNBL_03792,Dạo này bạn Huy nhắn tin xúc phạm em liên tục. ạ,RISK,train,synthetic,
VNBL_03793,Bé kể rằng một nhóm bạn thường xuyên đạp vào chân con dưới bàn.,HIGH_RISK,test,synthetic,
VNBL_03794,Bạn Lan vô tình va vào em trong giờ ra chơi rồi xin lỗi.,SAFE,train,synthetic,
VNBL_03795,bé bị chửi và xúc phạm ngoài hành lang.,RISK,train,synthetic,
VNBL_03796,"Bạn Huy nói câu đùa làm bé khó chịu, sau đó bạn đã xin lỗi....",SAFE,train,synthetic,
VNBL_03797,"Theo lời bé, bạn Hà ép em phải đưa mật khẩu tài khoản và dọa đánh. ạ",HIGH_RISK,train,synthetic,
VNBL_03798,Em nói em cảm thấy bị cô lập vì không ai trong nhóm chịu nói chuyện với em.,RISK,train,synthetic,
VNBL_03799,bạn An vô tình va vào con ở sân trường rồi xin lỗi.,SAFE,validation,synthetic,
VNBL_03800,"theo lời bé, mấy bạn thường xuyên cười nhạo con trước lớp.",RISK,train,synthetic,
VNBL_03801,"Bạn Mai nói câu đùa làm con khó chịu, sau đó bạn đã xin lỗi. (lần kể 2)",SAFE,validation,synthetic,
VNBL_03802,có người đăng bài bêu xấu em trên mạng. ạ,RISK,train,synthetic,
VNBL_03803,Bé kể rằng mấy hôm nay em bị một nhóm bạn đánh trên xe đưa đón.,HIGH_RISK,train,synthetic,
VNBL_03804,Bạn Nam vô tình va vào bé ở sân trường rồi xin lỗi. (lần kể 2),SAFE,train,synthetic,
VNBL_03805,Con nói là một số bạn tung tin sai về bé trong lớp.,RISK,train,synthetic,
VNBL_03806,"bạn Lan nói câu đùa làm con khó chịu, sau đó bạn đã xin lỗi.",SAFE,train,synthetic,
VNBL_03807,Dạo này con bị tát nhiều lần trên xe đưa đón. ạ,HIGH_RISK,validation,synthetic,
VNBL_03808,"Theo lời bé, bạn Phúc lấy đồ của em rồi không chịu trả.",RISK,test,synthetic,
VNBL_03809,"Bạn An nói câu đùa làm con khó chịu, sau đó bạn đã xin lỗi.",SAFE,train,synthetic,
VNBL_03810,"Em bị ngã ngoài hành lang khi đang chạy, không có ai xô em.... (lần kể 2)",SAFE,train,synthetic,
VNBL_03811,Bé kể rằng con cảm thấy bị cô lập vì không ai trong nhóm chịu nói chuyện với em.,RISK,validation,synthetic,
VNBL_03812,"Em bị ngã ngoài hành lang khi đang chạy, ko có ai xô em.... (lần kể 2)",SAFE,validation,synthetic,
VNBL_03813,Con nói là các bạn không cho em chơi cùng ở sân trường.,RISK,train,synthetic,
VNBL_03814,"Theo lời bé, bé bị chửi và xúc phạm trên xe đưa đón.",RISK,train,synthetic,
VNBL_03815,bạn An vô tình va vào em ngoài hành lang rồi xin lỗi.,SAFE,train,synthetic,
VNBL_03816,bé bị chửi và xúc phạm ở lớp.,RISK,train,synthetic,
VNBL_03817,Bé kể rằng hôm nay em bị một nhóm bạn đánh trên xe đưa đón. ạ,HIGH_RISK,validation,synthetic,
VNBL_03818,"Theo lời bé, em bị giấu cặp sách và đồ dùng học tập. ạ",RISK,train,synthetic,
VNBL_03819,con nói là em bị loại khỏi các hoạt động của nhóm nhiều lần.,RISK,train,synthetic,
VNBL_03820,"Theo lời bé, con bị chửi và xúc phạm ngoài hành lang.",RISK,validation,synthetic,
VNBL_03821,Bạn Khánh vô tình va vào em trong giờ ra chơi rồi xin lỗi. (lần kể 2),SAFE,validation,synthetic,
VNBL_03822,Bạn Vy vô tình va vào em trong giờ ra chơi rồi xin lỗi....,SAFE,validation,synthetic,
VNBL_03823,"Bạn Nam nói câu đùa làm con khó chịu, sau đó bạn đã xin lỗi. ạ",SAFE,train,synthetic,
VNBL_03824,"Theo lời bé, em không dám kể với cô vì sợ bị các bạn ghét hơn. ạ",RISK,train,synthetic,
VNBL_03825,Bé kể rằng hôm nay các bạn cứ gọi em bằng biệt danh em không thích....,RISK,train,synthetic,
VNBL_03826,con có vết bầm vì bị bạn đánh trong giờ ra chơi.,HIGH_RISK,test,synthetic,
VNBL_03827,bé kể rằng bạn Linh nhắn tin xúc phạm em liên tục.,RISK,train,synthetic,
VNBL_03828,bạn Huy mượn bút của em và đã trả lại.,SAFE,train,synthetic,
VNBL_03829,Em nói họ nói tan học đợi đấy rồi vây bé ở cổng trường.,HIGH_RISK,validation,synthetic,
VNBL_03830,Con nói là con có vết bầm vì bị bạn đánh ở sân trường.,HIGH_RISK,train,synthetic,
VNBL_03831,"Theo lời bé, bé bị tát nhiều lần lúc tan học.",HIGH_RISK,train,synthetic,
VNBL_03832,các bạn ko cho con chơi cùng ở sân trường.,RISK,train,synthetic,
VNBL_03833,Bạn Nam vô tình va vào con trong giờ ra chơi rồi xin lỗi. (lần kể 2),SAFE,test,synthetic,
VNBL_03834,em bị chửi và xúc phạm lúc tan học.,RISK,train,synthetic,
VNBL_03835,"mẹ hỏi em có bị bạn nào bắt nạt không, em nói là không. (lần kể 2)",SAFE,train,synthetic,
VNBL_03836,bé kể rằng em bị chặn ở cổng trường và cướp tiền....,HIGH_RISK,test,synthetic,
VNBL_03837,họ nhốt con trong nhà vệ sinh và không cho ra.,HIGH_RISK,train,synthetic,
VNBL_03838,dạo này mấy bạn chặn đường em lúc tan học để đánh.,HIGH_RISK,train,synthetic,
VNBL_03839,"Mẹ hỏi em có bị bạn nào bắt nạt ko, em nói là ko.... (lần kể 2)",SAFE,train,synthetic,
VNBL_03840,Bạn Phúc vô tình va vào em trong giờ ra chơi rồi xin lỗi.,SAFE,train,synthetic,
VNBL_03841,Em nói bạn Linh nhắn tin xúc phạm bé liên tục.,RISK,train,synthetic,
VNBL_03842,bé kể rằng bạn An ép em phải đưa mật khẩu tài khoản và dọa đánh....,HIGH_RISK,train,synthetic,
VNBL_03843,Em nói bạn An ép bé phải đưa mật khẩu tài khoản và dọa đánh.,HIGH_RISK,train,synthetic,
VNBL_03844,dạo này bạn Khánh lấy đồ của em rồi không chịu trả.,RISK,train,synthetic,
VNBL_03845,Em nói em bị loại khỏi các hoạt động của nhóm nhiều lần. ạ,RISK,train,synthetic,
VNBL_03846,con nói là mấy bạn ném đồ cứng vào em và cười.,HIGH_RISK,test,synthetic,
VNBL_03847,Bạn An mượn bút của em và đã trả lại. (lần kể 2),SAFE,train,synthetic,
VNBL_03848,"mẹ hỏi bé có bị bạn nào bắt nạt không, em nói là không. ạ",SAFE,validation,synthetic,
VNBL_03849,em nói bé bị chặn ở cổng trường và cướp tiền....,HIGH_RISK,test,synthetic,
VNBL_03850,Dạo này bạn Huy lấy đồ của con rồi không chịu trả.,RISK,train,synthetic,
VNBL_03851,Em nói một số bạn tung tin sai về bé trong lớp.,RISK,train,synthetic,
VNBL_03852,Em sợ bị cô gọi lên bảng vì chưa thuộc bài. ạ,SAFE,train,synthetic,
VNBL_03853,Nhóm của bé không chọn ý tưởng của em nhưng mọi người vẫn làm việc cùng nhau. ạ,SAFE,train,synthetic,
VNBL_03854,Dạo này bé bị đánh nhiều lần trong tuần này.,HIGH_RISK,validation,synthetic,
VNBL_03855,em nói bạn Vy dọa sẽ đánh em nếu em kể với cô.,HIGH_RISK,train,synthetic,
VNBL_03856,Em với bạn Mai giành bóng khi chơi rồi tiếp tục chơi bình thường. ạ (lần kể 2),SAFE,train,synthetic,
VNBL_03857,Em nói bạn Linh ép con phải đưa mật khẩu tài khoản và dọa đánh.,HIGH_RISK,train,synthetic,
VNBL_03858,Bé kể rằng họ dọa sẽ tiếp tục đánh nếu em báo với người lớn.,HIGH_RISK,train,synthetic,
VNBL_03859,Em nói mấy bạn chặn đường bé lúc tan học để đánh.,HIGH_RISK,train,synthetic,
VNBL_03860,Dạo này bạn Trang lấy đồ của bé rồi không chịu trả.,RISK,train,synthetic,
VNBL_03861,bạn An mượn bút của con và đã trả lại.,SAFE,test,synthetic,
VNBL_03862,Dạo này có bạn dọa làm em bị thương nếu em không làm theo.,HIGH_RISK,train,synthetic,
VNBL_03863,Bạn Trang vô tình va vào em lúc tan học rồi xin lỗi.,SAFE,train,synthetic,
VNBL_03864,hôm nay em đi học bình thường và chơi với các bạn.... (lần kể 2),SAFE,train,synthetic,
VNBL_03865,bé kể rằng con bị kéo tóc và xô ngã.,HIGH_RISK,train,synthetic,
VNBL_03866,Bạn Nam vô tình va vào con lúc tan học rồi xin lỗi.,SAFE,train,synthetic,
VNBL_03867,con nói là em bị tát nhiều lần trong giờ ra chơi.,HIGH_RISK,train,synthetic,
VNBL_03868,Em nói mỗi giờ ra chơi em bị một nhóm bạn đánh lúc tan học.,HIGH_RISK,train,synthetic,
VNBL_03869,bé kể rằng bạn Nam nhắn tin xúc phạm bé liên tục.,RISK,validation,synthetic,
VNBL_03870,Bạn Vy vô tình va vào con ngoài hành lang rồi xin lỗi. ạ,SAFE,validation,synthetic,
VNBL_03871,Em nói họ dọa sẽ tiếp tục đánh nếu bé báo với người lớn....,HIGH_RISK,train,synthetic,
VNBL_03872,"Theo lời bé, bé bị ép làm việc em không muốn và bị đe dọa nếu từ chối.",HIGH_RISK,train,synthetic,
VNBL_03873,Con nói là bé bị giấu cặp sách và đồ dùng học tập.,RISK,test,synthetic,
VNBL_03874,gần đây em bị một nhóm bạn đánh ở lớp.,HIGH_RISK,train,synthetic,
VNBL_03875,có bạn thường xuyên nói xấu bé với các bạn khác.,RISK,validation,synthetic,
VNBL_03876,dạo này bạn Lan đấm em vào người.,HIGH_RISK,train,synthetic,
VNBL_03877,Bé kể rằng các bạn không cho bé chơi cùng trên xe đưa đón.,RISK,validation,synthetic,
VNBL_03878,Em nói họ nói tan học đợi đấy rồi vây con ở cổng trường.,HIGH_RISK,train,synthetic,
VNBL_03879,con nói là mấy hôm nay các bạn cứ gọi em bằng biệt danh em không thích.,RISK,train,synthetic,
VNBL_03880,bé kể rằng các bạn không cho em chơi cùng ở lớp.,RISK,train,synthetic,
VNBL_03881,"Theo lời bé, bạn Khánh lấy đồ của em rồi không chịu trả.",RISK,train,synthetic,
VNBL_03882,lớp em xem video hướng dẫn cách báo với người lớn khi bị bắt nạt. ạ,SAFE,train,synthetic,
VNBL_03883,"theo lời bé, em có vết bầm vì bị bạn đánh ở sân trường.",HIGH_RISK,train,synthetic,
VNBL_03884,Bạn Linh mượn bút của em và đã trả lại. (lần kể 2),SAFE,validation,synthetic,
VNBL_03885,mấy bạn thường xuyên cười nhạo bé trước lớp....,RISK,train,synthetic,
VNBL_03886,Bạn Linh vô tình va vào em lúc tan học rồi xin lỗi. ạ,SAFE,train,synthetic,
VNBL_03887,lớp em xem video hướng dẫn cách báo với người lớn khi bị bắt nạt. (lần kể 2),SAFE,train,synthetic,
VNBL_03888,Dạo này có bạn thường xuyên nói xấu em với các bạn khác.,RISK,validation,synthetic,
VNBL_03889,dạo này các bạn quay video lúc đánh em rồi gửi vào nhóm....,HIGH_RISK,train,synthetic,
VNBL_03890,Bé kể rằng em bị kéo tóc và xô ngã. ạ,HIGH_RISK,train,synthetic,
VNBL_03891,"Theo lời bé, bạn Khánh nhắn tin xúc phạm con liên tục.",RISK,validation,synthetic,
VNBL_03892,Bạn Khánh vô tình va vào con ở sân trường rồi xin lỗi. (lần kể 2),SAFE,train,synthetic,
VNBL_03893,Bé kể rằng các bạn không cho em chơi cùng ở sân trường.,RISK,train,synthetic,
VNBL_03894,bạn Minh lấy đồ của bé rồi không chịu trả.,RISK,train,synthetic,
VNBL_03895,bạn Lan mượn bút của em và đã trả lại....,SAFE,train,synthetic,
VNBL_03896,bé kể rằng con sợ giờ ra chơi vì các bạn hay vây quanh trêu chọc.,RISK,test,synthetic,
VNBL_03897,"Bạn Mai nói câu đùa làm con khó chịu, sau đó bạn đã xin lỗi....",SAFE,train,synthetic,
VNBL_03898,em bị đau tay do chơi thể thao trong giờ ra chơi. (lần kể 2),SAFE,train,synthetic,
VNBL_03899,Em đọc một bài báo nói về bạo lực học đường. (lần kể 2),SAFE,test,synthetic,
VNBL_03900,Em bị đau tay do chơi thể thao ở sân trường.,SAFE,train,synthetic,
VNBL_03901,gần đây bé bị một nhóm bạn đánh trên xe đưa đón.,HIGH_RISK,train,synthetic,
VNBL_03902,"em bị ngã ngoài hành lang khi đang chạy, không có ai xô con. (lần kể 2)",SAFE,train,synthetic,
VNBL_03903,Con nói là hôm qua em bị một nhóm bạn đánh ở sân trường.,HIGH_RISK,train,synthetic,
VNBL_03904,Bé kể rằng bạn Vy dọa sẽ đánh em nếu em kể với cô. ạ,HIGH_RISK,test,synthetic,
VNBL_03905,Con nói là hôm qua con bị một nhóm bạn đánh ngoài hành lang.,HIGH_RISK,validation,synthetic,
VNBL_03906,"Em bị ngã trên xe đưa đón khi đang chạy, ko có ai xô em....",SAFE,train,synthetic,
VNBL_03907,"Theo lời bé, mấy bạn ném đồ cứng vào em và cười....",HIGH_RISK,train,synthetic,
VNBL_03908,"theo lời bé, các bạn không cho em chơi cùng ở sân trường.",RISK,test,synthetic,
VNBL_03909,"Em bị ngã lúc tan học khi đang chạy, không có ai xô em.",SAFE,test,synthetic,
VNBL_03910,bé kể rằng họ nói tan học đợi đấy rồi vây em ở cổng trường. ạ,HIGH_RISK,train,synthetic,
VNBL_03911,Con nói là bạn Khánh ép em phải đưa mật khẩu tài khoản và dọa đánh.,HIGH_RISK,validation,synthetic,
VNBL_03912,"em bị ngã ở sân trường khi đang chạy, không có ai xô bé.",SAFE,validation,synthetic,
VNBL_03913,Dạo này bạn Huy ép em phải đưa mật khẩu tài khoản và dọa đánh.,HIGH_RISK,validation,synthetic,
VNBL_03914,bé kể rằng tuần này các bạn cứ gọi em bằng biệt danh em không thích.,RISK,test,synthetic,
VNBL_03915,Bạn Phúc mượn bút của em và đã trả lại.,SAFE,train,synthetic,
VNBL_03916,bạn Minh vô tình va vào bé trong giờ ra chơi rồi xin lỗi.,SAFE,train,synthetic,
VNBL_03917,"theo lời bé, con bị chửi và xúc phạm trên xe đưa đón.",RISK,train,synthetic,
VNBL_03918,Em nói con không muốn đi học vì sợ gặp nhóm bạn trong lớp.,RISK,train,synthetic,
VNBL_03919,Con nói là gần đây các bạn cứ gọi em bằng biệt danh em không thích.,RISK,train,synthetic,
VNBL_03920,Con nói là có bạn thường xuyên nói xấu bé với các bạn khác.,RISK,test,synthetic,
VNBL_03921,Bé kể rằng bạn Trang nhắn tin xúc phạm em liên tục....,RISK,train,synthetic,
VNBL_03922,Dạo này mấy bạn thường xuyên cười nhạo con trước lớp.,RISK,train,synthetic,
VNBL_03923,Em nói bé có vết bầm vì bị bạn đánh ở lớp.,HIGH_RISK,train,synthetic,
VNBL_03924,Bé kể rằng hôm qua em bị một nhóm bạn đánh lúc tan học.,HIGH_RISK,train,synthetic,
VNBL_03925,Em nói gần đây em bị một nhóm bạn đánh lúc tan học.,HIGH_RISK,test,synthetic,
VNBL_03926,con nói là họ nhốt em trong nhà vệ sinh và không cho ra.,HIGH_RISK,train,synthetic,
VNBL_03927,Con nói là ngày nào họ cũng trêu em dù em đã bảo dừng. ạ,RISK,train,synthetic,
VNBL_03928,Con nói là con bị tát nhiều lần trên xe đưa đón.,HIGH_RISK,train,synthetic,
VNBL_03929,Dạo này con bị chửi và xúc phạm ở lớp.,RISK,train,synthetic,
VNBL_03930,dạo này bạn Trang ép em phải đưa mật khẩu tài khoản và dọa đánh.,HIGH_RISK,train,synthetic,
VNBL_03931,Dạo này em ko muốn đi học vì sợ gặp nhóm bạn trong lớp....,RISK,train,synthetic,
VNBL_03932,"Theo lời bé, em sợ giờ ra chơi vì các bạn hay vây quanh trêu chọc.",RISK,validation,synthetic,
VNBL_03933,Bé kể rằng bạn Nam ép bé phải đưa mật khẩu tài khoản và dọa đánh.,HIGH_RISK,train,synthetic,
VNBL_03934,bạn Vy vô tình va vào em ở lớp rồi xin lỗi....,SAFE,train,synthetic,
VNBL_03935,bé kể rằng mấy hôm nay em bị một nhóm bạn đánh lúc tan học.,HIGH_RISK,validation,synthetic,
VNBL_03936,con nói là các bạn chế ảnh của con rồi gửi vào nhóm lớp.,RISK,train,synthetic,
VNBL_03937,bạn Hà ép em phải đưa mật khẩu tài khoản và dọa đánh....,HIGH_RISK,test,synthetic,
VNBL_03938,em bị đánh nhiều lần trong tuần này....,HIGH_RISK,train,synthetic,
VNBL_03939,Dạo này hôm qua các bạn cứ gọi em bằng biệt danh em ko thích.,RISK,train,synthetic,
VNBL_03940,Con nói là bạn Huy ép em phải đưa mật khẩu tài khoản và dọa đánh.,HIGH_RISK,validation,synthetic,
VNBL_03941,"Theo lời bé, em bị chửi và xúc phạm lúc tan học.",RISK,train,synthetic,
VNBL_03942,Con nói là em cảm thấy bị cô lập vì không ai trong nhóm chịu nói chuyện với em.,RISK,validation,synthetic,
VNBL_03943,Con nói là các bạn đá bé khi em ngã xuống.,HIGH_RISK,train,synthetic,
VNBL_03944,Em nói bạn Trang lấy đồ của con rồi không chịu trả.,RISK,test,synthetic,
VNBL_03945,Dạo này bạn Khánh lấy đồ của em rồi không chịu trả.,RISK,train,synthetic,
VNBL_03946,Em với bạn Nam giành bóng khi chơi rồi tiếp tục chơi bình thường....,SAFE,train,synthetic,
VNBL_03947,Con nói là bạn An đấm em vào người.,HIGH_RISK,train,synthetic,
VNBL_03948,Bé kể rằng con có vết bầm vì bị bạn đánh trên xe đưa đón.,HIGH_RISK,train,synthetic,
VNBL_03949,bé kể rằng có người đăng bài bêu xấu con trên mạng.,RISK,train,synthetic,
VNBL_03950,em nói các bạn cố tình làm hỏng đồ dùng của em.,RISK,validation,synthetic,
VNBL_03951,"theo lời bé, con bị giấu cặp sách và đồ dùng học tập.",RISK,train,synthetic,
VNBL_03952,"Em bị ngã ở lớp khi đang chạy, không có ai xô con.",SAFE,train,synthetic,
VNBL_03953,bạn Lan vô tình va vào em ngoài hành lang rồi xin lỗi.,SAFE,train,synthetic,
VNBL_03954,Dạo này mỗi giờ ra chơi bé bị một nhóm bạn đánh ở sân trường.,HIGH_RISK,train,synthetic,
VNBL_03955,mỗi giờ ra chơi các bạn cứ gọi em bằng biệt danh em không thích. ạ,RISK,train,synthetic,
VNBL_03956,"Em và các bạn trêu nhau vui, khi con bảo dừng thì mọi người dừng lại. ạ (lần kể 2)",SAFE,train,synthetic,
VNBL_03957,"theo lời bé, em có vết bầm vì bị bạn đánh trên xe đưa đón. ạ",HIGH_RISK,train,synthetic,
VNBL_03958,"Theo lời bé, bạn An lấy đồ của em rồi không chịu trả.",RISK,train,synthetic,
VNBL_03959,Con nói là mấy hôm nay em bị một nhóm bạn đánh trên xe đưa đón.,HIGH_RISK,train,synthetic,
VNBL_03960,"theo lời bé, em có vết bầm vì bị bạn đánh ngoài hành lang.",HIGH_RISK,validation,synthetic,
VNBL_03961,em thấy hai bạn khác cãi nhau nhưng em ko liên quan. (lần kể 2),SAFE,validation,synthetic,
VNBL_03962,Dạo này bạn Khánh đấm em vào người....,HIGH_RISK,train,synthetic,
VNBL_03963,"bạn Phúc nói câu đùa làm bé khó chịu, sau đó bạn đã xin lỗi.",SAFE,train,synthetic,
VNBL_03964,Em với bạn Phúc giành bóng khi chơi rồi tiếp tục chơi bình thường.... (lần kể 2),SAFE,train,synthetic,
VNBL_03965,"theo lời bé, em bị loại khỏi các hoạt động của nhóm nhiều lần. ạ",RISK,train,synthetic,
VNBL_03966,Dạo này bé bị ép đưa đồ ăn và tiền cho các bạn.,HIGH_RISK,validation,synthetic,
VNBL_03967,"Em bị ngã trong giờ ra chơi khi đang chạy, ko có ai xô con.",SAFE,train,synthetic,
VNBL_03968,dạo này các bạn đá em khi em ngã xuống.,HIGH_RISK,test,synthetic,
VNBL_03969,Dạo này em có vết bầm vì bị bạn đánh lúc tan học.,HIGH_RISK,validation,synthetic,
VNBL_03970,Dạo này hôm qua em bị một nhóm bạn đánh trên xe đưa đón.,HIGH_RISK,validation,synthetic,
VNBL_03971,Bạn Vy vô tình va vào bé ở lớp rồi xin lỗi. (lần kể 2),SAFE,train,synthetic,
VNBL_03972,"Bạn Khánh nói câu đùa làm con khó chịu, sau đó bạn đã xin lỗi. (lần kể 2)",SAFE,train,synthetic,
VNBL_03973,"Theo lời bé, em bị loại khỏi các hoạt động của nhóm nhiều lần.",RISK,train,synthetic,
VNBL_03974,Bé kể rằng em bị đuổi ra khỏi nhóm chat của lớp. ạ,RISK,validation,synthetic,
VNBL_03975,Em thấy hai bạn khác cãi nhau nhưng con không liên quan. ạ (lần kể 2),SAFE,train,synthetic,
VNBL_03976,Bạn Linh vô tình va vào em lúc tan học rồi xin lỗi. (lần kể 2),SAFE,validation,synthetic,
VNBL_03977,Dạo này em có vết bầm vì bị bạn đánh trong giờ ra chơi....,HIGH_RISK,test,synthetic,
VNBL_03978,Bạn An vô tình va vào em ở lớp rồi xin lỗi.... (lần kể 2),SAFE,train,synthetic,
VNBL_03979,dạo này bạn Minh đấm em vào người.,HIGH_RISK,train,synthetic,
VNBL_03980,con nói là có bạn thường xuyên nói xấu em với các bạn khác....,RISK,train,synthetic,
VNBL_03981,"Theo lời bé, bạn Mai nhắn tin xúc phạm em liên tục.",RISK,train,synthetic,
VNBL_03982,Hôm nay con làm rơi hộp bút và bạn đã nhặt giúp. ạ (lần kể 2),SAFE,train,synthetic,
VNBL_03983,Em ko thích tiết thể dục nhưng vẫn đi học bình thường. ạ (lần kể 2),SAFE,train,synthetic,
VNBL_03984,Dạo này bạn Nam nhắn tin xúc phạm em liên tục.,RISK,test,synthetic,
VNBL_03985,bạn Linh vô tình va vào em ngoài hành lang rồi xin lỗi. ạ (lần kể 2),SAFE,train,synthetic,
VNBL_03986,Bé kể rằng một nhóm bạn lấy tiền của em và dọa ko được nói với bố mẹ....,HIGH_RISK,train,synthetic,
VNBL_03987,"Em bị ngã trong giờ ra chơi khi đang chạy, không có ai xô bé. (lần kể 2)",SAFE,train,synthetic,
VNBL_03988,Bé kể rằng bạn Linh đấm con vào người. ạ,HIGH_RISK,train,synthetic,
VNBL_03989,Em và bạn Lan tranh luận một chút rồi đã làm hòa. ạ,SAFE,train,synthetic,
VNBL_03990,Con nói là bạn Phúc ép con phải đưa mật khẩu tài khoản và dọa đánh.,HIGH_RISK,train,synthetic,
VNBL_03991,"Theo lời bé, em có vết bầm vì bị bạn đánh trong giờ ra chơi.",HIGH_RISK,validation,synthetic,
VNBL_03992,con nói là các bạn không cho em chơi cùng ở sân trường.,RISK,train,synthetic,
VNBL_03993,họ dọa sẽ tiếp tục đánh nếu bé báo với người lớn.,HIGH_RISK,train,synthetic,
VNBL_03994,Bé kể rằng cả nhóm cố tình ko cho em ngồi cùng.,RISK,train,synthetic,
VNBL_03995,Bạn Nam mượn bút của em và đã trả lại.,SAFE,train,synthetic,
VNBL_03996,Bạn Mai vô tình va vào em trên xe đưa đón rồi xin lỗi. (lần kể 2),SAFE,train,synthetic,
VNBL_03997,"Theo lời bé, hôm qua bé bị một nhóm bạn đánh lúc tan học.",HIGH_RISK,train,synthetic,
VNBL_03998,cô giáo nhắc cả lớp ko được đánh nhau và phải tôn trọng nhau. ạ,SAFE,validation,synthetic,
VNBL_03999,Con nói là con bị tát nhiều lần ngoài hành lang.,HIGH_RISK,train,synthetic,
VNBL_04000,Bạn Hà vô tình va vào con ở sân trường rồi xin lỗi. (lần kể 2),SAFE,test,synthetic,
VNBL_04001,Bạn Huy vô tình va vào con ở sân trường rồi xin lỗi.,SAFE,train,synthetic,
VNBL_04002,"Theo lời bé, em không muốn đi học vì sợ gặp nhóm bạn trong lớp. ạ",RISK,train,synthetic,
VNBL_04003,"Bạn Huy nói câu đùa làm con khó chịu, sau đó bạn đã xin lỗi. (lần kể 2)",SAFE,train,synthetic,
VNBL_04004,Bé kể rằng mấy bạn thường xuyên cười nhạo em trước lớp.,RISK,train,synthetic,
VNBL_04005,"Theo lời bé, em cảm thấy bị cô lập vì ko ai trong nhóm chịu nói chuyện với em. ạ",RISK,train,synthetic,
VNBL_04006,Bạn Phúc vô tình va vào em ở lớp rồi xin lỗi.... (lần kể 2),SAFE,train,synthetic,
VNBL_04007,Em nói các bạn quay video lúc em khóc rồi gửi cho nhau. ạ,RISK,train,synthetic,
VNBL_04008,em với bạn Mai giành bóng khi chơi rồi tiếp tục chơi bình thường....,SAFE,train,synthetic,
VNBL_04009,bạn Huy dọa sẽ đánh em nếu em kể với cô. ạ,HIGH_RISK,test,synthetic,
VNBL_04010,Con nói là con bị đánh nhiều lần trong tuần này.,HIGH_RISK,train,synthetic,
VNBL_04011,bạn Khánh vô tình va vào em ở sân trường rồi xin lỗi.,SAFE,test,synthetic,
VNBL_04012,em và bạn Nam tranh luận một chút rồi đã làm hòa....,SAFE,train,synthetic,
VNBL_04013,Con nói là em bị ép đưa đồ ăn và tiền cho các bạn.,HIGH_RISK,test,synthetic,
VNBL_04014,Hôm nay em làm rơi hộp bút và bạn đã nhặt giúp....,SAFE,train,synthetic,
VNBL_04015,Bé kể rằng các bạn quay video lúc em khóc rồi gửi cho nhau....,RISK,train,synthetic,
VNBL_04016,con nói là gần đây các bạn cứ gọi em bằng biệt danh em không thích.,RISK,train,synthetic,
VNBL_04017,Bé kể rằng em ko muốn đi học vì sợ gặp nhóm bạn trong lớp.,RISK,train,synthetic,
VNBL_04018,Em bị đau tay do chơi thể thao lúc tan học.,SAFE,validation,synthetic,
VNBL_04019,Bạn Trang mượn bút của em và đã trả lại. ạ,SAFE,train,synthetic,
VNBL_04020,"Theo lời bé, hôm qua các bạn cứ gọi em bằng biệt danh em không thích.",RISK,train,synthetic,
VNBL_04021,Em thấy hai bạn khác cãi nhau nhưng bé không liên quan. (lần kể 2),SAFE,test,synthetic,
VNBL_04022,Em không thích tiết thể dục nhưng vẫn đi học bình thường. ạ,SAFE,train,synthetic,
VNBL_04023,Con nói là em bị loại khỏi các hoạt động của nhóm nhiều lần.,RISK,validation,synthetic,
VNBL_04024,mấy hôm nay em đi học bình thường và chơi với các bạn. ạ (lần kể 2),SAFE,train,synthetic,
VNBL_04025,Dạo này bạn Vy dọa sẽ đánh con nếu em kể với cô.,HIGH_RISK,validation,synthetic,
VNBL_04026,em và bạn Mai tranh luận một chút rồi đã làm hòa. ạ,SAFE,train,synthetic,
VNBL_04027,"theo lời bé, em thường bị lấy đồ ăn mà không được hỏi.",RISK,train,synthetic,
VNBL_04028,Em nói bạn Lan đấm bé vào người.,HIGH_RISK,train,synthetic,
VNBL_04029,"Bạn Linh nói câu đùa làm em khó chịu, sau đó bạn đã xin lỗi....",SAFE,validation,synthetic,
VNBL_04030,"Theo lời bé, các bạn quay video lúc đánh bé rồi gửi vào nhóm.",HIGH_RISK,train,synthetic,
VNBL_04031,"em bị ngã ở sân trường khi đang chạy, không có ai xô em. (lần kể 2)",SAFE,train,synthetic,
VNBL_04032,Em nói con thường bị xô vai và chọc ghẹo khi đi qua hành lang.,RISK,test,synthetic,
VNBL_04033,họ nhốt em trong nhà vệ sinh và không cho ra.,HIGH_RISK,train,synthetic,
VNBL_04034,Em thấy hai bạn khác cãi nhau nhưng bé không liên quan.... (lần kể 2),SAFE,train,synthetic,
VNBL_04035,Bé kể rằng em bị giấu cặp sách và đồ dùng học tập. ạ,RISK,train,synthetic,
VNBL_04036,"Em bị ngã ngoài hành lang khi đang chạy, ko có ai xô bé.",SAFE,validation,synthetic,
VNBL_04037,Bạn Trang vô tình va vào bé lúc tan học rồi xin lỗi.,SAFE,train,synthetic,
VNBL_04038,Hôm nay lớp em học về chủ đề phòng chống bắt nạt học đường. (lần kể 2),SAFE,train,synthetic,
VNBL_04039,Em nói bạn Hà đấm em vào người. ạ,HIGH_RISK,test,synthetic,
VNBL_04040,"Em bị ngã ở sân trường khi đang chạy, không có ai xô con.",SAFE,train,synthetic,
VNBL_04041,mấy bạn thường xuyên cười nhạo em trước lớp.,RISK,train,synthetic,
VNBL_04042,Con nói là có người đăng bài bêu xấu bé trên mạng. ạ,RISK,train,synthetic,
VNBL_04043,"Bạn Khánh nói câu đùa làm con khó chịu, sau đó bạn đã xin lỗi. ạ",SAFE,train,synthetic,
VNBL_04044,em sợ giờ ra chơi vì các bạn hay vây quanh trêu chọc. ạ,RISK,train,synthetic,
VNBL_04045,"bạn Minh nói câu đùa làm em khó chịu, sau đó bạn đã xin lỗi.",SAFE,train,synthetic,
VNBL_04046,Em nói bạn Linh nhắn tin xúc phạm em liên tục.,RISK,train,synthetic,
VNBL_04047,"Theo lời bé, các bạn quay video lúc đánh em rồi gửi vào nhóm.",HIGH_RISK,train,synthetic,
VNBL_04048,Bé kể rằng bé có vết bầm vì bị bạn đánh ở sân trường.,HIGH_RISK,validation,synthetic,
VNBL_04049,"Theo lời bé, bé bị giữ tay để một bạn khác đánh. ạ",HIGH_RISK,train,synthetic,
VNBL_04050,Em và bạn Huy tranh luận một chút rồi đã làm hòa.,SAFE,train,synthetic,
VNBL_04051,Bạn Lan vô tình va vào em ở lớp rồi xin lỗi.,SAFE,train,synthetic,
VNBL_04052,Bé kể rằng bạn Hà lấy đồ của em rồi không chịu trả....,RISK,train,synthetic,
VNBL_04053,Bé kể rằng bạn An nhắn tin xúc phạm em liên tục.,RISK,train,synthetic,
VNBL_04054,Bạn Minh vô tình va vào em trên xe đưa đón rồi xin lỗi. (lần kể 2),SAFE,test,synthetic,
VNBL_04055,Nhóm của bé không chọn ý tưởng của em nhưng mọi người vẫn làm việc cùng nhau. (lần kể 2),SAFE,train,synthetic,
VNBL_04056,Em ko thích tiết thể dục nhưng vẫn đi học bình thường.,SAFE,train,synthetic,
VNBL_04057,em bị đau tay do chơi thể thao ở lớp. ạ,SAFE,train,synthetic,
VNBL_04058,Dạo này bạn Vy nhắn tin xúc phạm em liên tục.,RISK,train,synthetic,
VNBL_04059,"Theo lời bé, bạn Khánh ép em phải đưa mật khẩu tài khoản và dọa đánh.",HIGH_RISK,train,synthetic,
VNBL_04060,"em và các bạn trêu nhau vui, khi em bảo dừng thì mọi người dừng lại.",SAFE,train,synthetic,
VNBL_04061,Em nói tuần này em bị một nhóm bạn đánh ở lớp.,HIGH_RISK,train,synthetic,
VNBL_04062,Em nói mấy hôm nay các bạn cứ gọi em bằng biệt danh em ko thích.,RISK,train,synthetic,
VNBL_04063,Dạo này bạn Linh dọa sẽ đánh em nếu em kể với cô.,HIGH_RISK,train,synthetic,
VNBL_04064,Bé kể rằng họ dọa sẽ tiếp tục đánh nếu con báo với người lớn.,HIGH_RISK,train,synthetic,
VNBL_04065,bạn Khánh mượn bút của em và đã trả lại. ạ,SAFE,train,synthetic,
VNBL_04066,bé kể rằng một nhóm bạn lấy tiền của bé và dọa không được nói với bố mẹ.,HIGH_RISK,train,synthetic,
VNBL_04067,"theo lời bé, em bị loại khỏi các hoạt động của nhóm nhiều lần.",RISK,validation,synthetic,
VNBL_04068,Con nói là em không muốn đi học vì sợ gặp nhóm bạn trong lớp.,RISK,train,synthetic,
VNBL_04069,Bạn Huy vô tình va vào em ngoài hành lang rồi xin lỗi....,SAFE,validation,synthetic,
VNBL_04070,Em nói họ nhốt em trong nhà vệ sinh và không cho ra....,HIGH_RISK,train,synthetic,
VNBL_04071,"Theo lời bé, có bạn bắt con làm bài hộ nếu không sẽ nói xấu em.",RISK,test,synthetic,
VNBL_04072,Em với bạn Phúc giành bóng khi chơi rồi tiếp tục chơi bình thường. (lần kể 2),SAFE,validation,synthetic,
VNBL_04073,em nói một nhóm bạn lấy tiền của em và dọa không được nói với bố mẹ.,HIGH_RISK,train,synthetic,
VNBL_04074,bé kể rằng em có vết bầm vì bị bạn đánh ở sân trường.,HIGH_RISK,train,synthetic,
VNBL_04075,Con nói là con bị kéo tóc và xô ngã.,HIGH_RISK,test,synthetic,
VNBL_04076,tuần này em bị một nhóm bạn đánh trên xe đưa đón.,HIGH_RISK,test,synthetic,
VNBL_04077,con nói là có bạn bắt em làm bài hộ nếu không sẽ nói xấu em....,RISK,train,synthetic,
VNBL_04078,em hơi buồn vì điểm kiểm tra thấp. ạ (lần kể 2),SAFE,train,synthetic,
VNBL_04079,Bạn An vô tình va vào con ở sân trường rồi xin lỗi....,SAFE,train,synthetic,
VNBL_04080,Bé kể rằng con bị đuổi ra khỏi nhóm chat của lớp.,RISK,validation,synthetic,
VNBL_04081,Em sợ bị cô gọi lên bảng vì chưa thuộc bài.,SAFE,train,synthetic,
VNBL_04082,Bé kể rằng bạn Minh nhắn tin xúc phạm em liên tục.,RISK,train,synthetic,
VNBL_04083,Bạn Khánh mượn bút của con và đã trả lại. ạ,SAFE,train,synthetic,
VNBL_04084,Bạn Huy mượn bút của bé và đã trả lại.,SAFE,train,synthetic,
VNBL_04085,Em nói các bạn đá bé khi em ngã xuống.,HIGH_RISK,test,synthetic,
VNBL_04086,Em nói họ nhốt em trong nhà vệ sinh và không cho ra.,HIGH_RISK,train,synthetic,
VNBL_04087,Con nói là em bị ép làm việc em không muốn và bị đe dọa nếu từ chối. ạ,HIGH_RISK,validation,synthetic,
VNBL_04088,"Theo lời bé, ngày nào họ cũng trêu em dù em đã bảo dừng. ạ",RISK,train,synthetic,
VNBL_04089,"Theo lời bé, một số bạn tung tin sai về em trong lớp....",RISK,train,synthetic,
VNBL_04090,con nói là bạn Lan ép em phải đưa mật khẩu tài khoản và dọa đánh.,HIGH_RISK,train,synthetic,
VNBL_04091,Bạn Huy vô tình va vào bé ở lớp rồi xin lỗi.,SAFE,validation,synthetic,
VNBL_04092,Dạo này các bạn ko cho em chơi cùng lúc tan học.,RISK,train,synthetic,
VNBL_04093,"Theo lời bé, bạn Trang lấy đồ của em rồi không chịu trả.",RISK,train,synthetic,
VNBL_04094,Bạn Mai vô tình va vào con ngoài hành lang rồi xin lỗi. (lần kể 2),SAFE,test,synthetic,
VNBL_04095,Bạn Huy vô tình va vào con lúc tan học rồi xin lỗi. (lần kể 2),SAFE,train,synthetic,
VNBL_04096,Bạn Vy mượn bút của em và đã trả lại. (lần kể 2),SAFE,train,synthetic,
VNBL_04097,Em nói mấy bạn ném đồ cứng vào em và cười.,HIGH_RISK,train,synthetic,
VNBL_04098,Lớp bé xem video hướng dẫn cách báo với người lớn khi bị bắt nạt....,SAFE,train,synthetic,
VNBL_04099,Em nói họ dọa sẽ tiếp tục đánh nếu bé báo với người lớn.,HIGH_RISK,train,synthetic,
VNBL_04100,bạn Huy đấm em vào người.,HIGH_RISK,train,synthetic,
VNBL_04101,có bạn bóp cổ con trong giờ ra chơi.,HIGH_RISK,train,synthetic,
VNBL_04102,Em nói bạn Khánh đấm em vào người.,HIGH_RISK,validation,synthetic,
VNBL_04103,Bạn Trang vô tình va vào em lúc tan học rồi xin lỗi. ạ,SAFE,train,synthetic,
VNBL_04104,bạn Lan vô tình va vào em lúc tan học rồi xin lỗi.,SAFE,train,synthetic,
VNBL_04105,Dạo này bạn Khánh dọa sẽ đánh em nếu em kể với cô.,HIGH_RISK,train,synthetic,
VNBL_04106,"Theo lời bé, cả nhóm cố tình ko cho em ngồi cùng.",RISK,train,synthetic,
VNBL_04107,Em nói con bị kéo tóc và xô ngã.,HIGH_RISK,validation,synthetic,
VNBL_04108,"mẹ hỏi em có bị bạn nào bắt nạt không, em nói là không.... (lần kể 2)",SAFE,validation,synthetic,
VNBL_04109,em bị đau tay do chơi thể thao trên xe đưa đón. (lần kể 2),SAFE,validation,synthetic,
VNBL_04110,Em nói bạn Huy dọa sẽ đánh con nếu em kể với cô.,HIGH_RISK,train,synthetic,
VNBL_04111,Bạn Vy vô tình va vào bé ở sân trường rồi xin lỗi.,SAFE,validation,synthetic,
VNBL_04112,Bạn Khánh vô tình va vào em ở lớp rồi xin lỗi. (lần kể 2),SAFE,validation,synthetic,
VNBL_04113,"Theo lời bé, bạn Vy lấy đồ của em rồi không chịu trả.",RISK,train,synthetic,
VNBL_04114,"Em bị ngã ở sân trường khi đang chạy, không có ai xô con. (lần kể 2)",SAFE,test,synthetic,
VNBL_04115,bạn Phúc vô tình va vào con ngoài hành lang rồi xin lỗi. (lần kể 2),SAFE,train,synthetic,
VNBL_04116,Em nói bạn Huy lấy đồ của em rồi ko chịu trả.,RISK,test,synthetic,
VNBL_04117,Con nói là họ dọa sẽ tiếp tục đánh nếu con báo với người lớn.,HIGH_RISK,train,synthetic,
VNBL_04118,Em thấy hai bạn khác cãi nhau nhưng con không liên quan. ạ,SAFE,train,synthetic,
VNBL_04119,Em và bạn Huy tranh luận một chút rồi đã làm hòa. (lần kể 2),SAFE,test,synthetic,
VNBL_04120,"theo lời bé, em bị kéo tóc và xô ngã.",HIGH_RISK,train,synthetic,
VNBL_04121,dạo này tuần này em bị một nhóm bạn đánh trong giờ ra chơi.,HIGH_RISK,train,synthetic,
VNBL_04122,bạn Khánh mượn bút của em và đã trả lại. (lần kể 2),SAFE,train,synthetic,
VNBL_04123,Em nói bạn Lan lấy đồ của em rồi ko chịu trả.,RISK,test,synthetic,
VNBL_04124,hôm nay các bạn cứ gọi em bằng biệt danh em không thích. ạ,RISK,train,synthetic,
VNBL_04125,con nói là em sợ giờ ra chơi vì các bạn hay vây quanh trêu chọc.,RISK,train,synthetic,
VNBL_04126,Em nói con thường bị lấy đồ ăn mà không được hỏi.,RISK,train,synthetic,
VNBL_04127,"bạn Nam nói câu đùa làm em khó chịu, sau đó bạn đã xin lỗi. ạ",SAFE,train,synthetic,
VNBL_04128,dạo này bạn Hà nhắn tin xúc phạm em liên tục.,RISK,train,synthetic,
VNBL_04129,"Bạn Minh nói câu đùa làm em khó chịu, sau đó bạn đã xin lỗi.",SAFE,validation,synthetic,
VNBL_04130,Bạn Vy vô tình va vào em ngoài hành lang rồi xin lỗi....,SAFE,test,synthetic,
VNBL_04131,Em thấy lo vì ngày mai có bài kiểm tra.... (lần kể 2),SAFE,train,synthetic,
VNBL_04132,bạn Linh vô tình va vào em ở lớp rồi xin lỗi. ạ,SAFE,train,synthetic,
VNBL_04133,Dạo này em không dám phát biểu vì các bạn hay cười nhạo. ạ,RISK,test,synthetic,
VNBL_04134,Bé kể rằng có bạn dọa làm bé bị thương nếu em không làm theo.,HIGH_RISK,train,synthetic,
VNBL_04135,Dạo này bạn An nhắn tin xúc phạm em liên tục.,RISK,validation,synthetic,
VNBL_04136,dạo này một nhóm bạn thường xuyên đạp vào chân em dưới bàn.,HIGH_RISK,train,synthetic,
VNBL_04137,em bị ép đưa đồ ăn và tiền cho các bạn.,HIGH_RISK,train,synthetic,
VNBL_04138,Bạn Linh mượn bút của bé và đã trả lại. (lần kể 2),SAFE,train,synthetic,
VNBL_04139,Bé kể rằng gần đây em bị một nhóm bạn đánh trong giờ ra chơi.,HIGH_RISK,train,synthetic,
VNBL_04140,"Em và các bạn trêu nhau vui, khi bé bảo dừng thì mọi người dừng lại.",SAFE,train,synthetic,
VNBL_04141,Em với bạn Huy giành bóng khi chơi rồi tiếp tục chơi bình thường. ạ (lần kể 2),SAFE,validation,synthetic,
VNBL_04142,bé kể rằng có bạn bắt em làm bài hộ nếu không sẽ nói xấu em....,RISK,validation,synthetic,
VNBL_04143,con nói là em có vết bầm vì bị bạn đánh lúc tan học....,HIGH_RISK,validation,synthetic,
VNBL_04144,em thấy hai bạn khác cãi nhau nhưng bé không liên quan.,SAFE,train,synthetic,
VNBL_04145,con nói là bạn Nam nhắn tin xúc phạm em liên tục.,RISK,validation,synthetic,
VNBL_04146,"Bạn Phúc nói câu đùa làm bé khó chịu, sau đó bạn đã xin lỗi. (lần kể 2)",SAFE,train,synthetic,
VNBL_04147,Dạo này có bạn bắt con làm bài hộ nếu không sẽ nói xấu em.,RISK,train,synthetic,
VNBL_04148,Bé kể rằng có bạn thường xuyên nói xấu con với các bạn khác.,RISK,train,synthetic,
VNBL_04149,Dạo này em có vết bầm vì bị bạn đánh trong giờ ra chơi.,HIGH_RISK,train,synthetic,
VNBL_04150,Con nói là một nhóm bạn lấy tiền của em và dọa không được nói với bố mẹ....,HIGH_RISK,train,synthetic,
VNBL_04151,bạn Huy lấy đồ của em rồi không chịu trả.,RISK,train,synthetic,
VNBL_04152,Em nói em bị giấu cặp sách và đồ dùng học tập.,RISK,train,synthetic,
VNBL_04153,Con nói là họ nói tan học đợi đấy rồi vây em ở cổng trường....,HIGH_RISK,train,synthetic,
VNBL_04154,em bị đau tay do chơi thể thao lúc tan học.,SAFE,test,synthetic,
VNBL_04155,Bé kể rằng bạn Trang dọa sẽ đánh em nếu em kể với cô....,HIGH_RISK,test,synthetic,
VNBL_04156,Em nói bạn Nam lấy đồ của con rồi không chịu trả.,RISK,train,synthetic,
VNBL_04157,Dạo này bạn Lan đấm em vào người.,HIGH_RISK,validation,synthetic,
VNBL_04158,"Theo lời bé, em bị kéo tóc và xô ngã. ạ",HIGH_RISK,train,synthetic,
VNBL_04159,Dạo này mấy bạn chặn đường em lúc tan học để đánh....,HIGH_RISK,test,synthetic,
VNBL_04160,"mẹ hỏi bé có bị bạn nào bắt nạt không, em nói là không.",SAFE,train,synthetic,
VNBL_04161,con nói là bạn Trang dọa sẽ đánh em nếu em kể với cô.,HIGH_RISK,train,synthetic,
VNBL_04162,nhóm của bé không chọn ý tưởng của em nhưng mọi người vẫn làm việc cùng nhau. (lần kể 2),SAFE,train,synthetic,
VNBL_04163,Em thấy hai bạn khác cãi nhau nhưng con không liên quan.,SAFE,train,synthetic,
VNBL_04164,cô giáo nhắc cả lớp ko được đánh nhau và phải tôn trọng nhau. (lần kể 2),SAFE,train,synthetic,
VNBL_04165,"em và các bạn trêu nhau vui, khi bé bảo dừng thì mọi người dừng lại....",SAFE,validation,synthetic,
VNBL_04166,Con nói là bé có vết bầm vì bị bạn đánh trong giờ ra chơi.,HIGH_RISK,train,synthetic,
VNBL_04167,Bạn Khánh vô tình va vào em lúc tan học rồi xin lỗi. (lần kể 2),SAFE,train,synthetic,
VNBL_04168,Em nói bạn Lan lấy đồ của em rồi không chịu trả.,RISK,train,synthetic,
VNBL_04169,bạn Hà nhắn tin xúc phạm em liên tục.,RISK,train,synthetic,
VNBL_04170,Dạo này hôm qua bé bị một nhóm bạn đánh lúc tan học.,HIGH_RISK,test,synthetic,
VNBL_04171,"Bạn An nói câu đùa làm bé khó chịu, sau đó bạn đã xin lỗi.",SAFE,train,synthetic,
VNBL_04172,Em nói các bạn quay video lúc đánh em rồi gửi vào nhóm....,HIGH_RISK,validation,synthetic,
VNBL_04173,Bé kể rằng em bị ép làm việc em ko muốn và bị đe dọa nếu từ chối.,HIGH_RISK,train,synthetic,
VNBL_04174,bạn Vy mượn bút của em và đã trả lại. (lần kể 2),SAFE,train,synthetic,
VNBL_04175,"Theo lời bé, một số bạn tung tin sai về em trong lớp. ạ",RISK,train,synthetic,
VNBL_04176,em bị ép làm việc em không muốn và bị đe dọa nếu từ chối. ạ,HIGH_RISK,train,synthetic,
VNBL_04177,bạn Nam ép con phải đưa mật khẩu tài khoản và dọa đánh.,HIGH_RISK,train,synthetic,
VNBL_04178,Bé kể rằng các bạn không cho em chơi cùng lúc tan học.,RISK,train,synthetic,
VNBL_04179,"Em bị ngã trên xe đưa đón khi đang chạy, không có ai xô con.",SAFE,train,synthetic,
VNBL_04180,em và bạn Nam tranh luận một chút rồi đã làm hòa. ạ,SAFE,train,synthetic,
VNBL_04181,"theo lời bé, bé bị tát nhiều lần trên xe đưa đón.",HIGH_RISK,train,synthetic,
VNBL_04182,Em nói các bạn không cho em chơi cùng trên xe đưa đón....,RISK,train,synthetic,
VNBL_04183,Bé kể rằng bạn An ép em phải đưa mật khẩu tài khoản và dọa đánh.,HIGH_RISK,test,synthetic,
VNBL_04184,Bạn Nam vô tình va vào bé ở sân trường rồi xin lỗi.,SAFE,train,synthetic,
VNBL_04185,Con nói là bạn Vy đấm em vào người.,HIGH_RISK,train,synthetic,
VNBL_04186,"Theo lời bé, mấy bạn chặn đường em lúc tan học để đánh....",HIGH_RISK,test,synthetic,
VNBL_04187,Em nói mấy bạn chặn đường em lúc tan học để đánh. ạ,HIGH_RISK,train,synthetic,
VNBL_04188,bạn Phúc ép em phải đưa mật khẩu tài khoản và dọa đánh.,HIGH_RISK,validation,synthetic,
VNBL_04189,"em bị ngã trong giờ ra chơi khi đang chạy, ko có ai xô em. (lần kể 2)",SAFE,train,synthetic,
VNBL_04190,Bé kể rằng bạn Minh dọa sẽ đánh em nếu em kể với cô....,HIGH_RISK,validation,synthetic,
VNBL_04191,Em nói bạn Hà nhắn tin xúc phạm bé liên tục. ạ,RISK,train,synthetic,
VNBL_04192,Bạn Vy vô tình va vào bé ngoài hành lang rồi xin lỗi.,SAFE,test,synthetic,
VNBL_04193,ngày nào họ cũng trêu em dù em đã bảo dừng. ạ,RISK,train,synthetic,
VNBL_04194,mấy hôm nay em bị một nhóm bạn đánh lúc tan học.,HIGH_RISK,test,synthetic,
VNBL_04195,bạn Minh lấy đồ của em rồi không chịu trả. ạ,RISK,train,synthetic,
VNBL_04196,bé kể rằng mấy hôm nay em bị một nhóm bạn đánh trong giờ ra chơi.,HIGH_RISK,train,synthetic,
VNBL_04197,Em thấy lo vì ngày mai có bài kiểm tra....,SAFE,train,synthetic,
VNBL_04198,Bé kể rằng em bị loại khỏi các hoạt động của nhóm nhiều lần. ạ,RISK,test,synthetic,
VNBL_04199,Em nói hôm nay các bạn cứ gọi em bằng biệt danh em không thích....,RISK,train,synthetic,
VNBL_04200,em nói em bị giấu cặp sách và đồ dùng học tập.,RISK,train,synthetic,
VNBL_04201,Dạo này bạn Hà lấy đồ của con rồi không chịu trả.,RISK,train,synthetic,
VNBL_04202,em nói bạn An nhắn tin xúc phạm em liên tục.,RISK,validation,synthetic,
VNBL_04203,Bạn Khánh vô tình va vào em trong giờ ra chơi rồi xin lỗi.... (lần kể 2),SAFE,train,synthetic,
VNBL_04204,em nói bạn Hà nhắn tin xúc phạm em liên tục.,RISK,train,synthetic,
VNBL_04205,Con nói là em bị tát nhiều lần lúc tan học.,HIGH_RISK,train,synthetic,
VNBL_04206,"Theo lời bé, các bạn không cho con chơi cùng ngoài hành lang.",RISK,train,synthetic,
VNBL_04207,Con nói là có bạn dọa làm bé bị thương nếu em không làm theo.,HIGH_RISK,validation,synthetic,
VNBL_04208,"Theo lời bé, con bị giữ tay để một bạn khác đánh.",HIGH_RISK,train,synthetic,
VNBL_04209,"Theo lời bé, em bị ép làm việc em không muốn và bị đe dọa nếu từ chối.",HIGH_RISK,train,synthetic,
VNBL_04210,Em nói bạn Huy nhắn tin xúc phạm em liên tục.,RISK,train,synthetic,
VNBL_04211,bạn An vô tình va vào con trong giờ ra chơi rồi xin lỗi.,SAFE,train,synthetic,
VNBL_04212,bé bị giấu cặp sách và đồ dùng học tập.,RISK,test,synthetic,
VNBL_04213,em hơi buồn vì điểm kiểm tra thấp. (lần kể 2),SAFE,train,synthetic,
VNBL_04214,Em nói em bị đánh nhiều lần trong tuần này.,HIGH_RISK,train,synthetic,
VNBL_04215,Con nói là cả nhóm cố tình không cho em ngồi cùng....,RISK,validation,synthetic,
VNBL_04216,Em và bạn Mai tranh luận một chút rồi đã làm hòa.,SAFE,test,synthetic,
VNBL_04217,mấy bạn ném đồ cứng vào em và cười....,HIGH_RISK,train,synthetic,
VNBL_04218,dạo này con bị xô xuống cầu thang nhưng may em bám được tay vịn.,HIGH_RISK,train,synthetic,
VNBL_04219,Em nói gần đây các bạn cứ gọi em bằng biệt danh em không thích.,RISK,validation,synthetic,
VNBL_04220,bạn Mai lấy đồ của em rồi không chịu trả.,RISK,validation,synthetic,
VNBL_04221,Dạo này em bị kéo tóc và xô ngã. ạ,HIGH_RISK,train,synthetic,
VNBL_04222,Dạo này gần đây em bị một nhóm bạn đánh trên xe đưa đón.,HIGH_RISK,train,synthetic,
VNBL_04223,Em nói em bị giữ tay để một bạn khác đánh.,HIGH_RISK,train,synthetic,
VNBL_04224,em và bạn An tranh luận một chút rồi đã làm hòa. ạ,SAFE,train,synthetic,
VNBL_04225,có bạn bóp cổ em trong giờ ra chơi.,HIGH_RISK,train,synthetic,
VNBL_04226,các bạn đá bé khi em ngã xuống.,HIGH_RISK,train,synthetic,
VNBL_04227,Em nói bạn Linh ép bé phải đưa mật khẩu tài khoản và dọa đánh.,HIGH_RISK,train,synthetic,
VNBL_04228,em với bạn Vy giành bóng khi chơi rồi tiếp tục chơi bình thường.,SAFE,train,synthetic,
VNBL_04229,Bé kể rằng bạn Linh ép em phải đưa mật khẩu tài khoản và dọa đánh.,HIGH_RISK,train,synthetic,
VNBL_04230,Con nói là mấy hôm nay em bị một nhóm bạn đánh lúc tan học.,HIGH_RISK,train,synthetic,
VNBL_04231,"Theo lời bé, mỗi giờ ra chơi bé bị một nhóm bạn đánh ở lớp.",HIGH_RISK,test,synthetic,
VNBL_04232,Bạn Khánh vô tình va vào bé trong giờ ra chơi rồi xin lỗi.,SAFE,train,synthetic,
VNBL_04233,"Theo lời bé, bạn Linh đấm em vào người....",HIGH_RISK,train,synthetic,
VNBL_04234,Em nói cả nhóm cố tình không cho con ngồi cùng.,RISK,train,synthetic,
VNBL_04235,"Theo lời bé, hôm nay các bạn cứ gọi em bằng biệt danh em không thích.",RISK,test,synthetic,
VNBL_04236,"Bạn Phúc nói câu đùa làm em khó chịu, sau đó bạn đã xin lỗi. ạ",SAFE,train,synthetic,
VNBL_04237,Con nói là có bạn thường xuyên nói xấu em với các bạn khác....,RISK,train,synthetic,
VNBL_04238,Bé kể rằng các bạn bắt em đưa tiền mỗi tuần....,HIGH_RISK,train,synthetic,
VNBL_04239,Dạo này có bạn bắt em làm bài hộ nếu không sẽ nói xấu em....,RISK,validation,synthetic,
VNBL_04240,Em nói em thường bị xô vai và chọc ghẹo khi đi qua hành lang....,RISK,train,synthetic,
VNBL_04241,bé kể rằng bé bị giấu cặp sách và đồ dùng học tập.,RISK,train,synthetic,
VNBL_04242,Em nói bé bị xô xuống cầu thang nhưng may em bám được tay vịn.,HIGH_RISK,validation,synthetic,
VNBL_04243,"em và các bạn trêu nhau vui, khi con bảo dừng thì mọi người dừng lại. ạ",SAFE,validation,synthetic,
VNBL_04244,"Bạn Minh nói câu đùa làm em khó chịu, sau đó bạn đã xin lỗi.... (lần kể 2)",SAFE,train,synthetic,
VNBL_04245,cô giáo nhắc cả lớp không được đánh nhau và phải tôn trọng nhau.... (lần kể 2),SAFE,train,synthetic,
VNBL_04246,bé kể rằng hôm nay các bạn cứ gọi em bằng biệt danh em không thích.,RISK,train,synthetic,
VNBL_04247,các bạn đá em khi em ngã xuống.,HIGH_RISK,train,synthetic,
VNBL_04248,hôm nay em đi học bình thường và chơi với các bạn. ạ (lần kể 2),SAFE,train,synthetic,
VNBL_04249,Bé kể rằng bé sợ giờ ra chơi vì các bạn hay vây quanh trêu chọc.,RISK,train,synthetic,
VNBL_04250,Em nói một số bạn tung tin sai về em trong lớp. ạ,RISK,train,synthetic,
VNBL_04251,Lớp em xem video hướng dẫn cách báo với người lớn khi bị bắt nạt. ạ (lần kể 2),SAFE,train,synthetic,
VNBL_04252,bạn Trang lấy đồ của bé rồi không chịu trả.,RISK,train,synthetic,
VNBL_04253,bạn Hà mượn bút của con và đã trả lại. ạ,SAFE,test,synthetic,
VNBL_04254,"theo lời bé, có người đăng bài bêu xấu con trên mạng.",RISK,train,synthetic,
VNBL_04255,con nói là các bạn không cho em chơi cùng ở lớp.,RISK,validation,synthetic,
VNBL_04256,Em thấy lo vì ngày mai có bài kiểm tra.,SAFE,validation,synthetic,
VNBL_04257,Bạn Minh vô tình va vào con lúc tan học rồi xin lỗi.,SAFE,train,synthetic,
VNBL_04258,con nói là bạn Lan lấy đồ của em rồi không chịu trả.,RISK,train,synthetic,
VNBL_04259,con nói là con ko dám kể với cô vì sợ bị các bạn ghét hơn.,RISK,test,synthetic,
VNBL_04260,"Theo lời bé, em bị chửi và xúc phạm lúc tan học....",RISK,train,synthetic,
VNBL_04261,Dạo này con bị loại khỏi các hoạt động của nhóm nhiều lần.,RISK,train,synthetic,
VNBL_04262,Bạn An vô tình va vào con trên xe đưa đón rồi xin lỗi.,SAFE,validation,synthetic,
VNBL_04263,Em với bạn Khánh giành bóng khi chơi rồi tiếp tục chơi bình thường. ạ (lần kể 2),SAFE,train,synthetic,
VNBL_04264,"Theo lời bé, bạn Minh dọa sẽ đánh con nếu em kể với cô.",HIGH_RISK,train,synthetic,
VNBL_04265,Bé kể rằng em không muốn đi học vì sợ gặp nhóm bạn trong lớp....,RISK,train,synthetic,
VNBL_04266,"Theo lời bé, bạn Nam ép bé phải đưa mật khẩu tài khoản và dọa đánh.",HIGH_RISK,train,synthetic,
VNBL_04267,bé thường bị xô vai và chọc ghẹo khi đi qua hành lang.,RISK,train,synthetic,
VNBL_04268,Bạn Phúc vô tình va vào em ở lớp rồi xin lỗi.,SAFE,train,synthetic,
VNBL_04269,hôm qua em đi học bình thường và chơi với các bạn....,SAFE,test,synthetic,
VNBL_04270,Bé kể rằng mấy hôm nay em bị một nhóm bạn đánh lúc tan học.,HIGH_RISK,test,synthetic,
VNBL_04271,bạn Khánh mượn bút của em và đã trả lại....,SAFE,train,synthetic,
VNBL_04272,dạo này mấy hôm nay các bạn cứ gọi em bằng biệt danh em không thích.,RISK,test,synthetic,
VNBL_04273,em thấy lo vì ngày mai có bài kiểm tra. (lần kể 2),SAFE,train,synthetic,
VNBL_04274,"theo lời bé, bạn Linh lấy đồ của em rồi không chịu trả.",RISK,test,synthetic,
VNBL_04275,"Theo lời bé, em có vết bầm vì bị bạn đánh trên xe đưa đón.",HIGH_RISK,train,synthetic,
VNBL_04276,em nói con bị loại khỏi các hoạt động của nhóm nhiều lần.,RISK,train,synthetic,
VNBL_04277,Em thấy lo vì ngày mai có bài kiểm tra. ạ (lần kể 2),SAFE,train,synthetic,
VNBL_04278,Bé kể rằng con bị chửi và xúc phạm trên xe đưa đón.,RISK,train,synthetic,
VNBL_04279,Nhóm của bé ko chọn ý tưởng của em nhưng mọi người vẫn làm việc cùng nhau. (lần kể 2),SAFE,test,synthetic,
VNBL_04280,Bạn Vy vô tình va vào bé ở lớp rồi xin lỗi.,SAFE,train,synthetic,
VNBL_04281,các bạn không cho con chơi cùng ở lớp.,RISK,train,synthetic,
VNBL_04282,Dạo này em có vết bầm vì bị bạn đánh ở sân trường....,HIGH_RISK,validation,synthetic,
VNBL_04283,Em nói họ nói tan học đợi đấy rồi vây bé ở cổng trường. ạ,HIGH_RISK,train,synthetic,
VNBL_04284,Con nói là bạn Mai nhắn tin xúc phạm con liên tục.,RISK,train,synthetic,
VNBL_04285,có bạn bắt bé làm bài hộ nếu không sẽ nói xấu em.,RISK,validation,synthetic,
VNBL_04286,Em nói bạn Vy lấy đồ của em rồi không chịu trả.,RISK,train,synthetic,
VNBL_04287,bé bị chặn ở cổng trường và cướp tiền.,HIGH_RISK,train,synthetic,
VNBL_04288,Em với bạn Lan giành bóng khi chơi rồi tiếp tục chơi bình thường. (lần kể 2),SAFE,train,synthetic,
VNBL_04289,Bạn Minh vô tình va vào em ở lớp rồi xin lỗi....,SAFE,train,synthetic,
VNBL_04290,"Bạn Minh nói câu đùa làm em khó chịu, sau đó bạn đã xin lỗi. ạ",SAFE,train,synthetic,
VNBL_04291,"Theo lời bé, một nhóm bạn lấy tiền của em và dọa không được nói với bố mẹ. ạ",HIGH_RISK,validation,synthetic,
VNBL_04292,"Theo lời bé, gần đây các bạn cứ gọi con bằng biệt danh em không thích.",RISK,train,synthetic,
VNBL_04293,em nói các bạn quay video lúc bé khóc rồi gửi cho nhau.,RISK,train,synthetic,
VNBL_04294,con nói là mấy bạn thường xuyên cười nhạo em trước lớp.,RISK,validation,synthetic,
VNBL_04295,Bạn Mai vô tình va vào em trong giờ ra chơi rồi xin lỗi....,SAFE,train,synthetic,
VNBL_04296,Dạo này bạn Minh ép em phải đưa mật khẩu tài khoản và dọa đánh.,HIGH_RISK,validation,synthetic,
VNBL_04297,các bạn ko cho bé chơi cùng trong giờ ra chơi.,RISK,train,synthetic,
VNBL_04298,Con nói là gần đây các bạn cứ gọi con bằng biệt danh em không thích.,RISK,train,synthetic,
VNBL_04299,Dạo này con bị giữ tay để một bạn khác đánh.,HIGH_RISK,train,synthetic,
VNBL_04300,Con nói là một nhóm bạn lấy tiền của bé và dọa không được nói với bố mẹ.,HIGH_RISK,train,synthetic,
VNBL_04301,Bạn Lan vô tình va vào con trên xe đưa đón rồi xin lỗi.,SAFE,validation,synthetic,
VNBL_04302,"Mẹ hỏi em có bị bạn nào bắt nạt không, em nói là không. (lần kể 2)",SAFE,train,synthetic,
VNBL_04303,em với bạn Mai giành bóng khi chơi rồi tiếp tục chơi bình thường.... (lần kể 2),SAFE,train,synthetic,
VNBL_04304,Dạo này có bạn dọa làm bé bị thương nếu em không làm theo. ạ,HIGH_RISK,train,synthetic,
VNBL_04305,bé kể rằng họ nói tan học đợi đấy rồi vây con ở cổng trường.,HIGH_RISK,validation,synthetic,
VNBL_04306,con nói là có bạn dọa làm em bị thương nếu em không làm theo.,HIGH_RISK,train,synthetic,
VNBL_04307,Em nói bạn Mai lấy đồ của em rồi không chịu trả.,RISK,train,synthetic,
VNBL_04308,Con nói là hôm nay các bạn cứ gọi bé bằng biệt danh em không thích.,RISK,train,synthetic,
VNBL_04309,Bạn Minh mượn bút của bé và đã trả lại.,SAFE,train,synthetic,
VNBL_04310,"em bị ngã ở lớp khi đang chạy, không có ai xô bé. ạ",SAFE,validation,synthetic,
VNBL_04311,dạo này mấy hôm nay bé bị một nhóm bạn đánh lúc tan học.,HIGH_RISK,validation,synthetic,
VNBL_04312,Bé kể rằng em có vết bầm vì bị bạn đánh trong giờ ra chơi.,HIGH_RISK,validation,synthetic,
VNBL_04313,Em thấy hai bạn khác cãi nhau nhưng con không liên quan....,SAFE,train,synthetic,
VNBL_04314,Dạo này con bị chửi và xúc phạm ngoài hành lang.,RISK,validation,synthetic,
VNBL_04315,Em bị đau tay do chơi thể thao ở sân trường. ạ,SAFE,train,synthetic,
VNBL_04316,con nói là bé có vết bầm vì bị bạn đánh lúc tan học.,HIGH_RISK,validation,synthetic,
VNBL_04317,Bạn Nam vô tình va vào em trong giờ ra chơi rồi xin lỗi. (lần kể 2),SAFE,train,synthetic,
VNBL_04318,em thấy hai bạn khác cãi nhau nhưng em không liên quan.... (lần kể 2),SAFE,train,synthetic,
VNBL_04319,Bé kể rằng bạn Khánh đấm em vào người.,HIGH_RISK,train,synthetic,
VNBL_04320,Con nói là bạn Linh đấm bé vào người.,HIGH_RISK,train,synthetic,
VNBL_04321,hôm qua con đi học bình thường và chơi với các bạn. (lần kể 2),SAFE,train,synthetic,
VNBL_04322,con bị ép làm việc em không muốn và bị đe dọa nếu từ chối.,HIGH_RISK,validation,synthetic,
VNBL_04323,Bé kể rằng bạn Trang nhắn tin xúc phạm em liên tục. ạ,RISK,train,synthetic,
VNBL_04324,dạo này một nhóm bạn lấy tiền của con và dọa không được nói với bố mẹ.,HIGH_RISK,train,synthetic,
VNBL_04325,"bạn Linh nói câu đùa làm em khó chịu, sau đó bạn đã xin lỗi.",SAFE,test,synthetic,
VNBL_04326,Em và bạn Khánh tranh luận một chút rồi đã làm hòa.,SAFE,train,synthetic,
VNBL_04327,Bạn Vy mượn bút của em và đã trả lại. ạ (lần kể 2),SAFE,test,synthetic,
VNBL_04328,Bé kể rằng bạn Nam đấm em vào người.,HIGH_RISK,test,synthetic,
VNBL_04329,Em nói các bạn cố tình làm hỏng đồ dùng của con....,RISK,train,synthetic,
VNBL_04330,mỗi giờ ra chơi em đi học bình thường và chơi với các bạn.... (lần kể 2),SAFE,test,synthetic,
VNBL_04331,"em bị ngã trong giờ ra chơi khi đang chạy, không có ai xô em. ạ",SAFE,train,synthetic,
VNBL_04332,Dạo này các bạn quay video lúc đánh bé rồi gửi vào nhóm.,HIGH_RISK,train,synthetic,
VNBL_04333,em sợ bị cô gọi lên bảng vì chưa thuộc bài. ạ,SAFE,test,synthetic,
VNBL_04334,"Theo lời bé, các bạn ko cho em chơi cùng trên xe đưa đón.",RISK,train,synthetic,
VNBL_04335,"Theo lời bé, hôm qua em bị một nhóm bạn đánh trong giờ ra chơi.",HIGH_RISK,train,synthetic,
VNBL_04336,bạn Minh nhắn tin xúc phạm em liên tục....,RISK,validation,synthetic,
VNBL_04337,hôm nay em đi học bình thường và chơi với các bạn....,SAFE,validation,synthetic,
VNBL_04338,"Theo lời bé, bé bị chửi và xúc phạm trong giờ ra chơi.",RISK,train,synthetic,
VNBL_04339,"Bạn Huy nói câu đùa làm em khó chịu, sau đó bạn đã xin lỗi. (lần kể 2)",SAFE,train,synthetic,
VNBL_04340,con nói là bạn Vy đấm em vào người.,HIGH_RISK,test,synthetic,
VNBL_04341,mỗi giờ ra chơi em bị một nhóm bạn đánh ở lớp.,HIGH_RISK,train,synthetic,
VNBL_04342,Dạo này con sợ giờ ra chơi vì các bạn hay vây quanh trêu chọc.,RISK,train,synthetic,
VNBL_04343,Con nói là ngày nào họ cũng trêu con dù em đã bảo dừng.,RISK,train,synthetic,
VNBL_04344,"Theo lời bé, bạn Linh nhắn tin xúc phạm em liên tục. ạ",RISK,train,synthetic,
VNBL_04345,em nói có người đăng bài bêu xấu em trên mạng.,RISK,test,synthetic,
VNBL_04346,"Theo lời bé, em thường bị xô vai và chọc ghẹo khi đi qua hành lang....",RISK,train,synthetic,
VNBL_04347,Con nói là hôm nay các bạn cứ gọi em bằng biệt danh em không thích.,RISK,train,synthetic,
VNBL_04348,"Theo lời bé, bạn Lan nhắn tin xúc phạm em liên tục.",RISK,train,synthetic,
VNBL_04349,dạo này họ dọa sẽ tiếp tục đánh nếu em báo với người lớn.,HIGH_RISK,train,synthetic,
VNBL_04350,Bạn Huy vô tình va vào bé ở sân trường rồi xin lỗi.,SAFE,train,synthetic,
VNBL_04351,hôm nay bé làm rơi hộp bút và bạn đã nhặt giúp....,SAFE,train,synthetic,
VNBL_04352,con nói là em thường bị xô vai và chọc ghẹo khi đi qua hành lang.,RISK,train,synthetic,
VNBL_04353,Nhóm của em ko chọn ý tưởng của em nhưng mọi người vẫn làm việc cùng nhau....,SAFE,test,synthetic,
VNBL_04354,Bạn Hà vô tình va vào bé trong giờ ra chơi rồi xin lỗi. (lần kể 2),SAFE,train,synthetic,
VNBL_04355,"Bạn Minh nói câu đùa làm em khó chịu, sau đó bạn đã xin lỗi....",SAFE,validation,synthetic,
VNBL_04356,Dạo này em bị loại khỏi các hoạt động của nhóm nhiều lần. ạ,RISK,train,synthetic,
VNBL_04357,cả nhóm cố tình không cho em ngồi cùng.,RISK,test,synthetic,
VNBL_04358,Em với bạn Huy giành bóng khi chơi rồi tiếp tục chơi bình thường. ạ,SAFE,train,synthetic,
VNBL_04359,"theo lời bé, mấy bạn ném đồ cứng vào em và cười.",HIGH_RISK,train,synthetic,
VNBL_04360,"Bạn Vy nói câu đùa làm con khó chịu, sau đó bạn đã xin lỗi.",SAFE,test,synthetic,
VNBL_04361,con nói là có bạn bắt em làm bài hộ nếu không sẽ nói xấu em.,RISK,test,synthetic,
VNBL_04362,bé kể rằng bạn Khánh lấy đồ của em rồi không chịu trả. ạ,RISK,train,synthetic,
VNBL_04363,các bạn không cho con chơi cùng ở sân trường.,RISK,train,synthetic,
VNBL_04364,Con nói là tuần này em bị một nhóm bạn đánh lúc tan học....,HIGH_RISK,test,synthetic,
VNBL_04365,Bé kể rằng các bạn không cho con chơi cùng trong giờ ra chơi.,RISK,train,synthetic,
VNBL_04366,các bạn không cho em chơi cùng lúc tan học....,RISK,train,synthetic,
VNBL_04367,Em nói các bạn không cho bé chơi cùng lúc tan học.,RISK,train,synthetic,
VNBL_04368,"Em bị ngã lúc tan học khi đang chạy, không có ai xô em. ạ (lần kể 2)",SAFE,train,synthetic,
VNBL_04369,Em nói họ nhốt em trong nhà vệ sinh và ko cho ra.,HIGH_RISK,train,synthetic,
VNBL_04370,"Theo lời bé, em bị xô xuống cầu thang nhưng may em bám được tay vịn.",HIGH_RISK,validation,synthetic,
VNBL_04371,"Theo lời bé, em có vết bầm vì bị bạn đánh ở sân trường. ạ",HIGH_RISK,validation,synthetic,
VNBL_04372,bạn Trang vô tình va vào con ngoài hành lang rồi xin lỗi.,SAFE,train,synthetic,
VNBL_04373,Bé kể rằng có bạn bắt con làm bài hộ nếu không sẽ nói xấu em. ạ,RISK,train,synthetic,
VNBL_04374,em nói em không dám kể với cô vì sợ bị các bạn ghét hơn.,RISK,validation,synthetic,
VNBL_04375,Con nói là bé bị tát nhiều lần ngoài hành lang.,HIGH_RISK,train,synthetic,
VNBL_04376,Em nói con cảm thấy bị cô lập vì không ai trong nhóm chịu nói chuyện với em.,RISK,train,synthetic,
VNBL_04377,"Theo lời bé, họ nói tan học đợi đấy rồi vây em ở cổng trường....",HIGH_RISK,test,synthetic,
VNBL_04378,Bạn Nam vô tình va vào em ngoài hành lang rồi xin lỗi.,SAFE,validation,synthetic,
VNBL_04379,hôm nay các bạn cứ gọi em bằng biệt danh em không thích.,RISK,train,synthetic,
VNBL_04380,bé kể rằng có bạn bắt em làm bài hộ nếu không sẽ nói xấu em.,RISK,train,synthetic,
VNBL_04381,"Em bị ngã ngoài hành lang khi đang chạy, ko có ai xô em....",SAFE,train,synthetic,
VNBL_04382,bé bị chửi và xúc phạm trong giờ ra chơi.,RISK,train,synthetic,
VNBL_04383,Bạn Vy vô tình va vào em trong giờ ra chơi rồi xin lỗi. (lần kể 2),SAFE,validation,synthetic,
VNBL_04384,Dạo này bé bị giữ tay để một bạn khác đánh.,HIGH_RISK,train,synthetic,
VNBL_04385,bạn Linh đấm em vào người. ạ,HIGH_RISK,test,synthetic,
VNBL_04386,"theo lời bé, em bị chửi và xúc phạm ở sân trường.",RISK,train,synthetic,
VNBL_04387,Bạn Hà vô tình va vào em ở sân trường rồi xin lỗi.,SAFE,train,synthetic,
VNBL_04388,Con nói là bạn Vy dọa sẽ đánh em nếu em kể với cô. ạ,HIGH_RISK,test,synthetic,
VNBL_04389,"Bạn Phúc nói câu đùa làm con khó chịu, sau đó bạn đã xin lỗi. (lần kể 2)",SAFE,train,synthetic,
VNBL_04390,"Bạn Vy nói câu đùa làm con khó chịu, sau đó bạn đã xin lỗi. ạ",SAFE,train,synthetic,
VNBL_04391,Bé kể rằng bạn Minh lấy đồ của em rồi không chịu trả.,RISK,test,synthetic,
VNBL_04392,nhóm của em ko chọn ý tưởng của em nhưng mọi người vẫn làm việc cùng nhau....,SAFE,train,synthetic,
VNBL_04393,Bạn Linh vô tình va vào bé trong giờ ra chơi rồi xin lỗi.,SAFE,train,synthetic,
VNBL_04394,dạo này bạn Khánh đấm em vào người.,HIGH_RISK,train,synthetic,
VNBL_04395,Dạo này các bạn bắt em đưa tiền mỗi tuần. ạ,HIGH_RISK,validation,synthetic,
VNBL_04396,"Theo lời bé, bạn Trang đấm em vào người.",HIGH_RISK,validation,synthetic,
VNBL_04397,"Bạn Lan nói câu đùa làm con khó chịu, sau đó bạn đã xin lỗi. (lần kể 2)",SAFE,validation,synthetic,
VNBL_04398,bạn An vô tình va vào em lúc tan học rồi xin lỗi....,SAFE,train,synthetic,
VNBL_04399,"Theo lời bé, các bạn không cho bé chơi cùng ở sân trường.",RISK,train,synthetic,
VNBL_04400,bạn Vy vô tình va vào bé trên xe đưa đón rồi xin lỗi.,SAFE,train,synthetic,
VNBL_04401,bạn Trang mượn bút của con và đã trả lại.,SAFE,train,synthetic,
VNBL_04402,"Em bị ngã trên xe đưa đón khi đang chạy, không có ai xô em. ạ (lần kể 2)",SAFE,train,synthetic,
VNBL_04403,em bị chửi và xúc phạm ở lớp.,RISK,train,synthetic,
VNBL_04404,dạo này các bạn không cho em chơi cùng lúc tan học.,RISK,train,synthetic,
VNBL_04405,em bị tát nhiều lần ở lớp.,HIGH_RISK,train,synthetic,
VNBL_04406,bé kể rằng bạn Minh ép em phải đưa mật khẩu tài khoản và dọa đánh.,HIGH_RISK,train,synthetic,
VNBL_04407,bé kể rằng em cảm thấy bị cô lập vì không ai trong nhóm chịu nói chuyện với em.,RISK,train,synthetic,
VNBL_04408,em nói em cảm thấy bị cô lập vì không ai trong nhóm chịu nói chuyện với em.,RISK,train,synthetic,
VNBL_04409,Hôm nay con làm rơi hộp bút và bạn đã nhặt giúp....,SAFE,train,synthetic,
VNBL_04410,bé kể rằng con bị đuổi ra khỏi nhóm chat của lớp.,RISK,test,synthetic,
VNBL_04411,Con nói là cả nhóm cố tình ko cho em ngồi cùng.,RISK,test,synthetic,
VNBL_04412,Bé kể rằng mỗi giờ ra chơi các bạn cứ gọi em bằng biệt danh em ko thích.,RISK,train,synthetic,
VNBL_04413,dạo này bạn Lan lấy đồ của em rồi không chịu trả.,RISK,validation,synthetic,
VNBL_04414,Bé kể rằng có bạn thường xuyên nói xấu em với các bạn khác. ạ,RISK,train,synthetic,
VNBL_04415,Bạn Minh vô tình va vào em ngoài hành lang rồi xin lỗi.,SAFE,train,synthetic,
VNBL_04416,Em nói em bị tát nhiều lần lúc tan học.,HIGH_RISK,train,synthetic,
VNBL_04417,"Theo lời bé, bạn Linh đấm bé vào người.",HIGH_RISK,train,synthetic,
VNBL_04418,Con nói là có bạn bắt em làm bài hộ nếu không sẽ nói xấu em.,RISK,train,synthetic,
VNBL_04419,Con nói là các bạn quay video lúc con khóc rồi gửi cho nhau. ạ,RISK,validation,synthetic,
VNBL_04420,em nói mấy hôm nay các bạn cứ gọi em bằng biệt danh em không thích.,RISK,train,synthetic,
VNBL_04421,em bị đau tay do chơi thể thao ở sân trường....,SAFE,train,synthetic,
VNBL_04422,bé kể rằng em bị chửi và xúc phạm ở lớp.,RISK,test,synthetic,
VNBL_04423,"theo lời bé, con thường bị lấy đồ ăn mà không được hỏi....",RISK,train,synthetic,
VNBL_04424,Bạn Huy vô tình va vào con trên xe đưa đón rồi xin lỗi.,SAFE,train,synthetic,
VNBL_04425,"Theo lời bé, bạn Mai đấm em vào người.",HIGH_RISK,train,synthetic,
VNBL_04426,mấy bạn thường xuyên cười nhạo em trước lớp....,RISK,train,synthetic,
VNBL_04427,"Em bị ngã trên xe đưa đón khi đang chạy, ko có ai xô em. (lần kể 2)",SAFE,train,synthetic,
VNBL_04428,bạn Nam mượn bút của bé và đã trả lại.,SAFE,train,synthetic,
VNBL_04429,Em nói bạn Hà lấy đồ của em rồi không chịu trả.,RISK,train,synthetic,
VNBL_04430,Dạo này bạn Linh đấm em vào người.,HIGH_RISK,train,synthetic,
VNBL_04431,"Bạn Linh nói câu đùa làm em khó chịu, sau đó bạn đã xin lỗi. ạ",SAFE,train,synthetic,
VNBL_04432,Con nói là mấy hôm nay con bị một nhóm bạn đánh ngoài hành lang.,HIGH_RISK,train,synthetic,
VNBL_04433,em ko muốn đến trường ngày mai vì chưa làm xong bài tập....,SAFE,train,synthetic,
VNBL_04434,Em thấy hai bạn khác cãi nhau nhưng con ko liên quan. (lần kể 2),SAFE,train,synthetic,
VNBL_04435,con nói là tuần này các bạn cứ gọi em bằng biệt danh em không thích.,RISK,validation,synthetic,
VNBL_04436,em với bạn Mai giành bóng khi chơi rồi tiếp tục chơi bình thường. ạ,SAFE,train,synthetic,
VNBL_04437,"theo lời bé, em không dám phát biểu vì các bạn hay cười nhạo.",RISK,train,synthetic,
VNBL_04438,"Theo lời bé, họ dọa sẽ tiếp tục đánh nếu em báo với người lớn. ạ",HIGH_RISK,train,synthetic,
VNBL_04439,Dạo này bạn Minh lấy đồ của con rồi không chịu trả.,RISK,train,synthetic,
VNBL_04440,Em nói em bị tát nhiều lần trên xe đưa đón.,HIGH_RISK,validation,synthetic,
VNBL_04441,Bé kể rằng con bị tát nhiều lần ở lớp.,HIGH_RISK,train,synthetic,
VNBL_04442,dạo này em bị tát nhiều lần ngoài hành lang.,HIGH_RISK,train,synthetic,
VNBL_04443,Nhóm của em không chọn ý tưởng của em nhưng mọi người vẫn làm việc cùng nhau. ạ (lần kể 2),SAFE,validation,synthetic,
VNBL_04444,Dạo này bạn Huy nhắn tin xúc phạm em liên tục.,RISK,test,synthetic,
VNBL_04445,em bị chửi và xúc phạm trong giờ ra chơi. ạ,RISK,train,synthetic,
VNBL_04446,Em nói bạn An đấm em vào người.,HIGH_RISK,test,synthetic,
VNBL_04447,bạn Phúc vô tình va vào em ở lớp rồi xin lỗi. (lần kể 2),SAFE,train,synthetic,
VNBL_04448,Bé kể rằng hôm nay các bạn cứ gọi em bằng biệt danh em không thích. ạ,RISK,test,synthetic,
VNBL_04449,bạn Phúc mượn bút của bé và đã trả lại.,SAFE,train,synthetic,
VNBL_04450,"Theo lời bé, gần đây em bị một nhóm bạn đánh ở sân trường.",HIGH_RISK,train,synthetic,
VNBL_04451,"em bị ngã trên xe đưa đón khi đang chạy, không có ai xô con.",SAFE,validation,synthetic,
VNBL_04452,Em nói em bị giấu cặp sách và đồ dùng học tập....,RISK,train,synthetic,
VNBL_04453,"Bạn Nam nói câu đùa làm bé khó chịu, sau đó bạn đã xin lỗi. (lần kể 2)",SAFE,validation,synthetic,
VNBL_04454,"Theo lời bé, các bạn chế ảnh của em rồi gửi vào nhóm lớp.",RISK,train,synthetic,
VNBL_04455,Bạn Trang vô tình va vào em ở sân trường rồi xin lỗi....,SAFE,test,synthetic,
VNBL_04456,Em và bạn Nam tranh luận một chút rồi đã làm hòa. ạ,SAFE,train,synthetic,
VNBL_04457,Bé kể rằng em bị chửi và xúc phạm ngoài hành lang.,RISK,test,synthetic,
VNBL_04458,gần đây con đi học bình thường và chơi với các bạn. ạ,SAFE,train,synthetic,
VNBL_04459,Bé kể rằng có bạn bắt em làm bài hộ nếu không sẽ nói xấu em. ạ,RISK,test,synthetic,
VNBL_04460,Dạo này bạn Mai nhắn tin xúc phạm bé liên tục.,RISK,train,synthetic,
VNBL_04461,Bé kể rằng các bạn chế ảnh của em rồi gửi vào nhóm lớp. ạ,RISK,train,synthetic,
VNBL_04462,bé kể rằng bé bị ép làm việc em không muốn và bị đe dọa nếu từ chối.,HIGH_RISK,train,synthetic,
VNBL_04463,"Theo lời bé, con bị chửi và xúc phạm trong giờ ra chơi.",RISK,train,synthetic,
VNBL_04464,"Theo lời bé, em bị chặn ở cổng trường và cướp tiền.",HIGH_RISK,train,synthetic,
VNBL_04465,Bé kể rằng các bạn quay video lúc em khóc rồi gửi cho nhau.,RISK,train,synthetic,
VNBL_04466,Dạo này mấy hôm nay em bị một nhóm bạn đánh lúc tan học.,HIGH_RISK,train,synthetic,
VNBL_04467,Bạn Nam vô tình va vào con ở lớp rồi xin lỗi.,SAFE,test,synthetic,
VNBL_04468,dạo này bạn An nhắn tin xúc phạm bé liên tục....,RISK,test,synthetic,
VNBL_04469,Con nói là em bị xô xuống cầu thang nhưng may em bám được tay vịn.,HIGH_RISK,train,synthetic,
VNBL_04470,Con nói là một nhóm bạn lấy tiền của em và dọa không được nói với bố mẹ. ạ,HIGH_RISK,train,synthetic,
VNBL_04471,họ nói tan học đợi đấy rồi vây bé ở cổng trường.,HIGH_RISK,train,synthetic,
VNBL_04472,bạn Lan vô tình va vào em trên xe đưa đón rồi xin lỗi. (lần kể 2),SAFE,train,synthetic,
VNBL_04473,dạo này có người đăng bài bêu xấu bé trên mạng.,RISK,validation,synthetic,
VNBL_04474,bé kể rằng ngày nào họ cũng trêu bé dù em đã bảo dừng.,RISK,train,synthetic,
VNBL_04475,các bạn quay video lúc đánh em rồi gửi vào nhóm. ạ,HIGH_RISK,train,synthetic,
VNBL_04476,"em bị ngã trên xe đưa đón khi đang chạy, ko có ai xô em. ạ",SAFE,test,synthetic,
VNBL_04477,bé kể rằng bạn Nam lấy đồ của em rồi không chịu trả.,RISK,validation,synthetic,
VNBL_04478,Bé kể rằng bạn Khánh dọa sẽ đánh em nếu em kể với cô.,HIGH_RISK,train,synthetic,
VNBL_04479,bạn Vy lấy đồ của em rồi không chịu trả. ạ,RISK,train,synthetic,
VNBL_04480,bạn Mai ép con phải đưa mật khẩu tài khoản và dọa đánh.,HIGH_RISK,train,synthetic,
VNBL_04481,Con nói là bé bị tát nhiều lần trên xe đưa đón.,HIGH_RISK,validation,synthetic,
VNBL_04482,Con nói là bé cảm thấy bị cô lập vì không ai trong nhóm chịu nói chuyện với em. ạ,RISK,train,synthetic,
VNBL_04483,Bạn An vô tình va vào em trên xe đưa đón rồi xin lỗi. ạ (lần kể 2),SAFE,train,synthetic,
VNBL_04484,Em nói hôm qua em bị một nhóm bạn đánh ở sân trường. ạ,HIGH_RISK,validation,synthetic,
VNBL_04485,bạn Hà vô tình va vào em trong giờ ra chơi rồi xin lỗi. (lần kể 2),SAFE,train,synthetic,
VNBL_04486,Con nói là bạn Huy lấy đồ của em rồi ko chịu trả.,RISK,train,synthetic,
VNBL_04487,Con nói là bạn Linh ép em phải đưa mật khẩu tài khoản và dọa đánh....,HIGH_RISK,train,synthetic,
VNBL_04488,Dạo này em có vết bầm vì bị bạn đánh ngoài hành lang.,HIGH_RISK,validation,synthetic,
VNBL_04489,Dạo này các bạn bắt con đưa tiền mỗi tuần.,HIGH_RISK,train,synthetic,
VNBL_04490,Bạn Hà vô tình va vào em ở lớp rồi xin lỗi.... (lần kể 2),SAFE,train,synthetic,
VNBL_04491,"Theo lời bé, một nhóm bạn lấy tiền của con và dọa không được nói với bố mẹ.",HIGH_RISK,train,synthetic,
VNBL_04492,Dạo này hôm nay em bị một nhóm bạn đánh ngoài hành lang.,HIGH_RISK,train,synthetic,
VNBL_04493,Em nói một số bạn tung tin sai về em trong lớp.,RISK,validation,synthetic,
VNBL_04494,"theo lời bé, một nhóm bạn thường xuyên đạp vào chân bé dưới bàn.",HIGH_RISK,train,synthetic,
VNBL_04495,bạn Phúc đấm em vào người.,HIGH_RISK,train,synthetic,
VNBL_04496,con nói là em không dám phát biểu vì các bạn hay cười nhạo.,RISK,train,synthetic,
VNBL_04497,bé kể rằng các bạn quay video lúc đánh em rồi gửi vào nhóm. ạ,HIGH_RISK,train,synthetic,
VNBL_04498,em nói bé không dám kể với cô vì sợ bị các bạn ghét hơn.,RISK,train,synthetic,
VNBL_04499,Bé kể rằng bạn Linh đấm em vào người.,HIGH_RISK,train,synthetic,
VNBL_04500,Dạo này mấy bạn ném đồ cứng vào em và cười.,HIGH_RISK,train,synthetic,
VNBL_04501,Em nói có người đăng bài bêu xấu con trên mạng.,RISK,train,synthetic,
VNBL_04502,Em muốn chuyển chỗ ngồi vì gần cửa sổ bị nắng. ạ (lần kể 2),SAFE,train,synthetic,
VNBL_04503,dạo này em bị tát nhiều lần ở lớp. ạ,HIGH_RISK,train,synthetic,
VNBL_04504,Bé kể rằng em thường bị lấy đồ ăn mà không được hỏi. ạ,RISK,train,synthetic,
VNBL_04505,con nói là bạn Linh ép em phải đưa mật khẩu tài khoản và dọa đánh.,HIGH_RISK,train,synthetic,
VNBL_04506,Bạn Nam vô tình va vào em ở sân trường rồi xin lỗi. ạ,SAFE,train,synthetic,
VNBL_04507,mỗi giờ ra chơi các bạn cứ gọi con bằng biệt danh em không thích.,RISK,train,synthetic,
VNBL_04508,Bé kể rằng con không muốn đi học vì sợ gặp nhóm bạn trong lớp.,RISK,test,synthetic,
VNBL_04509,Em nói bé thường bị xô vai và chọc ghẹo khi đi qua hành lang.,RISK,test,synthetic,
VNBL_04510,tuần này em bị một nhóm bạn đánh trên xe đưa đón....,HIGH_RISK,train,synthetic,
VNBL_04511,hôm qua em bị một nhóm bạn đánh ở lớp.,HIGH_RISK,train,synthetic,
VNBL_04512,bạn Khánh vô tình va vào em trong giờ ra chơi rồi xin lỗi.,SAFE,test,synthetic,
VNBL_04513,"Theo lời bé, bé bị tát nhiều lần ngoài hành lang.",HIGH_RISK,validation,synthetic,
VNBL_04514,"em bị ngã ngoài hành lang khi đang chạy, ko có ai xô em.",SAFE,validation,synthetic,
VNBL_04515,Em nói hôm nay em bị một nhóm bạn đánh lúc tan học.,HIGH_RISK,train,synthetic,
VNBL_04516,"Theo lời bé, mỗi giờ ra chơi các bạn cứ gọi em bằng biệt danh em không thích.",RISK,validation,synthetic,
VNBL_04517,Em nói mấy hôm nay em bị một nhóm bạn đánh trên xe đưa đón. ạ,HIGH_RISK,train,synthetic,
VNBL_04518,em nói tuần này các bạn cứ gọi em bằng biệt danh em không thích.,RISK,train,synthetic,
VNBL_04519,Bạn Mai vô tình va vào em ở sân trường rồi xin lỗi. ạ,SAFE,test,synthetic,
VNBL_04520,"Theo lời bé, bạn Trang đấm con vào người....",HIGH_RISK,validation,synthetic,
VNBL_04521,Dạo này bạn Hà lấy đồ của em rồi không chịu trả. ạ,RISK,test,synthetic,
VNBL_04522,bé kể rằng em bị đánh nhiều lần trong tuần này.,HIGH_RISK,validation,synthetic,
VNBL_04523,Con nói là con bị chửi và xúc phạm trên xe đưa đón.,RISK,train,synthetic,
VNBL_04524,"Theo lời bé, các bạn ko cho em chơi cùng ngoài hành lang.",RISK,train,synthetic,
VNBL_04525,"Theo lời bé, các bạn không cho bé chơi cùng trong giờ ra chơi....",RISK,test,synthetic,
VNBL_04526,Em nói bạn Linh lấy đồ của em rồi không chịu trả.,RISK,test,synthetic,
VNBL_04527,Em nói bạn Lan nhắn tin xúc phạm em liên tục.,RISK,test,synthetic,
VNBL_04528,bé kể rằng em bị đánh nhiều lần trong tuần này....,HIGH_RISK,train,synthetic,
VNBL_04529,Bé kể rằng em có vết bầm vì bị bạn đánh ngoài hành lang.,HIGH_RISK,train,synthetic,
VNBL_04530,Bé kể rằng bạn Trang nhắn tin xúc phạm bé liên tục.,RISK,train,synthetic,
VNBL_04531,dạo này cả nhóm cố tình ko cho em ngồi cùng.,RISK,train,synthetic,
VNBL_04532,dạo này em có vết bầm vì bị bạn đánh ở sân trường.,HIGH_RISK,train,synthetic,
VNBL_04533,bạn Hà vô tình va vào em trong giờ ra chơi rồi xin lỗi.,SAFE,train,synthetic,
VNBL_04534,bạn Huy dọa sẽ đánh con nếu em kể với cô.,HIGH_RISK,train,synthetic,
VNBL_04535,Dạo này bạn Mai ép em phải đưa mật khẩu tài khoản và dọa đánh.,HIGH_RISK,test,synthetic,
VNBL_04536,"em bị ngã ngoài hành lang khi đang chạy, không có ai xô em....",SAFE,train,synthetic,
VNBL_04537,Em nói bạn Trang dọa sẽ đánh con nếu em kể với cô.,HIGH_RISK,train,synthetic,
VNBL_04538,Em nói bạn Huy nhắn tin xúc phạm con liên tục.,RISK,train,synthetic,
VNBL_04539,Bạn Mai vô tình va vào con ở sân trường rồi xin lỗi.,SAFE,train,synthetic,
VNBL_04540,bạn Trang vô tình va vào con lúc tan học rồi xin lỗi.,SAFE,test,synthetic,
VNBL_04541,Dạo này bạn Linh ép bé phải đưa mật khẩu tài khoản và dọa đánh. ạ,HIGH_RISK,train,synthetic,
VNBL_04542,Em nói em không dám phát biểu vì các bạn hay cười nhạo.,RISK,test,synthetic,
VNBL_04543,bạn Nam mượn bút của em và đã trả lại. (lần kể 2),SAFE,train,synthetic,
VNBL_04544,bạn Minh dọa sẽ đánh em nếu em kể với cô.,HIGH_RISK,train,synthetic,
VNBL_04545,Con nói là bạn Nam dọa sẽ đánh em nếu em kể với cô.,HIGH_RISK,test,synthetic,
VNBL_04546,bé bị chửi và xúc phạm lúc tan học.,RISK,train,synthetic,
VNBL_04547,dạo này gần đây em bị một nhóm bạn đánh trong giờ ra chơi.,HIGH_RISK,validation,synthetic,
VNBL_04548,Bạn Lan vô tình va vào em trên xe đưa đón rồi xin lỗi. (lần kể 2),SAFE,train,synthetic,
VNBL_04549,Con nói là có người đăng bài bêu xấu em trên mạng.,RISK,train,synthetic,
VNBL_04550,các bạn đá em khi em ngã xuống....,HIGH_RISK,train,synthetic,
VNBL_04551,Con nói là bạn Minh nhắn tin xúc phạm em liên tục.,RISK,test,synthetic,
VNBL_04552,bạn Vy mượn bút của con và đã trả lại. (lần kể 2),SAFE,test,synthetic,
VNBL_04553,Em nói bạn Khánh lấy đồ của em rồi ko chịu trả.,RISK,train,synthetic,
VNBL_04554,dạo này mấy hôm nay em bị một nhóm bạn đánh trong giờ ra chơi.,HIGH_RISK,train,synthetic,
VNBL_04555,Bạn Hà vô tình va vào con ở sân trường rồi xin lỗi....,SAFE,test,synthetic,
VNBL_04556,bé kể rằng một nhóm bạn thường xuyên đạp vào chân em dưới bàn.,HIGH_RISK,train,synthetic,
VNBL_04557,em nói bạn Minh đấm em vào người.,HIGH_RISK,test,synthetic,
VNBL_04558,con nói là em không muốn đi học vì sợ gặp nhóm bạn trong lớp.,RISK,train,synthetic,
VNBL_04559,dạo này em bị kéo tóc và xô ngã.,HIGH_RISK,train,synthetic,
VNBL_04560,tuần này con đi học bình thường và chơi với các bạn....,SAFE,train,synthetic,
VNBL_04561,Bạn Phúc vô tình va vào em trên xe đưa đón rồi xin lỗi.,SAFE,validation,synthetic,
VNBL_04562,Con nói là mấy bạn chặn đường em lúc tan học để đánh. ạ,HIGH_RISK,train,synthetic,
VNBL_04563,em nói có bạn thường xuyên nói xấu em với các bạn khác....,RISK,validation,synthetic,
VNBL_04564,"Em bị ngã lúc tan học khi đang chạy, không có ai xô em. (lần kể 2)",SAFE,train,synthetic,
VNBL_04565,"Em bị ngã lúc tan học khi đang chạy, không có ai xô con.",SAFE,validation,synthetic,
VNBL_04566,bạn Lan vô tình va vào em ở lớp rồi xin lỗi.,SAFE,test,synthetic,
VNBL_04567,"Em bị ngã ở sân trường khi đang chạy, không có ai xô bé. ạ",SAFE,train,synthetic,
VNBL_04568,"Bạn Linh nói câu đùa làm bé khó chịu, sau đó bạn đã xin lỗi. (lần kể 2)",SAFE,train,synthetic,
VNBL_04569,em nói bé thường bị lấy đồ ăn mà không được hỏi.,RISK,train,synthetic,
VNBL_04570,ngày nào họ cũng trêu em dù em đã bảo dừng.,RISK,train,synthetic,
VNBL_04571,em bị đau tay do chơi thể thao ở sân trường.,SAFE,train,synthetic,
VNBL_04572,Bé kể rằng bé bị đuổi ra khỏi nhóm chat của lớp.,RISK,train,synthetic,
VNBL_04573,bạn Mai vô tình va vào em trên xe đưa đón rồi xin lỗi.,SAFE,train,synthetic,
VNBL_04574,em với bạn An giành bóng khi chơi rồi tiếp tục chơi bình thường. (lần kể 2),SAFE,train,synthetic,
VNBL_04575,"Theo lời bé, có bạn dọa làm em bị thương nếu em không làm theo....",HIGH_RISK,train,synthetic,
VNBL_04576,Em nói bạn An ép em phải đưa mật khẩu tài khoản và dọa đánh.,HIGH_RISK,train,synthetic,
VNBL_04577,Dạo này bạn Vy nhắn tin xúc phạm bé liên tục.,RISK,train,synthetic,
VNBL_04578,Bạn Trang vô tình va vào em ngoài hành lang rồi xin lỗi. ạ,SAFE,test,synthetic,
VNBL_04579,Con nói là các bạn quay video lúc đánh con rồi gửi vào nhóm.,HIGH_RISK,train,synthetic,
VNBL_04580,"Theo lời bé, họ nói tan học đợi đấy rồi vây em ở cổng trường.",HIGH_RISK,train,synthetic,
VNBL_04581,Em nói hôm nay em bị một nhóm bạn đánh trong giờ ra chơi.,HIGH_RISK,train,synthetic,
VNBL_04582,"Bạn Mai nói câu đùa làm bé khó chịu, sau đó bạn đã xin lỗi. (lần kể 2)",SAFE,train,synthetic,
VNBL_04583,"Theo lời bé, bạn Khánh đấm em vào người.",HIGH_RISK,train,synthetic,
VNBL_04584,Bạn An vô tình va vào bé ở lớp rồi xin lỗi.,SAFE,train,synthetic,
VNBL_04585,bạn Minh đấm em vào người. ạ,HIGH_RISK,train,synthetic,
VNBL_04586,mỗi giờ ra chơi bé đi học bình thường và chơi với các bạn. ạ,SAFE,train,synthetic,
VNBL_04587,bé kể rằng bạn Nam dọa sẽ đánh em nếu em kể với cô. ạ,HIGH_RISK,validation,synthetic,
VNBL_04588,các bạn đá con khi em ngã xuống....,HIGH_RISK,train,synthetic,
VNBL_04589,Bạn Trang vô tình va vào con lúc tan học rồi xin lỗi.,SAFE,test,synthetic,
VNBL_04590,con nói là các bạn không cho em chơi cùng ngoài hành lang....,RISK,train,synthetic,
VNBL_04591,em nói mấy hôm nay em bị một nhóm bạn đánh ngoài hành lang. ạ,HIGH_RISK,train,synthetic,
VNBL_04592,"Bạn Nam nói câu đùa làm bé khó chịu, sau đó bạn đã xin lỗi.",SAFE,train,synthetic,
VNBL_04593,Dạo này bạn Minh lấy đồ của em rồi không chịu trả.,RISK,train,synthetic,
VNBL_04594,con nói là em bị tát nhiều lần lúc tan học.,HIGH_RISK,test,synthetic,
VNBL_04595,Con nói là em ko dám phát biểu vì các bạn hay cười nhạo.,RISK,test,synthetic,
VNBL_04596,Em nói bạn Khánh ép em phải đưa mật khẩu tài khoản và dọa đánh.,HIGH_RISK,test,synthetic,
VNBL_04597,em đọc một bài báo nói về bạo lực học đường.... (lần kể 2),SAFE,train,synthetic,
VNBL_04598,con nói là em bị chửi và xúc phạm trong giờ ra chơi.,RISK,test,synthetic,
VNBL_04599,Bé kể rằng em ko dám phát biểu vì các bạn hay cười nhạo.,RISK,train,synthetic,
VNBL_04600,Em và bạn Hà tranh luận một chút rồi đã làm hòa. ạ (lần kể 2),SAFE,train,synthetic,
VNBL_04601,Bạn Hà vô tình va vào em lúc tan học rồi xin lỗi.,SAFE,validation,synthetic,
VNBL_04602,em cảm thấy bị cô lập vì không ai trong nhóm chịu nói chuyện với em.,RISK,train,synthetic,
VNBL_04603,Bạn Lan vô tình va vào con lúc tan học rồi xin lỗi.,SAFE,test,synthetic,
VNBL_04604,Dạo này em bị chửi và xúc phạm ở sân trường. ạ,RISK,test,synthetic,
VNBL_04605,em nói các bạn đá con khi em ngã xuống.,HIGH_RISK,train,synthetic,
VNBL_04606,dạo này các bạn bắt em đưa tiền mỗi tuần.,HIGH_RISK,test,synthetic,
VNBL_04607,Bạn Trang vô tình va vào em ở lớp rồi xin lỗi....,SAFE,train,synthetic,
VNBL_04608,"Theo lời bé, ngày nào họ cũng trêu em dù em đã bảo dừng.",RISK,train,synthetic,
VNBL_04609,"Theo lời bé, bạn Lan ép em phải đưa mật khẩu tài khoản và dọa đánh....",HIGH_RISK,train,synthetic,
VNBL_04610,Cô giáo nhắc cả lớp ko được đánh nhau và phải tôn trọng nhau.... (lần kể 2),SAFE,train,synthetic,
VNBL_04611,cô giáo đang giải thích thế nào là hành vi cô lập bạn bè....,SAFE,test,synthetic,
VNBL_04612,Em nói có bạn bắt con làm bài hộ nếu ko sẽ nói xấu em.,RISK,validation,synthetic,
VNBL_04613,Em nói em bị chửi và xúc phạm lúc tan học. ạ,RISK,test,synthetic,
VNBL_04614,Bạn Vy mượn bút của em và đã trả lại. ạ,SAFE,train,synthetic,
VNBL_04615,"Bạn Mai nói câu đùa làm con khó chịu, sau đó bạn đã xin lỗi. ạ",SAFE,train,synthetic,
VNBL_04616,Dạo này em bị tát nhiều lần ở sân trường. ạ,HIGH_RISK,train,synthetic,
VNBL_04617,"Theo lời bé, họ nhốt em trong nhà vệ sinh và không cho ra....",HIGH_RISK,train,synthetic,
VNBL_04618,Dạo này các bạn ko cho con chơi cùng trong giờ ra chơi.,RISK,train,synthetic,
VNBL_04619,Con nói là bạn Khánh đấm em vào người.,HIGH_RISK,train,synthetic,
VNBL_04620,các bạn quay video lúc con khóc rồi gửi cho nhau.,RISK,test,synthetic,
VNBL_04621,Dạo này bạn Nam dọa sẽ đánh em nếu em kể với cô.,HIGH_RISK,train,synthetic,
VNBL_04622,Em nói em sợ giờ ra chơi vì các bạn hay vây quanh trêu chọc. ạ,RISK,test,synthetic,
VNBL_04623,Con nói là các bạn đá em khi em ngã xuống.,HIGH_RISK,train,synthetic,
VNBL_04624,Em ko muốn đến trường ngày mai vì chưa làm xong bài tập.,SAFE,train,synthetic,
VNBL_04625,"Theo lời bé, mỗi giờ ra chơi em bị một nhóm bạn đánh trong giờ ra chơi. ạ",HIGH_RISK,validation,synthetic,
VNBL_04626,bé kể rằng có bạn bắt con làm bài hộ nếu không sẽ nói xấu em.,RISK,train,synthetic,
VNBL_04627,"Theo lời bé, con bị tát nhiều lần trong giờ ra chơi.",HIGH_RISK,train,synthetic,
VNBL_04628,các bạn đá con khi em ngã xuống.,HIGH_RISK,train,synthetic,
VNBL_04629,Em nói bạn Minh đấm em vào người.,HIGH_RISK,train,synthetic,
VNBL_04630,em thường bị lấy đồ ăn mà không được hỏi. ạ,RISK,train,synthetic,
VNBL_04631,Bạn Phúc vô tình va vào em lúc tan học rồi xin lỗi....,SAFE,test,synthetic,
VNBL_04632,Con nói là em bị kéo tóc và xô ngã.,HIGH_RISK,train,synthetic,
VNBL_04633,con nói là các bạn bắt em đưa tiền mỗi tuần....,HIGH_RISK,train,synthetic,
VNBL_04634,lớp con xem video hướng dẫn cách báo với người lớn khi bị bắt nạt. (lần kể 2),SAFE,test,synthetic,
VNBL_04635,"Theo lời bé, các bạn quay video lúc đánh con rồi gửi vào nhóm.",HIGH_RISK,test,synthetic,
VNBL_04636,Dạo này bạn Huy nhắn tin xúc phạm con liên tục.,RISK,train,synthetic,
VNBL_04637,Bé kể rằng hôm nay các bạn cứ gọi em bằng biệt danh em không thích.,RISK,train,synthetic,
VNBL_04638,Dạo này bạn Linh lấy đồ của bé rồi không chịu trả.,RISK,train,synthetic,
VNBL_04639,Em nói hôm nay em bị một nhóm bạn đánh ở lớp.,HIGH_RISK,train,synthetic,
VNBL_04640,con nói là bạn Lan lấy đồ của em rồi ko chịu trả.,RISK,train,synthetic,
VNBL_04641,em bị đau tay do chơi thể thao trong giờ ra chơi.,SAFE,train,synthetic,
VNBL_04642,Bé kể rằng bạn An ép bé phải đưa mật khẩu tài khoản và dọa đánh.,HIGH_RISK,validation,synthetic,
VNBL_04643,con nói là các bạn đá em khi em ngã xuống. ạ,HIGH_RISK,train,synthetic,
VNBL_04644,Con nói là em thường bị lấy đồ ăn mà không được hỏi....,RISK,test,synthetic,
VNBL_04645,"Em và các bạn trêu nhau vui, khi em bảo dừng thì mọi người dừng lại. ạ (lần kể 2)",SAFE,train,synthetic,
VNBL_04646,dạo này họ nói tan học đợi đấy rồi vây con ở cổng trường.,HIGH_RISK,validation,synthetic,
VNBL_04647,Em nói có bạn thường xuyên nói xấu em với các bạn khác....,RISK,train,synthetic,
VNBL_04648,"Theo lời bé, bạn Phúc nhắn tin xúc phạm em liên tục.",RISK,train,synthetic,
VNBL_04649,Em không muốn đến trường ngày mai vì chưa làm xong bài tập. ạ (lần kể 2),SAFE,train,synthetic,
VNBL_04650,Bé kể rằng bạn Huy nhắn tin xúc phạm con liên tục.,RISK,validation,synthetic,
VNBL_04651,Con nói là hôm qua các bạn cứ gọi em bằng biệt danh em không thích.,RISK,train,synthetic,
VNBL_04652,Dạo này bạn Phúc lấy đồ của em rồi không chịu trả.,RISK,train,synthetic,
VNBL_04653,"theo lời bé, ngày nào họ cũng trêu con dù em đã bảo dừng.",RISK,train,synthetic,
VNBL_04654,Bé kể rằng bé có vết bầm vì bị bạn đánh ở lớp.,HIGH_RISK,train,synthetic,
VNBL_04655,con nói là em bị chặn ở cổng trường và cướp tiền.,HIGH_RISK,train,synthetic,
VNBL_04656,Em với bạn Minh giành bóng khi chơi rồi tiếp tục chơi bình thường....,SAFE,validation,synthetic,
VNBL_04657,con nói là con bị loại khỏi các hoạt động của nhóm nhiều lần.,RISK,train,synthetic,
VNBL_04658,con nói là bạn Minh ép em phải đưa mật khẩu tài khoản và dọa đánh.,HIGH_RISK,test,synthetic,
VNBL_04659,bạn Linh vô tình va vào em ngoài hành lang rồi xin lỗi.,SAFE,train,synthetic,
VNBL_04660,Bạn Phúc vô tình va vào bé ở lớp rồi xin lỗi.,SAFE,train,synthetic,
VNBL_04661,Bé kể rằng mấy bạn thường xuyên cười nhạo bé trước lớp. ạ,RISK,train,synthetic,
VNBL_04662,bé kể rằng em bị kéo tóc và xô ngã.,HIGH_RISK,test,synthetic,
VNBL_04663,em thường bị lấy đồ ăn mà ko được hỏi.,RISK,validation,synthetic,
VNBL_04664,Bạn Khánh vô tình va vào em trong giờ ra chơi rồi xin lỗi.,SAFE,train,synthetic,
VNBL_04665,bạn Phúc vô tình va vào em trên xe đưa đón rồi xin lỗi. (lần kể 2),SAFE,train,synthetic,
VNBL_04666,bạn Minh vô tình va vào em trong giờ ra chơi rồi xin lỗi....,SAFE,train,synthetic,
VNBL_04667,Con nói là mấy bạn thường xuyên cười nhạo em trước lớp. ạ,RISK,train,synthetic,
VNBL_04668,em bị đau tay do chơi thể thao trên xe đưa đón.,SAFE,train,synthetic,
VNBL_04669,Con nói là bạn Phúc đấm em vào người.,HIGH_RISK,train,synthetic,
VNBL_04670,hôm qua con đi học bình thường và chơi với các bạn.,SAFE,test,synthetic,
VNBL_04671,Con nói là con thường bị xô vai và chọc ghẹo khi đi qua hành lang....,RISK,train,synthetic,
VNBL_04672,Dạo này họ nhốt em trong nhà vệ sinh và không cho ra....,HIGH_RISK,validation,synthetic,
VNBL_04673,Em nói có bạn bóp cổ em trong giờ ra chơi.,HIGH_RISK,validation,synthetic,
VNBL_04674,Bé kể rằng các bạn không cho em chơi cùng trong giờ ra chơi....,RISK,validation,synthetic,
VNBL_04675,Bé kể rằng hôm nay các bạn cứ gọi con bằng biệt danh em không thích.,RISK,test,synthetic,
VNBL_04676,dạo này mấy bạn chặn đường con lúc tan học để đánh.,HIGH_RISK,test,synthetic,
VNBL_04677,Bạn Linh vô tình va vào em trong giờ ra chơi rồi xin lỗi. ạ,SAFE,train,synthetic,
VNBL_04678,"Theo lời bé, bé bị xô xuống cầu thang nhưng may em bám được tay vịn.",HIGH_RISK,validation,synthetic,
VNBL_04679,Dạo này bé có vết bầm vì bị bạn đánh ở lớp.,HIGH_RISK,train,synthetic,
VNBL_04680,Con nói là em bị giấu cặp sách và đồ dùng học tập. ạ,RISK,train,synthetic,
VNBL_04681,Con nói là bạn An ép em phải đưa mật khẩu tài khoản và dọa đánh. ạ,HIGH_RISK,test,synthetic,
VNBL_04682,Lớp con xem video hướng dẫn cách báo với người lớn khi bị bắt nạt....,SAFE,train,synthetic,
VNBL_04683,bé kể rằng em ko muốn đi học vì sợ gặp nhóm bạn trong lớp.,RISK,train,synthetic,
VNBL_04684,Bé kể rằng bạn Trang ép em phải đưa mật khẩu tài khoản và dọa đánh.,HIGH_RISK,train,synthetic,
VNBL_04685,"theo lời bé, có bạn bắt em làm bài hộ nếu ko sẽ nói xấu em.",RISK,train,synthetic,
VNBL_04686,Em nói tuần này các bạn cứ gọi con bằng biệt danh em không thích.,RISK,train,synthetic,
VNBL_04687,Em với bạn An giành bóng khi chơi rồi tiếp tục chơi bình thường.... (lần kể 2),SAFE,test,synthetic,
VNBL_04688,Dạo này em bị chửi và xúc phạm trong giờ ra chơi....,RISK,validation,synthetic,
VNBL_04689,dạo này bạn Lan nhắn tin xúc phạm em liên tục.,RISK,test,synthetic,
VNBL_04690,"Theo lời bé, bé bị loại khỏi các hoạt động của nhóm nhiều lần....",RISK,train,synthetic,
VNBL_04691,Bạn Mai vô tình va vào bé lúc tan học rồi xin lỗi.,SAFE,validation,synthetic,
VNBL_04692,"Theo lời bé, bạn Khánh lấy đồ của bé rồi không chịu trả.",RISK,test,synthetic,
VNBL_04693,Em nói có bạn thường xuyên nói xấu con với các bạn khác.,RISK,train,synthetic,
VNBL_04694,Em không thích tiết thể dục nhưng vẫn đi học bình thường. (lần kể 2),SAFE,train,synthetic,
VNBL_04695,Dạo này họ nói tan học đợi đấy rồi vây em ở cổng trường. ạ,HIGH_RISK,train,synthetic,
VNBL_04696,Em và bạn Minh tranh luận một chút rồi đã làm hòa. ạ,SAFE,train,synthetic,
VNBL_04697,Con nói là các bạn không cho em chơi cùng ngoài hành lang. ạ,RISK,train,synthetic,
VNBL_04698,em với bạn Khánh giành bóng khi chơi rồi tiếp tục chơi bình thường. ạ,SAFE,train,synthetic,
VNBL_04699,Con nói là các bạn cố tình làm hỏng đồ dùng của bé....,RISK,train,synthetic,
VNBL_04700,Em bị đau tay do chơi thể thao ở lớp. ạ,SAFE,train,synthetic,
VNBL_04701,hôm nay con làm rơi hộp bút và bạn đã nhặt giúp.,SAFE,train,synthetic,
VNBL_04702,"Bạn Hà nói câu đùa làm em khó chịu, sau đó bạn đã xin lỗi. ạ",SAFE,train,synthetic,
VNBL_04703,Con nói là bạn Lan nhắn tin xúc phạm em liên tục. ạ,RISK,train,synthetic,
VNBL_04704,dạo này em không dám kể với cô vì sợ bị các bạn ghét hơn.,RISK,train,synthetic,
VNBL_04705,"Bạn Huy nói câu đùa làm em khó chịu, sau đó bạn đã xin lỗi....",SAFE,train,synthetic,
VNBL_04706,Bạn Vy vô tình va vào em ở lớp rồi xin lỗi.,SAFE,train,synthetic,
VNBL_04707,dạo này em bị chặn ở cổng trường và cướp tiền.,HIGH_RISK,validation,synthetic,
VNBL_04708,Dạo này gần đây em bị một nhóm bạn đánh ngoài hành lang....,HIGH_RISK,train,synthetic,
VNBL_04709,"Theo lời bé, có bạn dọa làm em bị thương nếu em ko làm theo.",HIGH_RISK,train,synthetic,
VNBL_04710,Em nghỉ học hôm nay vì gia đình có việc. (lần kể 2),SAFE,train,synthetic,
VNBL_04711,Em nói bạn An nhắn tin xúc phạm em liên tục. ạ,RISK,train,synthetic,
VNBL_04712,Con nói là các bạn chế ảnh của con rồi gửi vào nhóm lớp.,RISK,train,synthetic,
VNBL_04713,Bé kể rằng các bạn quay video lúc đánh bé rồi gửi vào nhóm.,HIGH_RISK,train,synthetic,
VNBL_04714,bạn An vô tình va vào em ở lớp rồi xin lỗi....,SAFE,train,synthetic,
VNBL_04715,Bé kể rằng mỗi giờ ra chơi bé bị một nhóm bạn đánh trên xe đưa đón.,HIGH_RISK,train,synthetic,
VNBL_04716,Bạn Huy mượn bút của em và đã trả lại. (lần kể 2),SAFE,test,synthetic,
VNBL_04717,dạo này bạn Nam dọa sẽ đánh em nếu em kể với cô.,HIGH_RISK,train,synthetic,
VNBL_04718,"theo lời bé, em bị ép đưa đồ ăn và tiền cho các bạn.",HIGH_RISK,test,synthetic,
VNBL_04719,Bạn Minh mượn bút của bé và đã trả lại. (lần kể 2),SAFE,validation,synthetic,
VNBL_04720,Con nói là em bị ép làm việc em không muốn và bị đe dọa nếu từ chối....,HIGH_RISK,train,synthetic,
VNBL_04721,Dạo này bé bị ép làm việc em không muốn và bị đe dọa nếu từ chối.,HIGH_RISK,train,synthetic,
VNBL_04722,dạo này bạn Nam ép em phải đưa mật khẩu tài khoản và dọa đánh.,HIGH_RISK,train,synthetic,
VNBL_04723,bạn Nam lấy đồ của bé rồi không chịu trả.,RISK,validation,synthetic,
VNBL_04724,Con nói là em bị chửi và xúc phạm ở sân trường....,RISK,train,synthetic,
VNBL_04725,Em nói hôm nay các bạn cứ gọi con bằng biệt danh em không thích.,RISK,train,synthetic,
VNBL_04726,dạo này bạn Minh ép em phải đưa mật khẩu tài khoản và dọa đánh.,HIGH_RISK,validation,synthetic,
VNBL_04727,Con nói là em bị chửi và xúc phạm lúc tan học.,RISK,train,synthetic,
VNBL_04728,"Theo lời bé, bạn Nam ép em phải đưa mật khẩu tài khoản và dọa đánh.",HIGH_RISK,validation,synthetic,
VNBL_04729,Dạo này bé bị kéo tóc và xô ngã.,HIGH_RISK,train,synthetic,
VNBL_04730,"bạn Huy nói câu đùa làm em khó chịu, sau đó bạn đã xin lỗi. ạ",SAFE,train,synthetic,
VNBL_04731,"Theo lời bé, có bạn bóp cổ con trong giờ ra chơi.",HIGH_RISK,validation,synthetic,
VNBL_04732,Bạn Huy vô tình va vào em ở lớp rồi xin lỗi. (lần kể 2),SAFE,train,synthetic,
VNBL_04733,Em nói bé bị ép đưa đồ ăn và tiền cho các bạn.,HIGH_RISK,test,synthetic,
VNBL_04734,Bạn Trang vô tình va vào em trong giờ ra chơi rồi xin lỗi. ạ,SAFE,train,synthetic,
VNBL_04735,Bé kể rằng bé bị loại khỏi các hoạt động của nhóm nhiều lần. ạ,RISK,train,synthetic,
VNBL_04736,"bạn Linh nói câu đùa làm em khó chịu, sau đó bạn đã xin lỗi....",SAFE,train,synthetic,
VNBL_04737,em nói bạn Khánh nhắn tin xúc phạm em liên tục.,RISK,train,synthetic,
VNBL_04738,con nói là các bạn quay video lúc đánh bé rồi gửi vào nhóm.,HIGH_RISK,train,synthetic,
VNBL_04739,Bé kể rằng các bạn bắt bé đưa tiền mỗi tuần.,HIGH_RISK,train,synthetic,
VNBL_04740,"Theo lời bé, có người đăng bài bêu xấu em trên mạng....",RISK,train,synthetic,
VNBL_04741,Em nói có bạn dọa làm con bị thương nếu em không làm theo.,HIGH_RISK,validation,synthetic,
VNBL_04742,Bé kể rằng bạn Khánh lấy đồ của em rồi không chịu trả....,RISK,test,synthetic,
VNBL_04743,em với bạn Minh giành bóng khi chơi rồi tiếp tục chơi bình thường....,SAFE,test,synthetic,
VNBL_04744,Bạn Huy vô tình va vào em lúc tan học rồi xin lỗi....,SAFE,validation,synthetic,
VNBL_04745,bé kể rằng bạn Hà nhắn tin xúc phạm con liên tục.,RISK,train,synthetic,
VNBL_04746,em với bạn Nam giành bóng khi chơi rồi tiếp tục chơi bình thường. ạ,SAFE,train,synthetic,
VNBL_04747,Con nói là bé sợ giờ ra chơi vì các bạn hay vây quanh trêu chọc.,RISK,train,synthetic,
VNBL_04748,em bị chửi và xúc phạm lúc tan học....,RISK,validation,synthetic,
VNBL_04749,tuần này em bị một nhóm bạn đánh ở sân trường.,HIGH_RISK,train,synthetic,
VNBL_04750,Dạo này cả nhóm cố tình không cho bé ngồi cùng....,RISK,train,synthetic,
VNBL_04751,dạo này các bạn không cho bé chơi cùng ngoài hành lang.,RISK,train,synthetic,
VNBL_04752,Bạn Phúc vô tình va vào bé lúc tan học rồi xin lỗi.,SAFE,train,synthetic,
VNBL_04753,Em với bạn An giành bóng khi chơi rồi tiếp tục chơi bình thường....,SAFE,train,synthetic,
VNBL_04754,dạo này tuần này em bị một nhóm bạn đánh ngoài hành lang.,HIGH_RISK,train,synthetic,
VNBL_04755,Dạo này em thường bị lấy đồ ăn mà ko được hỏi.,RISK,train,synthetic,
VNBL_04756,Bé kể rằng em bị tát nhiều lần ở lớp.,HIGH_RISK,train,synthetic,
VNBL_04757,Bạn Linh vô tình va vào em trên xe đưa đón rồi xin lỗi. (lần kể 2),SAFE,train,synthetic,
VNBL_04758,Em nói hôm qua các bạn cứ gọi em bằng biệt danh em không thích.,RISK,train,synthetic,
VNBL_04759,Bé kể rằng các bạn không cho em chơi cùng ở lớp.,RISK,train,synthetic,
VNBL_04760,dạo này bé không muốn đi học vì sợ gặp nhóm bạn trong lớp.,RISK,validation,synthetic,
VNBL_04761,bé kể rằng em bị chửi và xúc phạm trong giờ ra chơi.,RISK,train,synthetic,
VNBL_04762,"Em bị ngã ở sân trường khi đang chạy, ko có ai xô em.... (lần kể 2)",SAFE,train,synthetic,
VNBL_04763,em bị đau tay do chơi thể thao trong giờ ra chơi.... (lần kể 2),SAFE,train,synthetic,
VNBL_04764,dạo này em có vết bầm vì bị bạn đánh ở lớp.,HIGH_RISK,train,synthetic,
VNBL_04765,"theo lời bé, em có vết bầm vì bị bạn đánh lúc tan học.",HIGH_RISK,validation,synthetic,
VNBL_04766,Dạo này em bị đánh nhiều lần trong tuần này....,HIGH_RISK,train,synthetic,
VNBL_04767,Con nói là em bị chặn ở cổng trường và cướp tiền....,HIGH_RISK,test,synthetic,
VNBL_04768,Dạo này em bị tát nhiều lần trên xe đưa đón....,HIGH_RISK,train,synthetic,
VNBL_04769,bé kể rằng em bị giấu cặp sách và đồ dùng học tập.,RISK,train,synthetic,
VNBL_04770,Dạo này em bị tát nhiều lần trong giờ ra chơi.,HIGH_RISK,train,synthetic,
VNBL_04771,Em không thích tiết thể dục nhưng vẫn đi học bình thường.,SAFE,validation,synthetic,
VNBL_04772,bạn Khánh vô tình va vào em lúc tan học rồi xin lỗi.,SAFE,train,synthetic,
VNBL_04773,bạn Vy vô tình va vào em lúc tan học rồi xin lỗi. (lần kể 2),SAFE,train,synthetic,
VNBL_04774,Bé kể rằng bạn Minh ép em phải đưa mật khẩu tài khoản và dọa đánh.,HIGH_RISK,test,synthetic,
VNBL_04775,"Theo lời bé, con sợ giờ ra chơi vì các bạn hay vây quanh trêu chọc.",RISK,validation,synthetic,
VNBL_04776,Con nói là bạn Hà nhắn tin xúc phạm con liên tục.,RISK,train,synthetic,
VNBL_04777,bạn Nam mượn bút của con và đã trả lại.,SAFE,train,synthetic,
VNBL_04778,"Theo lời bé, bạn Mai lấy đồ của con rồi không chịu trả.",RISK,train,synthetic,
VNBL_04779,bạn Phúc vô tình va vào bé ở sân trường rồi xin lỗi.,SAFE,train,synthetic,
VNBL_04780,Con nói là con không dám phát biểu vì các bạn hay cười nhạo.,RISK,train,synthetic,
VNBL_04781,em nói em bị giấu cặp sách và đồ dùng học tập....,RISK,test,synthetic,
VNBL_04782,Con nói là bạn Nam dọa sẽ đánh em nếu em kể với cô. ạ,HIGH_RISK,train,synthetic,
VNBL_04783,Bạn Mai mượn bút của em và đã trả lại.,SAFE,train,synthetic,
VNBL_04784,con nói là bạn Khánh nhắn tin xúc phạm em liên tục.,RISK,validation,synthetic,
VNBL_04785,tuần này các bạn cứ gọi bé bằng biệt danh em không thích.,RISK,validation,synthetic,
VNBL_04786,con nói là bạn Phúc đấm em vào người.,HIGH_RISK,validation,synthetic,
VNBL_04787,có bạn dọa làm em bị thương nếu em không làm theo. ạ,HIGH_RISK,train,synthetic,
VNBL_04788,"Bạn Mai nói câu đùa làm bé khó chịu, sau đó bạn đã xin lỗi....",SAFE,train,synthetic,
VNBL_04789,họ nhốt em trong nhà vệ sinh và ko cho ra.,HIGH_RISK,train,synthetic,
VNBL_04790,"em bị ngã trên xe đưa đón khi đang chạy, không có ai xô em. ạ",SAFE,train,synthetic,
VNBL_04791,"em bị ngã trên xe đưa đón khi đang chạy, ko có ai xô em. (lần kể 2)",SAFE,test,synthetic,
VNBL_04792,"Theo lời bé, bạn Minh lấy đồ của em rồi ko chịu trả.",RISK,train,synthetic,
VNBL_04793,Cô giáo đang giải thích thế nào là hành vi cô lập bạn bè....,SAFE,test,synthetic,
VNBL_04794,con nói là em không dám phát biểu vì các bạn hay cười nhạo....,RISK,train,synthetic,
VNBL_04795,Dạo này bạn Minh dọa sẽ đánh em nếu em kể với cô....,HIGH_RISK,train,synthetic,
VNBL_04796,Bạn Minh vô tình va vào em lúc tan học rồi xin lỗi....,SAFE,train,synthetic,
VNBL_04797,bạn Nam đấm em vào người.,HIGH_RISK,test,synthetic,
VNBL_04798,em ko muốn đến trường ngày mai vì chưa làm xong bài tập.,SAFE,train,synthetic,
VNBL_04799,Bạn Lan vô tình va vào con ngoài hành lang rồi xin lỗi.,SAFE,train,synthetic,
VNBL_04800,Bạn Khánh mượn bút của em và đã trả lại....,SAFE,train,synthetic,
VNBL_04801,Bạn Lan vô tình va vào con ở sân trường rồi xin lỗi.,SAFE,test,synthetic,
VNBL_04802,bé kể rằng bé sợ giờ ra chơi vì các bạn hay vây quanh trêu chọc.,RISK,train,synthetic,
VNBL_04803,Em nói bạn Lan dọa sẽ đánh em nếu em kể với cô.,HIGH_RISK,test,synthetic,
VNBL_04804,Em thấy hai bạn khác cãi nhau nhưng em không liên quan. (lần kể 2),SAFE,test,synthetic,
VNBL_04805,các bạn bắt em đưa tiền mỗi tuần....,HIGH_RISK,train,synthetic,
VNBL_04806,em với bạn Linh giành bóng khi chơi rồi tiếp tục chơi bình thường. ạ,SAFE,train,synthetic,
VNBL_04807,dạo này em bị xô xuống cầu thang nhưng may em bám được tay vịn.,HIGH_RISK,train,synthetic,
VNBL_04808,Em và bạn Mai tranh luận một chút rồi đã làm hòa. ạ,SAFE,train,synthetic,
VNBL_04809,dạo này bạn An nhắn tin xúc phạm em liên tục.,RISK,test,synthetic,
VNBL_04810,Bé kể rằng em không dám phát biểu vì các bạn hay cười nhạo....,RISK,train,synthetic,
VNBL_04811,bạn Lan lấy đồ của em rồi không chịu trả.,RISK,train,synthetic,
VNBL_04812,"Theo lời bé, mỗi giờ ra chơi em bị một nhóm bạn đánh ở sân trường.",HIGH_RISK,train,synthetic,
VNBL_04813,Bạn Khánh vô tình va vào bé trên xe đưa đón rồi xin lỗi.,SAFE,train,synthetic,
VNBL_04814,em nói em có vết bầm vì bị bạn đánh lúc tan học.,HIGH_RISK,test,synthetic,
VNBL_04815,bạn Hà mượn bút của bé và đã trả lại. ạ,SAFE,test,synthetic,
VNBL_04816,Bé kể rằng mấy hôm nay các bạn cứ gọi em bằng biệt danh em ko thích....,RISK,train,synthetic,
VNBL_04817,Con nói là bạn Khánh lấy đồ của em rồi không chịu trả....,RISK,test,synthetic,
VNBL_04818,dạo này em bị tát nhiều lần lúc tan học.,HIGH_RISK,validation,synthetic,
VNBL_04819,con nói là các bạn đá bé khi em ngã xuống.,HIGH_RISK,train,synthetic,
VNBL_04820,Bé kể rằng bạn Khánh đấm em vào người. ạ,HIGH_RISK,validation,synthetic,
VNBL_04821,Bé kể rằng hôm nay các bạn cứ gọi bé bằng biệt danh em không thích.,RISK,train,synthetic,
VNBL_04822,Bạn Mai vô tình va vào con lúc tan học rồi xin lỗi.,SAFE,validation,synthetic,
VNBL_04823,Bạn Phúc vô tình va vào bé trên xe đưa đón rồi xin lỗi.,SAFE,train,synthetic,
VNBL_04824,Bạn Huy vô tình va vào em ở sân trường rồi xin lỗi. (lần kể 2),SAFE,test,synthetic,
VNBL_04825,Bé kể rằng em sợ giờ ra chơi vì các bạn hay vây quanh trêu chọc. ạ,RISK,test,synthetic,
VNBL_04826,Con nói là em bị chửi và xúc phạm lúc tan học....,RISK,train,synthetic,
VNBL_04827,Em nói có bạn dọa làm con bị thương nếu em không làm theo....,HIGH_RISK,train,synthetic,
VNBL_04828,Con nói là bạn Linh dọa sẽ đánh em nếu em kể với cô.,HIGH_RISK,train,synthetic,
VNBL_04829,"theo lời bé, em bị đuổi ra khỏi nhóm chat của lớp. ạ",RISK,validation,synthetic,
VNBL_04830,Hôm nay lớp em học về chủ đề phòng chống bắt nạt học đường. ạ,SAFE,train,synthetic,
VNBL_04831,"bạn Linh nói câu đùa làm em khó chịu, sau đó bạn đã xin lỗi. (lần kể 2)",SAFE,train,synthetic,
VNBL_04832,bạn Phúc vô tình va vào em ở lớp rồi xin lỗi.,SAFE,train,synthetic,
VNBL_04833,hôm nay các bạn cứ gọi em bằng biệt danh em không thích....,RISK,train,synthetic,
VNBL_04834,dạo này bạn Mai dọa sẽ đánh em nếu em kể với cô.,HIGH_RISK,test,synthetic,
VNBL_04835,em bị giấu cặp sách và đồ dùng học tập. ạ,RISK,train,synthetic,
VNBL_04836,Con nói là bạn Hà nhắn tin xúc phạm bé liên tục.,RISK,train,synthetic,
VNBL_04837,bạn Huy mượn bút của em và đã trả lại. ạ,SAFE,train,synthetic,
VNBL_04838,Bạn Vy vô tình va vào con lúc tan học rồi xin lỗi.,SAFE,train,synthetic,
VNBL_04839,Dạo này mấy hôm nay em bị một nhóm bạn đánh ngoài hành lang.,HIGH_RISK,train,synthetic,
VNBL_04840,Em nói bạn Linh đấm em vào người.,HIGH_RISK,validation,synthetic,
VNBL_04841,bạn Lan đấm em vào người....,HIGH_RISK,train,synthetic,
VNBL_04842,Con nói là mấy hôm nay em bị một nhóm bạn đánh trên xe đưa đón....,HIGH_RISK,train,synthetic,
VNBL_04843,Con nói là em bị giữ tay để một bạn khác đánh.,HIGH_RISK,train,synthetic,
VNBL_04844,Dạo này một nhóm bạn lấy tiền của con và dọa không được nói với bố mẹ.,HIGH_RISK,train,synthetic,
VNBL_04845,Con nói là các bạn cố tình làm hỏng đồ dùng của bé.,RISK,validation,synthetic,
VNBL_04846,"theo lời bé, bé thường bị lấy đồ ăn mà không được hỏi.",RISK,train,synthetic,
VNBL_04847,bé thường bị lấy đồ ăn mà không được hỏi.,RISK,train,synthetic,
VNBL_04848,Bạn Nam vô tình va vào em lúc tan học rồi xin lỗi. ạ,SAFE,train,synthetic,
VNBL_04849,hôm qua các bạn cứ gọi em bằng biệt danh em không thích. ạ,RISK,train,synthetic,
VNBL_04850,Em nói bạn Khánh dọa sẽ đánh em nếu em kể với cô.,HIGH_RISK,train,synthetic,
VNBL_04851,"em bị ngã ở sân trường khi đang chạy, không có ai xô em.",SAFE,train,synthetic,
VNBL_04852,em bị ép đưa đồ ăn và tiền cho các bạn....,HIGH_RISK,validation,synthetic,
VNBL_04853,Dạo này em sợ giờ ra chơi vì các bạn hay vây quanh trêu chọc.,RISK,validation,synthetic,
VNBL_04854,Dạo này em bị chửi và xúc phạm ở sân trường.,RISK,train,synthetic,
VNBL_04855,Em và bạn Minh tranh luận một chút rồi đã làm hòa.... (lần kể 2),SAFE,train,synthetic,
VNBL_04856,em nói em bị ép đưa đồ ăn và tiền cho các bạn. ạ,HIGH_RISK,train,synthetic,
VNBL_04857,Em muốn chuyển chỗ ngồi vì gần cửa sổ bị nắng. (lần kể 2),SAFE,train,synthetic,
VNBL_04858,bạn Lan mượn bút của bé và đã trả lại.,SAFE,validation,synthetic,
VNBL_04859,hôm nay bé đi học bình thường và chơi với các bạn. (lần kể 2),SAFE,train,synthetic,
VNBL_04860,Em nói mấy bạn ném đồ cứng vào con và cười.,HIGH_RISK,validation,synthetic,
VNBL_04861,bạn Khánh vô tình va vào bé trên xe đưa đón rồi xin lỗi.,SAFE,train,synthetic,
VNBL_04862,bạn Khánh ép em phải đưa mật khẩu tài khoản và dọa đánh.,HIGH_RISK,train,synthetic,
VNBL_04863,"Theo lời bé, tuần này em bị một nhóm bạn đánh trên xe đưa đón.",HIGH_RISK,train,synthetic,
VNBL_04864,con nói là con bị đuổi ra khỏi nhóm chat của lớp.,RISK,train,synthetic,
VNBL_04865,bạn Huy vô tình va vào em trên xe đưa đón rồi xin lỗi.,SAFE,test,synthetic,
VNBL_04866,Em và bạn Linh tranh luận một chút rồi đã làm hòa.,SAFE,test,synthetic,
VNBL_04867,Bé kể rằng bạn Trang đấm em vào người.,HIGH_RISK,validation,synthetic,
VNBL_04868,"Theo lời bé, hôm qua các bạn cứ gọi em bằng biệt danh em ko thích.",RISK,train,synthetic,
VNBL_04869,em và bạn Hà tranh luận một chút rồi đã làm hòa....,SAFE,train,synthetic,
VNBL_04870,Bé kể rằng hôm qua em bị một nhóm bạn đánh ở lớp.,HIGH_RISK,train,synthetic,
VNBL_04871,Bạn Hà vô tình va vào con ngoài hành lang rồi xin lỗi.,SAFE,train,synthetic,
VNBL_04872,bé kể rằng có bạn thường xuyên nói xấu em với các bạn khác.,RISK,validation,synthetic,
VNBL_04873,bạn Linh lấy đồ của em rồi không chịu trả.,RISK,train,synthetic,
VNBL_04874,con nói là bạn Trang ép bé phải đưa mật khẩu tài khoản và dọa đánh.,HIGH_RISK,train,synthetic,
VNBL_04875,Em muốn chuyển chỗ ngồi vì gần cửa sổ bị nắng. ạ,SAFE,train,synthetic,
VNBL_04876,Bé kể rằng hôm nay em bị một nhóm bạn đánh ở sân trường. ạ,HIGH_RISK,train,synthetic,
VNBL_04877,"Theo lời bé, em có vết bầm vì bị bạn đánh ở sân trường.",HIGH_RISK,train,synthetic,
VNBL_04878,Bé kể rằng con có vết bầm vì bị bạn đánh trong giờ ra chơi.,HIGH_RISK,train,synthetic,
VNBL_04879,"theo lời bé, mấy bạn thường xuyên cười nhạo em trước lớp.",RISK,train,synthetic,
VNBL_04880,"bạn Minh nói câu đùa làm bé khó chịu, sau đó bạn đã xin lỗi.",SAFE,train,synthetic,
VNBL_04881,Dạo này em bị chửi và xúc phạm lúc tan học. ạ,RISK,test,synthetic,
VNBL_04882,Em nói một nhóm bạn thường xuyên đạp vào chân bé dưới bàn. ạ,HIGH_RISK,validation,synthetic,
VNBL_04883,Bé kể rằng có bạn dọa làm con bị thương nếu em không làm theo.,HIGH_RISK,test,synthetic,
VNBL_04884,con nói là có người đăng bài bêu xấu bé trên mạng.,RISK,train,synthetic,
VNBL_04885,"Theo lời bé, có bạn thường xuyên nói xấu em với các bạn khác. ạ",RISK,train,synthetic,
VNBL_04886,Em nói bạn Phúc nhắn tin xúc phạm em liên tục.,RISK,train,synthetic,
VNBL_04887,Bạn Lan mượn bút của con và đã trả lại. (lần kể 2),SAFE,test,synthetic,
VNBL_04888,bạn Minh lấy đồ của em rồi không chịu trả.,RISK,validation,synthetic,
VNBL_04889,bé kể rằng họ nói tan học đợi đấy rồi vây em ở cổng trường.,HIGH_RISK,train,synthetic,
VNBL_04890,các bạn không cho em chơi cùng trên xe đưa đón. ạ,RISK,train,synthetic,
VNBL_04891,em nói có bạn bóp cổ em trong giờ ra chơi. ạ,HIGH_RISK,train,synthetic,
VNBL_04892,Bé kể rằng hôm qua em bị một nhóm bạn đánh ngoài hành lang.,HIGH_RISK,train,synthetic,
VNBL_04893,tuần này em đi học bình thường và chơi với các bạn.,SAFE,train,synthetic,
VNBL_04894,"Theo lời bé, bạn Lan ép bé phải đưa mật khẩu tài khoản và dọa đánh.",HIGH_RISK,train,synthetic,
VNBL_04895,em nói em bị giữ tay để một bạn khác đánh. ạ,HIGH_RISK,test,synthetic,
VNBL_04896,Bạn Huy vô tình va vào em trong giờ ra chơi rồi xin lỗi....,SAFE,train,synthetic,
VNBL_04897,"theo lời bé, gần đây các bạn cứ gọi em bằng biệt danh em không thích.",RISK,train,synthetic,
VNBL_04898,bé kể rằng các bạn chế ảnh của bé rồi gửi vào nhóm lớp.,RISK,train,synthetic,
VNBL_04899,Bạn Hà vô tình va vào bé lúc tan học rồi xin lỗi.,SAFE,validation,synthetic,
VNBL_04900,Em và bạn Nam tranh luận một chút rồi đã làm hòa.... (lần kể 2),SAFE,validation,synthetic,
VNBL_04901,có bạn bắt con làm bài hộ nếu không sẽ nói xấu em.,RISK,validation,synthetic,
VNBL_04902,"Bạn Minh nói câu đùa làm bé khó chịu, sau đó bạn đã xin lỗi.",SAFE,train,synthetic,
VNBL_04903,Bạn Minh vô tình va vào con ở lớp rồi xin lỗi.,SAFE,test,synthetic,
VNBL_04904,bé kể rằng bạn Trang dọa sẽ đánh em nếu em kể với cô.,HIGH_RISK,train,synthetic,
VNBL_04905,em nói các bạn không cho em chơi cùng lúc tan học. ạ,RISK,train,synthetic,
VNBL_04906,bạn An vô tình va vào em ở sân trường rồi xin lỗi....,SAFE,train,synthetic,
VNBL_04907,Con nói là hôm nay em bị một nhóm bạn đánh trong giờ ra chơi.,HIGH_RISK,validation,synthetic,
VNBL_04908,các bạn quay video lúc đánh em rồi gửi vào nhóm.,HIGH_RISK,train,synthetic,
VNBL_04909,Dạo này em cảm thấy bị cô lập vì ko ai trong nhóm chịu nói chuyện với em.,RISK,train,synthetic,
VNBL_04910,Bạn Khánh vô tình va vào em ở sân trường rồi xin lỗi. ạ,SAFE,train,synthetic,
VNBL_04911,có người đăng bài bêu xấu con trên mạng.,RISK,train,synthetic,
VNBL_04912,"Bạn Huy nói câu đùa làm con khó chịu, sau đó bạn đã xin lỗi.",SAFE,train,synthetic,
VNBL_04913,Dạo này gần đây em bị một nhóm bạn đánh trong giờ ra chơi.,HIGH_RISK,train,synthetic,
VNBL_04914,Bé kể rằng bạn Linh dọa sẽ đánh em nếu em kể với cô....,HIGH_RISK,test,synthetic,
VNBL_04915,Con nói là bé bị tát nhiều lần ở sân trường.,HIGH_RISK,validation,synthetic,
VNBL_04916,bạn Hà lấy đồ của em rồi không chịu trả.,RISK,train,synthetic,
VNBL_04917,bạn Phúc mượn bút của con và đã trả lại.,SAFE,validation,synthetic,
VNBL_04918,"Theo lời bé, bạn Phúc đấm em vào người.",HIGH_RISK,test,synthetic,
VNBL_04919,Con nói là em có vết bầm vì bị bạn đánh trên xe đưa đón.,HIGH_RISK,validation,synthetic,
VNBL_04920,Em bị đau tay do chơi thể thao lúc tan học.... (lần kể 2),SAFE,train,synthetic,
VNBL_04921,em muốn chuyển chỗ ngồi vì gần cửa sổ bị nắng.,SAFE,train,synthetic,
VNBL_04922,"Theo lời bé, bạn Hà nhắn tin xúc phạm em liên tục.",RISK,validation,synthetic,
VNBL_04923,"Theo lời bé, các bạn đá bé khi em ngã xuống.",HIGH_RISK,train,synthetic,
VNBL_04924,"theo lời bé, một số bạn tung tin sai về bé trong lớp.",RISK,train,synthetic,
VNBL_04925,Con nói là bé thường bị xô vai và chọc ghẹo khi đi qua hành lang.,RISK,train,synthetic,
VNBL_04926,bạn Huy vô tình va vào con ở lớp rồi xin lỗi.,SAFE,train,synthetic,
VNBL_04927,Em nói em bị chửi và xúc phạm trong giờ ra chơi.,RISK,train,synthetic,
VNBL_04928,Con nói là mỗi giờ ra chơi con bị một nhóm bạn đánh ở lớp.,HIGH_RISK,train,synthetic,
VNBL_04929,"Theo lời bé, có bạn bóp cổ em trong giờ ra chơi. ạ",HIGH_RISK,test,synthetic,
VNBL_04930,Em nói các bạn không cho em chơi cùng ở lớp.,RISK,validation,synthetic,
VNBL_04931,Dạo này con bị ép đưa đồ ăn và tiền cho các bạn.,HIGH_RISK,train,synthetic,
VNBL_04932,Con nói là mỗi giờ ra chơi các bạn cứ gọi em bằng biệt danh em không thích.,RISK,train,synthetic,
VNBL_04933,"Theo lời bé, bạn An đấm em vào người.",HIGH_RISK,train,synthetic,
VNBL_04934,Bạn Hà mượn bút của con và đã trả lại.,SAFE,test,synthetic,
VNBL_04935,em với bạn Hà giành bóng khi chơi rồi tiếp tục chơi bình thường. (lần kể 2),SAFE,validation,synthetic,
VNBL_04936,Con nói là con bị chặn ở cổng trường và cướp tiền.,HIGH_RISK,train,synthetic,
VNBL_04937,bé kể rằng bạn Huy ép con phải đưa mật khẩu tài khoản và dọa đánh.,HIGH_RISK,train,synthetic,
VNBL_04938,"Theo lời bé, tuần này con bị một nhóm bạn đánh lúc tan học.",HIGH_RISK,train,synthetic,
VNBL_04939,Bạn Nam vô tình va vào em trong giờ ra chơi rồi xin lỗi....,SAFE,train,synthetic,
VNBL_04940,Con nói là có bạn bóp cổ em trong giờ ra chơi.,HIGH_RISK,train,synthetic,
VNBL_04941,mấy hôm nay em bị một nhóm bạn đánh ngoài hành lang.,HIGH_RISK,train,synthetic,
VNBL_04942,tuần này em đi học bình thường và chơi với các bạn.... (lần kể 2),SAFE,train,synthetic,
VNBL_04943,Dạo này họ nói tan học đợi đấy rồi vây em ở cổng trường....,HIGH_RISK,train,synthetic,
VNBL_04944,Dạo này bạn Phúc đấm em vào người.,HIGH_RISK,train,synthetic,
VNBL_04945,Con nói là tuần này em bị một nhóm bạn đánh ở lớp.,HIGH_RISK,train,synthetic,
VNBL_04946,Dạo này các bạn đá con khi em ngã xuống....,HIGH_RISK,train,synthetic,
VNBL_04947,Em và bạn Mai tranh luận một chút rồi đã làm hòa. (lần kể 2),SAFE,train,synthetic,
VNBL_04948,Em nói con bị loại khỏi các hoạt động của nhóm nhiều lần.,RISK,train,synthetic,
VNBL_04949,bé kể rằng hôm qua em bị một nhóm bạn đánh lúc tan học.,HIGH_RISK,train,synthetic,
VNBL_04950,Em bị đau tay do chơi thể thao ở sân trường....,SAFE,train,synthetic,
VNBL_04951,Con nói là hôm qua em bị một nhóm bạn đánh ngoài hành lang.,HIGH_RISK,train,synthetic,
VNBL_04952,Con nói là em bị tát nhiều lần ở lớp....,HIGH_RISK,train,synthetic,
VNBL_04953,Dạo này em bị tát nhiều lần ngoài hành lang.,HIGH_RISK,train,synthetic,
VNBL_04954,"theo lời bé, bạn Trang ép em phải đưa mật khẩu tài khoản và dọa đánh.",HIGH_RISK,test,synthetic,
VNBL_04955,"Theo lời bé, một nhóm bạn thường xuyên đạp vào chân em dưới bàn. ạ",HIGH_RISK,train,synthetic,
VNBL_04956,Em nói các bạn quay video lúc em khóc rồi gửi cho nhau.,RISK,train,synthetic,
VNBL_04957,Bé kể rằng bạn Trang lấy đồ của em rồi không chịu trả.,RISK,train,synthetic,
VNBL_04958,Em nói em sợ giờ ra chơi vì các bạn hay vây quanh trêu chọc....,RISK,train,synthetic,
VNBL_04959,bạn Phúc lấy đồ của bé rồi không chịu trả.,RISK,train,synthetic,
VNBL_04960,em nói bạn An ép em phải đưa mật khẩu tài khoản và dọa đánh.,HIGH_RISK,train,synthetic,
VNBL_04961,"Theo lời bé, em có vết bầm vì bị bạn đánh ngoài hành lang.",HIGH_RISK,train,synthetic,
VNBL_04962,"em bị ngã lúc tan học khi đang chạy, ko có ai xô em.",SAFE,train,synthetic,
VNBL_04963,Bé kể rằng em bị chửi và xúc phạm ở lớp. ạ,RISK,train,synthetic,
VNBL_04964,Bé kể rằng em thường bị xô vai và chọc ghẹo khi đi qua hành lang. ạ,RISK,train,synthetic,
VNBL_04965,Em nói các bạn không cho em chơi cùng lúc tan học.,RISK,validation,synthetic,
VNBL_04966,dạo này em bị chửi và xúc phạm ở sân trường.,RISK,train,synthetic,
VNBL_04967,mỗi giờ ra chơi con bị một nhóm bạn đánh trong giờ ra chơi.,HIGH_RISK,train,synthetic,
VNBL_04968,Em nói em cảm thấy bị cô lập vì không ai trong nhóm chịu nói chuyện với em. ạ,RISK,validation,synthetic,
VNBL_04969,Bé kể rằng có bạn thường xuyên nói xấu em với các bạn khác.,RISK,train,synthetic,
VNBL_04970,Em nói bạn Vy nhắn tin xúc phạm em liên tục....,RISK,validation,synthetic,
VNBL_04971,"theo lời bé, em có vết bầm vì bị bạn đánh ở lớp.",HIGH_RISK,train,synthetic,
VNBL_04972,Con nói là mỗi giờ ra chơi các bạn cứ gọi em bằng biệt danh em không thích....,RISK,train,synthetic,
VNBL_04973,dạo này bạn Vy đấm em vào người.,HIGH_RISK,train,synthetic,
VNBL_04974,em và bạn Khánh tranh luận một chút rồi đã làm hòa....,SAFE,train,synthetic,
VNBL_04975,"bạn An nói câu đùa làm con khó chịu, sau đó bạn đã xin lỗi.",SAFE,train,synthetic,
VNBL_04976,Bé kể rằng bạn Huy ép em phải đưa mật khẩu tài khoản và dọa đánh.,HIGH_RISK,train,synthetic,
VNBL_04977,"Theo lời bé, các bạn không cho con chơi cùng lúc tan học.",RISK,train,synthetic,
VNBL_04978,mỗi giờ ra chơi em đi học bình thường và chơi với các bạn. ạ (lần kể 2),SAFE,train,synthetic,
VNBL_04979,con nói là em bị chửi và xúc phạm lúc tan học....,RISK,test,synthetic,
VNBL_04980,Em nói mỗi giờ ra chơi em bị một nhóm bạn đánh trong giờ ra chơi.,HIGH_RISK,train,synthetic,
VNBL_04981,"Em bị ngã lúc tan học khi đang chạy, không có ai xô em. ạ",SAFE,train,synthetic,
VNBL_04982,Bạn Mai vô tình va vào con trong giờ ra chơi rồi xin lỗi.,SAFE,train,synthetic,
VNBL_04983,Bạn Linh vô tình va vào con trong giờ ra chơi rồi xin lỗi.,SAFE,validation,synthetic,
VNBL_04984,Dạo này em bị giữ tay để một bạn khác đánh.,HIGH_RISK,test,synthetic,
VNBL_04985,bé kể rằng con bị chặn ở cổng trường và cướp tiền.,HIGH_RISK,train,synthetic,
VNBL_04986,"Theo lời bé, em bị loại khỏi các hoạt động của nhóm nhiều lần....",RISK,train,synthetic,
VNBL_04987,Em nói có người đăng bài bêu xấu em trên mạng.,RISK,train,synthetic,
VNBL_04988,Bạn Lan vô tình va vào con ở sân trường rồi xin lỗi. (lần kể 2),SAFE,train,synthetic,
VNBL_04989,em nói em bị tát nhiều lần lúc tan học.,HIGH_RISK,train,synthetic,
VNBL_04990,một nhóm bạn thường xuyên đạp vào chân em dưới bàn. ạ,HIGH_RISK,train,synthetic,
VNBL_04991,con bị giấu cặp sách và đồ dùng học tập.,RISK,train,synthetic,
VNBL_04992,"Theo lời bé, bé không dám kể với cô vì sợ bị các bạn ghét hơn.",RISK,validation,synthetic,
VNBL_04993,Con nói là mỗi giờ ra chơi em bị một nhóm bạn đánh ngoài hành lang.,HIGH_RISK,train,synthetic,
VNBL_04994,em nghỉ học hôm nay vì gia đình có việc.,SAFE,validation,synthetic,
VNBL_04995,"Theo lời bé, ngày nào họ cũng trêu con dù em đã bảo dừng. ạ",RISK,test,synthetic,
VNBL_04996,mấy hôm nay em đi học bình thường và chơi với các bạn. ạ,SAFE,train,synthetic,
VNBL_04997,"Theo lời bé, các bạn cố tình làm hỏng đồ dùng của em....",RISK,train,synthetic,
VNBL_04998,Bạn Khánh vô tình va vào con trong giờ ra chơi rồi xin lỗi.,SAFE,train,synthetic,
VNBL_04999,bạn Khánh vô tình va vào con ở sân trường rồi xin lỗi.,SAFE,train,synthetic,
VNBL_05000,Em và bạn Vy tranh luận một chút rồi đã làm hòa.... (lần kể 2),SAFE,train,synthetic,
VNBL_05001,em và bạn Vy tranh luận một chút rồi đã làm hòa....,SAFE,train,synthetic,
VNBL_05002,Em nói con bị tát nhiều lần trên xe đưa đón.,HIGH_RISK,train,synthetic,
VNBL_05003,Em nói hôm nay các bạn cứ gọi em bằng biệt danh em ko thích.,RISK,train,synthetic,
VNBL_05004,Em nói em sợ giờ ra chơi vì các bạn hay vây quanh trêu chọc.,RISK,train,synthetic,
VNBL_05005,Em nói hôm qua em bị một nhóm bạn đánh ở lớp.,HIGH_RISK,train,synthetic,
VNBL_05006,Con nói là bạn Hà đấm em vào người. ạ,HIGH_RISK,train,synthetic,
VNBL_05007,bé kể rằng có bạn bóp cổ em trong giờ ra chơi. ạ,HIGH_RISK,test,synthetic,
VNBL_05008,Con nói là em ko dám kể với cô vì sợ bị các bạn ghét hơn. ạ,RISK,validation,synthetic,
VNBL_05009,Em nói các bạn không cho em chơi cùng ở lớp. ạ,RISK,train,synthetic,
VNBL_05010,"Theo lời bé, bạn Vy ép em phải đưa mật khẩu tài khoản và dọa đánh.",HIGH_RISK,train,synthetic,
VNBL_05011,Bạn Lan vô tình va vào em ngoài hành lang rồi xin lỗi. (lần kể 2),SAFE,train,synthetic,
VNBL_05012,bạn An đấm em vào người. ạ,HIGH_RISK,test,synthetic,
VNBL_05013,"Em bị ngã ở sân trường khi đang chạy, không có ai xô bé....",SAFE,test,synthetic,
VNBL_05014,"theo lời bé, các bạn đá em khi em ngã xuống.",HIGH_RISK,test,synthetic,
VNBL_05015,"em bị ngã lúc tan học khi đang chạy, ko có ai xô bé.",SAFE,train,synthetic,
VNBL_05016,"Em bị ngã ngoài hành lang khi đang chạy, ko có ai xô em. (lần kể 2)",SAFE,train,synthetic,
VNBL_05017,"Theo lời bé, gần đây em bị một nhóm bạn đánh ngoài hành lang.",HIGH_RISK,test,synthetic,
VNBL_05018,Bạn Khánh vô tình va vào bé trong giờ ra chơi rồi xin lỗi. (lần kể 2),SAFE,validation,synthetic,
VNBL_05019,"Theo lời bé, bạn Mai dọa sẽ đánh em nếu em kể với cô.",HIGH_RISK,validation,synthetic,
VNBL_05020,Bạn Trang vô tình va vào em trên xe đưa đón rồi xin lỗi.,SAFE,train,synthetic,
VNBL_05021,Em nói bạn Minh nhắn tin xúc phạm bé liên tục.,RISK,train,synthetic,
VNBL_05022,Con nói là các bạn ko cho em chơi cùng trong giờ ra chơi.,RISK,train,synthetic,
VNBL_05023,mỗi giờ ra chơi em bị một nhóm bạn đánh trong giờ ra chơi. ạ,HIGH_RISK,validation,synthetic,
VNBL_05024,Bạn An vô tình va vào em ngoài hành lang rồi xin lỗi.,SAFE,train,synthetic,
VNBL_05025,Bạn Minh vô tình va vào bé lúc tan học rồi xin lỗi.,SAFE,train,synthetic,
VNBL_05026,bé kể rằng bạn Phúc lấy đồ của bé rồi không chịu trả.,RISK,train,synthetic,
VNBL_05027,dạo này hôm qua các bạn cứ gọi bé bằng biệt danh em không thích....,RISK,train,synthetic,
VNBL_05028,em nói mỗi giờ ra chơi em bị một nhóm bạn đánh trên xe đưa đón.,HIGH_RISK,train,synthetic,
VNBL_05029,"Theo lời bé, bạn Huy dọa sẽ đánh con nếu em kể với cô.",HIGH_RISK,validation,synthetic,
VNBL_05030,bé kể rằng bạn Khánh lấy đồ của em rồi không chịu trả.,RISK,train,synthetic,
VNBL_05031,Con nói là các bạn đá em khi em ngã xuống....,HIGH_RISK,train,synthetic,
VNBL_05032,Bé kể rằng các bạn không cho em chơi cùng trên xe đưa đón.,RISK,train,synthetic,
VNBL_05033,Bé kể rằng bạn Phúc dọa sẽ đánh con nếu em kể với cô.,HIGH_RISK,train,synthetic,
VNBL_05034,Bạn Khánh vô tình va vào con lúc tan học rồi xin lỗi.,SAFE,validation,synthetic,
VNBL_05035,Con nói là bạn Huy nhắn tin xúc phạm bé liên tục.,RISK,train,synthetic,
VNBL_05036,Em nói gần đây các bạn cứ gọi em bằng biệt danh em ko thích.,RISK,train,synthetic,
VNBL_05037,Em nói các bạn quay video lúc đánh em rồi gửi vào nhóm. ạ,HIGH_RISK,validation,synthetic,
VNBL_05038,bé kể rằng em cảm thấy bị cô lập vì ko ai trong nhóm chịu nói chuyện với em.,RISK,validation,synthetic,
VNBL_05039,bé kể rằng bạn Mai ép em phải đưa mật khẩu tài khoản và dọa đánh.,HIGH_RISK,test,synthetic,
VNBL_05040,Con nói là bé cảm thấy bị cô lập vì ko ai trong nhóm chịu nói chuyện với em.,RISK,train,synthetic,
VNBL_05041,Hôm nay lớp con học về chủ đề phòng chống bắt nạt học đường. ạ,SAFE,validation,synthetic,
VNBL_05042,Bạn Minh vô tình va vào em ở sân trường rồi xin lỗi. (lần kể 2),SAFE,validation,synthetic,
VNBL_05043,Bé kể rằng bé không muốn đi học vì sợ gặp nhóm bạn trong lớp.,RISK,train,synthetic,
VNBL_05044,Bạn Linh vô tình va vào em trên xe đưa đón rồi xin lỗi....,SAFE,test,synthetic,
VNBL_05045,bạn Phúc mượn bút của em và đã trả lại....,SAFE,train,synthetic,
VNBL_05046,bạn Vy vô tình va vào con trong giờ ra chơi rồi xin lỗi.,SAFE,train,synthetic,
VNBL_05047,Bé kể rằng mấy hôm nay các bạn cứ gọi em bằng biệt danh em không thích.,RISK,train,synthetic,
VNBL_05048,em và bạn Minh tranh luận một chút rồi đã làm hòa....,SAFE,train,synthetic,
VNBL_05049,"Theo lời bé, em bị tát nhiều lần ở lớp.",HIGH_RISK,train,synthetic,
VNBL_05050,Bạn Minh mượn bút của em và đã trả lại....,SAFE,train,synthetic,
VNBL_05051,em bị giữ tay để một bạn khác đánh....,HIGH_RISK,train,synthetic,
VNBL_05052,Bạn Lan vô tình va vào em ngoài hành lang rồi xin lỗi....,SAFE,test,synthetic,
VNBL_05053,Em nói bạn Nam đấm em vào người.,HIGH_RISK,train,synthetic,
VNBL_05054,dạo này các bạn bắt em đưa tiền mỗi tuần....,HIGH_RISK,validation,synthetic,
VNBL_05055,Bé kể rằng em bị ép đưa đồ ăn và tiền cho các bạn.,HIGH_RISK,test,synthetic,
VNBL_05056,"Theo lời bé, em bị giấu cặp sách và đồ dùng học tập....",RISK,train,synthetic,
VNBL_05057,"em bị ngã ở sân trường khi đang chạy, không có ai xô em. ạ",SAFE,train,synthetic,
VNBL_05058,em và bạn Huy tranh luận một chút rồi đã làm hòa. ạ,SAFE,train,synthetic,
VNBL_05059,Dạo này các bạn không cho bé chơi cùng trong giờ ra chơi.,RISK,train,synthetic,
VNBL_05060,em muốn chuyển chỗ ngồi vì gần cửa sổ bị nắng. ạ (lần kể 2),SAFE,train,synthetic,
VNBL_05061,hôm nay lớp em học về chủ đề phòng chống bắt nạt học đường....,SAFE,train,synthetic,
VNBL_05062,Dạo này bé bị chửi và xúc phạm ở lớp.,RISK,train,synthetic,
VNBL_05063,Bạn Khánh mượn bút của con và đã trả lại.,SAFE,train,synthetic,
VNBL_05064,"Theo lời bé, bạn Hà đấm em vào người.",HIGH_RISK,train,synthetic,
VNBL_05065,Bạn An vô tình va vào em ở lớp rồi xin lỗi. (lần kể 2),SAFE,train,synthetic,
VNBL_05066,Em và bạn Huy tranh luận một chút rồi đã làm hòa....,SAFE,train,synthetic,
VNBL_05067,họ dọa sẽ tiếp tục đánh nếu em báo với người lớn....,HIGH_RISK,test,synthetic,
VNBL_05068,"theo lời bé, cả nhóm cố tình không cho em ngồi cùng.",RISK,validation,synthetic,
VNBL_05069,Bạn Mai vô tình va vào em ở lớp rồi xin lỗi....,SAFE,train,synthetic,
VNBL_05070,"theo lời bé, bạn Khánh dọa sẽ đánh em nếu em kể với cô.",HIGH_RISK,train,synthetic,
VNBL_05071,Dạo này bạn Linh lấy đồ của em rồi ko chịu trả.,RISK,test,synthetic,
VNBL_05072,Em nói có bạn dọa làm em bị thương nếu em không làm theo. ạ,HIGH_RISK,train,synthetic,
VNBL_05073,bé kể rằng họ nhốt em trong nhà vệ sinh và không cho ra.,HIGH_RISK,train,synthetic,
VNBL_05074,em bị xô xuống cầu thang nhưng may em bám được tay vịn.,HIGH_RISK,test,synthetic,
VNBL_05075,Dạo này bé bị chặn ở cổng trường và cướp tiền....,HIGH_RISK,train,synthetic,
VNBL_05076,con không muốn đi học vì sợ gặp nhóm bạn trong lớp.,RISK,train,synthetic,
VNBL_05077,Em và bạn Minh tranh luận một chút rồi đã làm hòa. (lần kể 2),SAFE,test,synthetic,
VNBL_05078,"Theo lời bé, em bị chửi và xúc phạm trong giờ ra chơi....",RISK,train,synthetic,
VNBL_05079,em bị loại khỏi các hoạt động của nhóm nhiều lần.,RISK,train,synthetic,
VNBL_05080,bạn An lấy đồ của con rồi không chịu trả....,RISK,validation,synthetic,
VNBL_05081,có người đăng bài bêu xấu bé trên mạng.,RISK,train,synthetic,
VNBL_05082,"Theo lời bé, bạn Lan ép em phải đưa mật khẩu tài khoản và dọa đánh.",HIGH_RISK,train,synthetic,
VNBL_05083,Con nói là mấy hôm nay các bạn cứ gọi bé bằng biệt danh em ko thích.,RISK,train,synthetic,
VNBL_05084,bé kể rằng các bạn không cho em chơi cùng ở sân trường.,RISK,train,synthetic,
VNBL_05085,Em nói các bạn bắt em đưa tiền mỗi tuần.,HIGH_RISK,train,synthetic,
VNBL_05086,Bạn Minh vô tình va vào em trên xe đưa đón rồi xin lỗi.,SAFE,train,synthetic,
VNBL_05087,con nói là mấy hôm nay em bị một nhóm bạn đánh ở lớp.,HIGH_RISK,train,synthetic,
VNBL_05088,Con nói là em không muốn đi học vì sợ gặp nhóm bạn trong lớp. ạ,RISK,validation,synthetic,
VNBL_05089,Em muốn chuyển chỗ ngồi vì gần cửa sổ bị nắng....,SAFE,train,synthetic,
VNBL_05090,mấy hôm nay các bạn cứ gọi bé bằng biệt danh em ko thích.,RISK,validation,synthetic,
VNBL_05091,dạo này có bạn bắt em làm bài hộ nếu ko sẽ nói xấu em.,RISK,train,synthetic,
VNBL_05092,bạn Linh vô tình va vào em ở lớp rồi xin lỗi. (lần kể 2),SAFE,test,synthetic,
VNBL_05093,dạo này em thường bị lấy đồ ăn mà không được hỏi. ạ,RISK,train,synthetic,
VNBL_05094,Bạn Minh mượn bút của bé và đã trả lại....,SAFE,train,synthetic,
VNBL_05095,bé kể rằng bạn Linh ép em phải đưa mật khẩu tài khoản và dọa đánh.,HIGH_RISK,train,synthetic,
VNBL_05096,Con nói là ngày nào họ cũng trêu em dù em đã bảo dừng.,RISK,train,synthetic,
VNBL_05097,bạn Vy đấm em vào người.,HIGH_RISK,train,synthetic,
VNBL_05098,Bé kể rằng bạn An đấm em vào người.,HIGH_RISK,train,synthetic,
VNBL_05099,hôm nay lớp em học về chủ đề phòng chống bắt nạt học đường. ạ (lần kể 2),SAFE,train,synthetic,
VNBL_05100,em nói bạn Trang ép em phải đưa mật khẩu tài khoản và dọa đánh.,HIGH_RISK,validation,synthetic,
VNBL_05101,Bạn Huy vô tình va vào em ngoài hành lang rồi xin lỗi. ạ,SAFE,train,synthetic,
VNBL_05102,Bạn Nam mượn bút của bé và đã trả lại. ạ,SAFE,validation,synthetic,
VNBL_05103,"Theo lời bé, bạn Mai nhắn tin xúc phạm em liên tục. ạ",RISK,test,synthetic,
VNBL_05104,bé có vết bầm vì bị bạn đánh trong giờ ra chơi. ạ,HIGH_RISK,test,synthetic,
VNBL_05105,Em nói một nhóm bạn thường xuyên đạp vào chân con dưới bàn.,HIGH_RISK,test,synthetic,
VNBL_05106,Bạn Phúc mượn bút của bé và đã trả lại. (lần kể 2),SAFE,test,synthetic,
VNBL_05107,em bị giữ tay để một bạn khác đánh. ạ,HIGH_RISK,test,synthetic,
VNBL_05108,dạo này có bạn bắt em làm bài hộ nếu không sẽ nói xấu em.,RISK,train,synthetic,
VNBL_05109,Em bị đau tay do chơi thể thao ở lớp.,SAFE,train,synthetic,
VNBL_05110,Bé kể rằng các bạn cố tình làm hỏng đồ dùng của em. ạ,RISK,train,synthetic,
VNBL_05111,Em thấy hai bạn khác cãi nhau nhưng em ko liên quan....,SAFE,train,synthetic,
VNBL_05112,Bạn Trang vô tình va vào em ở lớp rồi xin lỗi.,SAFE,train,synthetic,
VNBL_05113,Em nói con bị ép làm việc em không muốn và bị đe dọa nếu từ chối.,HIGH_RISK,test,synthetic,
VNBL_05114,Em thấy hai bạn khác cãi nhau nhưng con không liên quan.... (lần kể 2),SAFE,validation,synthetic,
VNBL_05115,Bạn Hà vô tình va vào bé ở lớp rồi xin lỗi.,SAFE,train,synthetic,
VNBL_05116,Em nói bạn Huy lấy đồ của em rồi không chịu trả. ạ,RISK,test,synthetic,
VNBL_05117,bạn Linh dọa sẽ đánh bé nếu em kể với cô.,HIGH_RISK,train,synthetic,
VNBL_05118,ngày nào họ cũng trêu bé dù em đã bảo dừng.,RISK,validation,synthetic,
VNBL_05119,em nói bạn Nam ép em phải đưa mật khẩu tài khoản và dọa đánh.,HIGH_RISK,train,synthetic,
VNBL_05120,Bạn Mai vô tình va vào con trên xe đưa đón rồi xin lỗi. (lần kể 2),SAFE,train,synthetic,
VNBL_05121,Em nói cả nhóm cố tình ko cho bé ngồi cùng.,RISK,train,synthetic,
VNBL_05122,Con nói là bạn Phúc nhắn tin xúc phạm em liên tục....,RISK,train,synthetic,
VNBL_05123,em cảm thấy bị cô lập vì ko ai trong nhóm chịu nói chuyện với em.,RISK,validation,synthetic,
VNBL_05124,"em bị ngã trong giờ ra chơi khi đang chạy, không có ai xô con.",SAFE,train,synthetic,
VNBL_05125,bạn Hà vô tình va vào con ngoài hành lang rồi xin lỗi.,SAFE,train,synthetic,
VNBL_05126,Em nói tuần này con bị một nhóm bạn đánh trong giờ ra chơi.,HIGH_RISK,train,synthetic,
VNBL_05127,Dạo này họ dọa sẽ tiếp tục đánh nếu em báo với người lớn.,HIGH_RISK,train,synthetic,
VNBL_05128,dạo này bạn Phúc lấy đồ của em rồi không chịu trả.,RISK,train,synthetic,
VNBL_05129,bé kể rằng em bị tát nhiều lần ở lớp.,HIGH_RISK,train,synthetic,
VNBL_05130,Em bị đau tay do chơi thể thao ngoài hành lang. ạ,SAFE,train,synthetic,
VNBL_05131,các bạn không cho bé chơi cùng trong giờ ra chơi.,RISK,train,synthetic,
VNBL_05132,Em nói mấy bạn chặn đường em lúc tan học để đánh.,HIGH_RISK,train,synthetic,
VNBL_05133,bạn Vy vô tình va vào bé ở lớp rồi xin lỗi.,SAFE,test,synthetic,
VNBL_05134,Dạo này một nhóm bạn thường xuyên đạp vào chân bé dưới bàn.,HIGH_RISK,train,synthetic,
VNBL_05135,bạn Mai mượn bút của em và đã trả lại. (lần kể 2),SAFE,train,synthetic,
VNBL_05136,bé kể rằng bé bị đánh nhiều lần trong tuần này.,HIGH_RISK,train,synthetic,
VNBL_05137,họ dọa sẽ tiếp tục đánh nếu con báo với người lớn.,HIGH_RISK,train,synthetic,
VNBL_05138,dạo này bé bị chửi và xúc phạm ở sân trường.,RISK,train,synthetic,
VNBL_05139,em bị loại khỏi các hoạt động của nhóm nhiều lần....,RISK,train,synthetic,
VNBL_05140,"Theo lời bé, cả nhóm cố tình không cho con ngồi cùng.",RISK,train,synthetic,
VNBL_05141,"theo lời bé, họ nhốt em trong nhà vệ sinh và ko cho ra.",HIGH_RISK,train,synthetic,
VNBL_05142,em nói hôm qua em bị một nhóm bạn đánh trong giờ ra chơi.,HIGH_RISK,train,synthetic,
VNBL_05143,em bị tát nhiều lần trong giờ ra chơi.,HIGH_RISK,train,synthetic,
VNBL_05144,bạn Trang vô tình va vào em lúc tan học rồi xin lỗi.,SAFE,validation,synthetic,
VNBL_05145,Bé kể rằng mấy hôm nay bé bị một nhóm bạn đánh ở sân trường. ạ,HIGH_RISK,train,synthetic,
VNBL_05146,Dạo này con bị kéo tóc và xô ngã.,HIGH_RISK,test,synthetic,
VNBL_05147,con nói là ngày nào họ cũng trêu bé dù em đã bảo dừng.,RISK,train,synthetic,
VNBL_05148,Em với bạn Khánh giành bóng khi chơi rồi tiếp tục chơi bình thường.,SAFE,train,synthetic,
VNBL_05149,Con nói là các bạn không cho bé chơi cùng ở sân trường.,RISK,train,synthetic,
VNBL_05150,Dạo này họ nhốt em trong nhà vệ sinh và ko cho ra.,HIGH_RISK,train,synthetic,
VNBL_05151,Em nói bạn Minh đấm bé vào người.,HIGH_RISK,train,synthetic,
VNBL_05152,bạn Vy đấm con vào người.,HIGH_RISK,train,synthetic,
VNBL_05153,có người đăng bài bêu xấu em trên mạng....,RISK,train,synthetic,
VNBL_05154,Dạo này tuần này các bạn cứ gọi em bằng biệt danh em không thích.,RISK,train,synthetic,
VNBL_05155,Con nói là có bạn bắt bé làm bài hộ nếu không sẽ nói xấu em.,RISK,train,synthetic,
VNBL_05156,Con nói là mấy hôm nay em bị một nhóm bạn đánh ở lớp. ạ,HIGH_RISK,train,synthetic,
VNBL_05157,"Bạn Hà nói câu đùa làm bé khó chịu, sau đó bạn đã xin lỗi....",SAFE,train,synthetic,
VNBL_05158,một nhóm bạn lấy tiền của em và dọa ko được nói với bố mẹ.,HIGH_RISK,train,synthetic,
VNBL_05159,Em nói bạn Phúc lấy đồ của con rồi không chịu trả.,RISK,validation,synthetic,
VNBL_05160,Bạn Vy vô tình va vào em ở sân trường rồi xin lỗi. (lần kể 2),SAFE,train,synthetic,
VNBL_05161,Bạn An vô tình va vào em trên xe đưa đón rồi xin lỗi.,SAFE,validation,synthetic,
VNBL_05162,"Bạn Minh nói câu đùa làm bé khó chịu, sau đó bạn đã xin lỗi. (lần kể 2)",SAFE,train,synthetic,
VNBL_05163,Con nói là bạn Hà nhắn tin xúc phạm em liên tục.,RISK,validation,synthetic,
VNBL_05164,"Theo lời bé, bé bị chửi và xúc phạm ở lớp.",RISK,validation,synthetic,
VNBL_05165,"bạn Mai nói câu đùa làm bé khó chịu, sau đó bạn đã xin lỗi.",SAFE,validation,synthetic,
VNBL_05166,Em nói hôm nay em bị một nhóm bạn đánh ở sân trường.,HIGH_RISK,train,synthetic,
VNBL_05167,Con nói là có người đăng bài bêu xấu em trên mạng....,RISK,train,synthetic,
VNBL_05168,Hôm nay con làm rơi hộp bút và bạn đã nhặt giúp.,SAFE,validation,synthetic,
VNBL_05169,con nói là các bạn ko cho em chơi cùng ngoài hành lang.,RISK,train,synthetic,
VNBL_05170,Em nói bé bị tát nhiều lần trong giờ ra chơi.,HIGH_RISK,train,synthetic,
VNBL_05171,Bạn Mai vô tình va vào con ở lớp rồi xin lỗi. (lần kể 2),SAFE,train,synthetic,
VNBL_05172,Con nói là các bạn cố tình làm hỏng đồ dùng của em....,RISK,train,synthetic,
VNBL_05173,bạn Trang lấy đồ của em rồi không chịu trả....,RISK,train,synthetic,
VNBL_05174,Bé kể rằng các bạn chế ảnh của bé rồi gửi vào nhóm lớp.,RISK,train,synthetic,
VNBL_05175,dạo này bạn Hà đấm em vào người.,HIGH_RISK,train,synthetic,
VNBL_05176,Bé kể rằng các bạn quay video lúc đánh con rồi gửi vào nhóm.,HIGH_RISK,validation,synthetic,
VNBL_05177,con nói là hôm nay em bị một nhóm bạn đánh trên xe đưa đón.,HIGH_RISK,test,synthetic,
VNBL_05178,em nói các bạn không cho em chơi cùng trong giờ ra chơi....,RISK,test,synthetic,
VNBL_05179,Con nói là em bị đánh nhiều lần trong tuần này.,HIGH_RISK,test,synthetic,
VNBL_05180,bé kể rằng em sợ giờ ra chơi vì các bạn hay vây quanh trêu chọc.,RISK,test,synthetic,
VNBL_05181,Bạn Trang vô tình va vào em ở lớp rồi xin lỗi.... (lần kể 2),SAFE,train,synthetic,
VNBL_05182,bạn Vy vô tình va vào em trong giờ ra chơi rồi xin lỗi....,SAFE,test,synthetic,
VNBL_05183,Em với bạn Khánh giành bóng khi chơi rồi tiếp tục chơi bình thường.... (lần kể 2),SAFE,train,synthetic,
VNBL_05184,Bé kể rằng bạn Vy dọa sẽ đánh em nếu em kể với cô.,HIGH_RISK,test,synthetic,
VNBL_05185,Em nói em bị xô xuống cầu thang nhưng may em bám được tay vịn.,HIGH_RISK,train,synthetic,
VNBL_05186,"Theo lời bé, bạn Mai đấm bé vào người.",HIGH_RISK,validation,synthetic,
VNBL_05187,em nghỉ học hôm nay vì gia đình có việc....,SAFE,test,synthetic,
VNBL_05188,Bạn Mai vô tình va vào em trên xe đưa đón rồi xin lỗi.... (lần kể 2),SAFE,train,synthetic,
VNBL_05189,Em nói con ko dám kể với cô vì sợ bị các bạn ghét hơn.,RISK,train,synthetic,
VNBL_05190,"Theo lời bé, bé bị ép đưa đồ ăn và tiền cho các bạn.",HIGH_RISK,test,synthetic,
VNBL_05191,"Theo lời bé, con cảm thấy bị cô lập vì không ai trong nhóm chịu nói chuyện với em.",RISK,test,synthetic,
VNBL_05192,Em nói các bạn bắt em đưa tiền mỗi tuần....,HIGH_RISK,train,synthetic,
VNBL_05193,"Bạn Huy nói câu đùa làm em khó chịu, sau đó bạn đã xin lỗi.... (lần kể 2)",SAFE,train,synthetic,
VNBL_05194,bạn Lan vô tình va vào em trong giờ ra chơi rồi xin lỗi. (lần kể 2),SAFE,train,synthetic,
VNBL_05195,bé kể rằng hôm nay con bị một nhóm bạn đánh ở lớp.,HIGH_RISK,train,synthetic,
VNBL_05196,"Mẹ hỏi em có bị bạn nào bắt nạt không, em nói là không....",SAFE,train,synthetic,
VNBL_05197,Bé kể rằng con có vết bầm vì bị bạn đánh ở sân trường.,HIGH_RISK,validation,synthetic,
VNBL_05198,bé kể rằng cả nhóm cố tình ko cho con ngồi cùng.,RISK,validation,synthetic,
VNBL_05199,Dạo này mấy hôm nay các bạn cứ gọi em bằng biệt danh em ko thích.,RISK,train,synthetic,
VNBL_05200,"bạn Khánh nói câu đùa làm em khó chịu, sau đó bạn đã xin lỗi. ạ",SAFE,train,synthetic,
VNBL_05201,Bé kể rằng em cảm thấy bị cô lập vì ko ai trong nhóm chịu nói chuyện với em.,RISK,train,synthetic,
VNBL_05202,"bạn An nói câu đùa làm em khó chịu, sau đó bạn đã xin lỗi. (lần kể 2)",SAFE,train,synthetic,
VNBL_05203,"mẹ hỏi em có bị bạn nào bắt nạt không, em nói là không.",SAFE,train,synthetic,
VNBL_05204,Dạo này tuần này các bạn cứ gọi em bằng biệt danh em ko thích.,RISK,train,synthetic,
VNBL_05205,bạn Huy mượn bút của con và đã trả lại.,SAFE,train,synthetic,
VNBL_05206,"em bị ngã lúc tan học khi đang chạy, không có ai xô em. (lần kể 2)",SAFE,train,synthetic,
VNBL_05207,Bé kể rằng con bị xô xuống cầu thang nhưng may em bám được tay vịn.,HIGH_RISK,train,synthetic,
VNBL_05208,Bạn Phúc mượn bút của em và đã trả lại....,SAFE,test,synthetic,
VNBL_05209,"Theo lời bé, một nhóm bạn lấy tiền của bé và dọa không được nói với bố mẹ. ạ",HIGH_RISK,train,synthetic,
VNBL_05210,con nói là bạn Minh nhắn tin xúc phạm em liên tục.,RISK,train,synthetic,
VNBL_05211,hôm nay em đi học bình thường và chơi với các bạn.,SAFE,test,synthetic,
VNBL_05212,"Theo lời bé, em thường bị xô vai và chọc ghẹo khi đi qua hành lang. ạ",RISK,train,synthetic,
VNBL_05213,Bé kể rằng em bị giấu cặp sách và đồ dùng học tập....,RISK,validation,synthetic,
VNBL_05214,con nói là các bạn bắt em đưa tiền mỗi tuần.,HIGH_RISK,train,synthetic,
VNBL_05215,bạn Mai vô tình va vào em lúc tan học rồi xin lỗi....,SAFE,test,synthetic,
VNBL_05216,Nhóm của con ko chọn ý tưởng của em nhưng mọi người vẫn làm việc cùng nhau. (lần kể 2),SAFE,train,synthetic,
VNBL_05217,Bé kể rằng em có vết bầm vì bị bạn đánh trên xe đưa đón....,HIGH_RISK,train,synthetic,
VNBL_05218,hôm nay em đi học bình thường và chơi với các bạn. (lần kể 2),SAFE,train,synthetic,
VNBL_05219,con nói là có bạn thường xuyên nói xấu em với các bạn khác. ạ,RISK,train,synthetic,
VNBL_05220,bạn Mai mượn bút của em và đã trả lại....,SAFE,train,synthetic,
VNBL_05221,Con nói là bạn Khánh nhắn tin xúc phạm con liên tục.,RISK,train,synthetic,
VNBL_05222,dạo này bạn Trang đấm em vào người.,HIGH_RISK,test,synthetic,
VNBL_05223,bạn Huy vô tình va vào bé trên xe đưa đón rồi xin lỗi.,SAFE,test,synthetic,
VNBL_05224,Con nói là các bạn quay video lúc bé khóc rồi gửi cho nhau.,RISK,train,synthetic,
VNBL_05225,Bé kể rằng có người đăng bài bêu xấu con trên mạng.,RISK,train,synthetic,
VNBL_05226,Dạo này các bạn không cho em chơi cùng ngoài hành lang.,RISK,test,synthetic,
VNBL_05227,Bé kể rằng bạn Khánh ép em phải đưa mật khẩu tài khoản và dọa đánh....,HIGH_RISK,test,synthetic,
VNBL_05228,em nói em bị chửi và xúc phạm trong giờ ra chơi.,RISK,train,synthetic,
VNBL_05229,Con nói là em bị kéo tóc và xô ngã. ạ,HIGH_RISK,test,synthetic,
VNBL_05230,Bạn Trang vô tình va vào em trong giờ ra chơi rồi xin lỗi. (lần kể 2),SAFE,train,synthetic,
VNBL_05231,Em nói em có vết bầm vì bị bạn đánh ở sân trường.,HIGH_RISK,train,synthetic,
VNBL_05232,bé kể rằng bé bị ép đưa đồ ăn và tiền cho các bạn.,HIGH_RISK,train,synthetic,
VNBL_05233,Bạn Phúc vô tình va vào em ngoài hành lang rồi xin lỗi.,SAFE,train,synthetic,
VNBL_05234,bé bị đuổi ra khỏi nhóm chat của lớp.,RISK,test,synthetic,
VNBL_05235,con nói là có bạn dọa làm bé bị thương nếu em không làm theo.,HIGH_RISK,train,synthetic,
VNBL_05236,Em nói cả nhóm cố tình không cho bé ngồi cùng.,RISK,train,synthetic,
VNBL_05237,em thấy lo vì ngày mai có bài kiểm tra. ạ (lần kể 2),SAFE,train,synthetic,
VNBL_05238,con nói là các bạn quay video lúc con khóc rồi gửi cho nhau.,RISK,train,synthetic,
VNBL_05239,Dạo này bạn Minh nhắn tin xúc phạm bé liên tục.,RISK,train,synthetic,
VNBL_05240,Cô giáo nhắc cả lớp không được đánh nhau và phải tôn trọng nhau. (lần kể 2),SAFE,train,synthetic,
VNBL_05241,bạn Trang vô tình va vào em trên xe đưa đón rồi xin lỗi.,SAFE,train,synthetic,
VNBL_05242,Dạo này ngày nào họ cũng trêu em dù em đã bảo dừng. ạ,RISK,train,synthetic,
VNBL_05243,con nói là em bị xô xuống cầu thang nhưng may em bám được tay vịn.,HIGH_RISK,train,synthetic,
VNBL_05244,Dạo này em không dám kể với cô vì sợ bị các bạn ghét hơn. ạ,RISK,train,synthetic,
VNBL_05245,dạo này em cảm thấy bị cô lập vì không ai trong nhóm chịu nói chuyện với em.,RISK,train,synthetic,
VNBL_05246,Bé kể rằng mỗi giờ ra chơi các bạn cứ gọi em bằng biệt danh em không thích.,RISK,validation,synthetic,
VNBL_05247,em nói họ nhốt bé trong nhà vệ sinh và không cho ra.,HIGH_RISK,validation,synthetic,
VNBL_05248,Con nói là em có vết bầm vì bị bạn đánh trong giờ ra chơi.,HIGH_RISK,train,synthetic,
VNBL_05249,Bạn Mai vô tình va vào em trong giờ ra chơi rồi xin lỗi.,SAFE,train,synthetic,
VNBL_05250,cả nhóm cố tình không cho con ngồi cùng.,RISK,test,synthetic,
VNBL_05251,"Em bị ngã trên xe đưa đón khi đang chạy, không có ai xô con....",SAFE,train,synthetic,
VNBL_05252,Dạo này bạn Trang đấm con vào người.,HIGH_RISK,test,synthetic,
VNBL_05253,em nói hôm nay bé bị một nhóm bạn đánh ở sân trường.,HIGH_RISK,train,synthetic,
VNBL_05254,các bạn quay video lúc em khóc rồi gửi cho nhau. ạ,RISK,train,synthetic,
VNBL_05255,Con nói là con không muốn đi học vì sợ gặp nhóm bạn trong lớp.,RISK,train,synthetic,
VNBL_05256,"Em bị ngã ngoài hành lang khi đang chạy, không có ai xô em.",SAFE,train,synthetic,
VNBL_05257,con sợ giờ ra chơi vì các bạn hay vây quanh trêu chọc.,RISK,train,synthetic,
VNBL_05258,"Theo lời bé, em bị đánh nhiều lần trong tuần này....",HIGH_RISK,train,synthetic,
VNBL_05259,Bé kể rằng mấy bạn ném đồ cứng vào con và cười.,HIGH_RISK,train,synthetic,
VNBL_05260,dạo này ngày nào họ cũng trêu con dù em đã bảo dừng.,RISK,train,synthetic,
VNBL_05261,Bé kể rằng em bị chửi và xúc phạm ở lớp.,RISK,train,synthetic,
VNBL_05262,Bạn Vy vô tình va vào em ngoài hành lang rồi xin lỗi. ạ,SAFE,train,synthetic,
VNBL_05263,"bạn Lan nói câu đùa làm bé khó chịu, sau đó bạn đã xin lỗi.",SAFE,train,synthetic,
VNBL_05264,Bé kể rằng em thường bị lấy đồ ăn mà ko được hỏi.,RISK,train,synthetic,
VNBL_05265,Bé kể rằng mỗi giờ ra chơi em bị một nhóm bạn đánh ở lớp.,HIGH_RISK,train,synthetic,
VNBL_05266,em bị tát nhiều lần ngoài hành lang.,HIGH_RISK,train,synthetic,
VNBL_05267,gần đây em bị một nhóm bạn đánh ở sân trường.,HIGH_RISK,train,synthetic,
VNBL_05268,"Theo lời bé, có bạn bóp cổ bé trong giờ ra chơi.",HIGH_RISK,train,synthetic,
VNBL_05269,"Em bị ngã trong giờ ra chơi khi đang chạy, không có ai xô bé.",SAFE,validation,synthetic,
VNBL_05270,các bạn quay video lúc bé khóc rồi gửi cho nhau.,RISK,train,synthetic,
VNBL_05271,Con nói là các bạn đá con khi em ngã xuống.,HIGH_RISK,train,synthetic,
VNBL_05272,bạn Trang nhắn tin xúc phạm em liên tục.,RISK,test,synthetic,
VNBL_05273,Bé kể rằng con cảm thấy bị cô lập vì không ai trong nhóm chịu nói chuyện với em....,RISK,train,synthetic,
VNBL_05274,Dạo này các bạn không cho bé chơi cùng ở lớp.,RISK,train,synthetic,
VNBL_05275,"Bạn Linh nói câu đùa làm con khó chịu, sau đó bạn đã xin lỗi.",SAFE,train,synthetic,
VNBL_05276,Dạo này các bạn không cho em chơi cùng lúc tan học....,RISK,train,synthetic,
VNBL_05277,"Theo lời bé, em thường bị lấy đồ ăn mà không được hỏi....",RISK,validation,synthetic,
VNBL_05278,Con nói là tuần này các bạn cứ gọi em bằng biệt danh em ko thích.,RISK,train,synthetic,
VNBL_05279,Con nói là con bị chửi và xúc phạm trong giờ ra chơi.,RISK,train,synthetic,
VNBL_05280,Dạo này bé bị tát nhiều lần ngoài hành lang.,HIGH_RISK,train,synthetic,
VNBL_05281,Bạn Lan vô tình va vào con trong giờ ra chơi rồi xin lỗi.,SAFE,validation,synthetic,
VNBL_05282,dạo này các bạn chế ảnh của bé rồi gửi vào nhóm lớp.,RISK,train,synthetic,
VNBL_05283,Em nói bạn Vy dọa sẽ đánh em nếu em kể với cô.,HIGH_RISK,train,synthetic,
VNBL_05284,Con nói là bạn Linh đấm em vào người.,HIGH_RISK,train,synthetic,
VNBL_05285,Bạn Nam vô tình va vào con ở sân trường rồi xin lỗi.,SAFE,train,synthetic,
VNBL_05286,"theo lời bé, một nhóm bạn thường xuyên đạp vào chân em dưới bàn.",HIGH_RISK,train,synthetic,
VNBL_05287,Em nói bạn Phúc đấm em vào người.,HIGH_RISK,test,synthetic,
VNBL_05288,"theo lời bé, bạn Mai ép em phải đưa mật khẩu tài khoản và dọa đánh.",HIGH_RISK,train,synthetic,
VNBL_05289,"Theo lời bé, em không dám kể với cô vì sợ bị các bạn ghét hơn.",RISK,train,synthetic,
VNBL_05290,có bạn thường xuyên nói xấu con với các bạn khác.,RISK,test,synthetic,
VNBL_05291,Em nói bạn Mai nhắn tin xúc phạm em liên tục. ạ,RISK,train,synthetic,
VNBL_05292,Con nói là hôm qua em bị một nhóm bạn đánh trên xe đưa đón. ạ,HIGH_RISK,train,synthetic,
VNBL_05293,Bạn Nam mượn bút của em và đã trả lại....,SAFE,train,synthetic,
VNBL_05294,"em bị ngã lúc tan học khi đang chạy, không có ai xô bé.",SAFE,train,synthetic,
VNBL_05295,một nhóm bạn lấy tiền của bé và dọa ko được nói với bố mẹ.,HIGH_RISK,train,synthetic,
VNBL_05296,Dạo này một số bạn tung tin sai về em trong lớp.,RISK,train,synthetic,
VNBL_05297,"Theo lời bé, con ko muốn đi học vì sợ gặp nhóm bạn trong lớp....",RISK,train,synthetic,
VNBL_05298,Bé kể rằng bạn Huy lấy đồ của em rồi ko chịu trả.,RISK,validation,synthetic,
VNBL_05299,hôm nay lớp con học về chủ đề phòng chống bắt nạt học đường.,SAFE,train,synthetic,
VNBL_05300,"Theo lời bé, các bạn chế ảnh của em rồi gửi vào nhóm lớp....",RISK,validation,synthetic,
VNBL_05301,bạn Nam vô tình va vào em trong giờ ra chơi rồi xin lỗi.,SAFE,test,synthetic,
VNBL_05302,"Em bị ngã ngoài hành lang khi đang chạy, không có ai xô con. (lần kể 2)",SAFE,train,synthetic,
VNBL_05303,con sợ giờ ra chơi vì các bạn hay vây quanh trêu chọc. ạ,RISK,train,synthetic,
VNBL_05304,Bé kể rằng bạn Linh lấy đồ của em rồi ko chịu trả.,RISK,test,synthetic,
VNBL_05305,Bạn Hà vô tình va vào con ở sân trường rồi xin lỗi. ạ,SAFE,train,synthetic,
VNBL_05306,em bị chửi và xúc phạm trong giờ ra chơi.,RISK,test,synthetic,
VNBL_05307,Bạn An vô tình va vào bé trên xe đưa đón rồi xin lỗi.,SAFE,train,synthetic,
VNBL_05308,"Theo lời bé, bạn Hà lấy đồ của em rồi không chịu trả....",RISK,train,synthetic,
VNBL_05309,Con nói là bạn Linh lấy đồ của con rồi không chịu trả.,RISK,train,synthetic,
VNBL_05310,Em và bạn Linh tranh luận một chút rồi đã làm hòa. ạ (lần kể 2),SAFE,train,synthetic,
VNBL_05311,Con nói là bạn Linh lấy đồ của em rồi không chịu trả.,RISK,test,synthetic,
VNBL_05312,em nói gần đây em bị một nhóm bạn đánh trong giờ ra chơi.,HIGH_RISK,validation,synthetic,
VNBL_05313,Bạn An vô tình va vào em ngoài hành lang rồi xin lỗi....,SAFE,train,synthetic,
VNBL_05314,Dạo này có bạn dọa làm bé bị thương nếu em không làm theo.,HIGH_RISK,train,synthetic,
VNBL_05315,Bé kể rằng bé không dám kể với cô vì sợ bị các bạn ghét hơn.,RISK,validation,synthetic,
VNBL_05316,em bị đuổi ra khỏi nhóm chat của lớp....,RISK,train,synthetic,
VNBL_05317,con nói là các bạn quay video lúc đánh em rồi gửi vào nhóm.,HIGH_RISK,train,synthetic,
VNBL_05318,"Theo lời bé, hôm nay con bị một nhóm bạn đánh ở lớp.",HIGH_RISK,train,synthetic,
VNBL_05319,bạn Linh mượn bút của con và đã trả lại. (lần kể 2),SAFE,train,synthetic,
VNBL_05320,con nói là bạn Hà dọa sẽ đánh em nếu em kể với cô.,HIGH_RISK,train,synthetic,
VNBL_05321,Bé kể rằng bạn Minh đấm em vào người.,HIGH_RISK,test,synthetic,
VNBL_05322,Bé kể rằng bé ko muốn đi học vì sợ gặp nhóm bạn trong lớp.,RISK,train,synthetic,
VNBL_05323,"theo lời bé, có bạn bóp cổ em trong giờ ra chơi.",HIGH_RISK,validation,synthetic,
VNBL_05324,dạo này bạn Huy nhắn tin xúc phạm em liên tục.,RISK,test,synthetic,
VNBL_05325,Em với bạn Vy giành bóng khi chơi rồi tiếp tục chơi bình thường....,SAFE,validation,synthetic,
VNBL_05326,Em sợ bị cô gọi lên bảng vì chưa thuộc bài.... (lần kể 2),SAFE,test,synthetic,
VNBL_05327,"Theo lời bé, gần đây em bị một nhóm bạn đánh lúc tan học.",HIGH_RISK,train,synthetic,
VNBL_05328,"Theo lời bé, bé bị đuổi ra khỏi nhóm chat của lớp.",RISK,test,synthetic,
VNBL_05329,Bé kể rằng có bạn dọa làm em bị thương nếu em không làm theo....,HIGH_RISK,test,synthetic,
VNBL_05330,Con nói là gần đây em bị một nhóm bạn đánh trong giờ ra chơi....,HIGH_RISK,validation,synthetic,
VNBL_05331,dạo này bạn Hà dọa sẽ đánh em nếu em kể với cô.,HIGH_RISK,validation,synthetic,
VNBL_05332,Em nói có bạn dọa làm em bị thương nếu em không làm theo....,HIGH_RISK,validation,synthetic,
VNBL_05333,em và bạn Huy tranh luận một chút rồi đã làm hòa. (lần kể 2),SAFE,validation,synthetic,
VNBL_05334,Em với bạn Khánh giành bóng khi chơi rồi tiếp tục chơi bình thường. ạ,SAFE,test,synthetic,
VNBL_05335,Bạn Linh vô tình va vào con ở lớp rồi xin lỗi.,SAFE,train,synthetic,
VNBL_05336,bé kể rằng ngày nào họ cũng trêu con dù em đã bảo dừng.,RISK,train,synthetic,
VNBL_05337,Bạn Minh vô tình va vào em ở lớp rồi xin lỗi. ạ,SAFE,test,synthetic,
VNBL_05338,"Theo lời bé, em bị giữ tay để một bạn khác đánh. ạ",HIGH_RISK,train,synthetic,
VNBL_05339,Dạo này các bạn bắt em đưa tiền mỗi tuần....,HIGH_RISK,train,synthetic,
VNBL_05340,dạo này họ nhốt em trong nhà vệ sinh và ko cho ra.,HIGH_RISK,train,synthetic,
VNBL_05341,"Theo lời bé, bạn Vy dọa sẽ đánh em nếu em kể với cô.",HIGH_RISK,train,synthetic,
VNBL_05342,em bị chửi và xúc phạm trên xe đưa đón.,RISK,train,synthetic,
VNBL_05343,"Em bị ngã ở sân trường khi đang chạy, ko có ai xô em.",SAFE,train,synthetic,
VNBL_05344,em và bạn Trang tranh luận một chút rồi đã làm hòa. (lần kể 2),SAFE,train,synthetic,
VNBL_05345,"theo lời bé, bạn Minh dọa sẽ đánh em nếu em kể với cô.",HIGH_RISK,train,synthetic,
VNBL_05346,Bé kể rằng em bị kéo tóc và xô ngã....,HIGH_RISK,train,synthetic,
VNBL_05347,Bé kể rằng bạn Huy đấm em vào người. ạ,HIGH_RISK,train,synthetic,
VNBL_05348,Con nói là bạn Vy ép em phải đưa mật khẩu tài khoản và dọa đánh.,HIGH_RISK,train,synthetic,
VNBL_05349,Bạn Trang vô tình va vào em ở lớp rồi xin lỗi. ạ,SAFE,validation,synthetic,
VNBL_05350,"Bạn An nói câu đùa làm em khó chịu, sau đó bạn đã xin lỗi. (lần kể 2)",SAFE,validation,synthetic,
VNBL_05351,Dạo này em bị chửi và xúc phạm trên xe đưa đón.,RISK,train,synthetic,
VNBL_05352,em bị đau tay do chơi thể thao lúc tan học....,SAFE,test,synthetic,
VNBL_05353,em nói một số bạn tung tin sai về con trong lớp.,RISK,train,synthetic,
VNBL_05354,dạo này các bạn quay video lúc đánh em rồi gửi vào nhóm.,HIGH_RISK,train,synthetic,
VNBL_05355,em nói mấy bạn chặn đường em lúc tan học để đánh.,HIGH_RISK,train,synthetic,
VNBL_05356,Em nghỉ học hôm nay vì gia đình có việc....,SAFE,validation,synthetic,
VNBL_05357,"Theo lời bé, ngày nào họ cũng trêu em dù em đã bảo dừng....",RISK,train,synthetic,
VNBL_05358,Dạo này bạn Linh lấy đồ của em rồi không chịu trả.,RISK,train,synthetic,
VNBL_05359,Bé kể rằng các bạn chế ảnh của con rồi gửi vào nhóm lớp.,RISK,train,synthetic,
VNBL_05360,"Theo lời bé, em bị ép đưa đồ ăn và tiền cho các bạn. ạ",HIGH_RISK,validation,synthetic,
VNBL_05361,"bạn An nói câu đùa làm bé khó chịu, sau đó bạn đã xin lỗi. ạ",SAFE,train,synthetic,
VNBL_05362,Bạn Lan vô tình va vào em lúc tan học rồi xin lỗi.,SAFE,train,synthetic,
VNBL_05363,Lớp em xem video hướng dẫn cách báo với người lớn khi bị bắt nạt....,SAFE,train,synthetic,
VNBL_05364,"theo lời bé, các bạn quay video lúc đánh bé rồi gửi vào nhóm.",HIGH_RISK,test,synthetic,
VNBL_05365,Con nói là hôm nay con bị một nhóm bạn đánh ở lớp.,HIGH_RISK,validation,synthetic,
VNBL_05366,Bạn Huy vô tình va vào em lúc tan học rồi xin lỗi. ạ,SAFE,test,synthetic,
VNBL_05367,Bạn Huy vô tình va vào em ngoài hành lang rồi xin lỗi. (lần kể 2),SAFE,train,synthetic,
VNBL_05368,Con nói là các bạn không cho em chơi cùng lúc tan học.,RISK,train,synthetic,
VNBL_05369,"Bạn Lan nói câu đùa làm bé khó chịu, sau đó bạn đã xin lỗi. (lần kể 2)",SAFE,train,synthetic,
VNBL_05370,"Bạn Minh nói câu đùa làm em khó chịu, sau đó bạn đã xin lỗi. (lần kể 2)",SAFE,train,synthetic,
VNBL_05371,Bạn Hà vô tình va vào em ở lớp rồi xin lỗi. (lần kể 2),SAFE,train,synthetic,
VNBL_05372,Bạn Trang vô tình va vào em ngoài hành lang rồi xin lỗi. (lần kể 2),SAFE,train,synthetic,
VNBL_05373,"theo lời bé, em bị tát nhiều lần trên xe đưa đón.",HIGH_RISK,train,synthetic,
VNBL_05374,Bé kể rằng có bạn bắt em làm bài hộ nếu ko sẽ nói xấu em.,RISK,train,synthetic,
VNBL_05375,"Theo lời bé, bạn Mai dọa sẽ đánh em nếu em kể với cô. ạ",HIGH_RISK,train,synthetic,
VNBL_05376,"em bị ngã ở lớp khi đang chạy, ko có ai xô em.",SAFE,train,synthetic,
VNBL_05377,"theo lời bé, các bạn không cho em chơi cùng lúc tan học.",RISK,train,synthetic,
VNBL_05378,con nói là họ nhốt con trong nhà vệ sinh và không cho ra.,HIGH_RISK,train,synthetic,
VNBL_05379,Bạn Lan vô tình va vào em ở sân trường rồi xin lỗi....,SAFE,validation,synthetic,
VNBL_05380,em nói con không muốn đi học vì sợ gặp nhóm bạn trong lớp. ạ,RISK,train,synthetic,
VNBL_05381,"Theo lời bé, các bạn quay video lúc đánh em rồi gửi vào nhóm. ạ",HIGH_RISK,train,synthetic,
VNBL_05382,Bé kể rằng các bạn cố tình làm hỏng đồ dùng của con.,RISK,train,synthetic,
VNBL_05383,con nói là họ dọa sẽ tiếp tục đánh nếu em báo với người lớn.,HIGH_RISK,train,synthetic,
VNBL_05384,Bạn Phúc vô tình va vào em trong giờ ra chơi rồi xin lỗi. ạ,SAFE,train,synthetic,
VNBL_05385,"Theo lời bé, bạn An ép em phải đưa mật khẩu tài khoản và dọa đánh....",HIGH_RISK,test,synthetic,
VNBL_05386,bạn Phúc vô tình va vào em ngoài hành lang rồi xin lỗi.,SAFE,train,synthetic,
VNBL_05387,Em nói hôm nay các bạn cứ gọi em bằng biệt danh em ko thích. ạ,RISK,train,synthetic,
VNBL_05388,Bé kể rằng họ nói tan học đợi đấy rồi vây em ở cổng trường.,HIGH_RISK,validation,synthetic,
VNBL_05389,Dạo này bạn Minh nhắn tin xúc phạm em liên tục.,RISK,train,synthetic,
VNBL_05390,bé kể rằng mấy bạn chặn đường em lúc tan học để đánh.,HIGH_RISK,train,synthetic,
VNBL_05391,Em nói bạn Minh ép em phải đưa mật khẩu tài khoản và dọa đánh.,HIGH_RISK,train,synthetic,
VNBL_05392,em nói con cảm thấy bị cô lập vì không ai trong nhóm chịu nói chuyện với em.,RISK,test,synthetic,
VNBL_05393,em và bạn Hà tranh luận một chút rồi đã làm hòa. (lần kể 2),SAFE,test,synthetic,
VNBL_05394,bạn Khánh mượn bút của em và đã trả lại.,SAFE,validation,synthetic,
VNBL_05395,Dạo này tuần này em bị một nhóm bạn đánh ngoài hành lang.,HIGH_RISK,train,synthetic,
VNBL_05396,Bạn Khánh vô tình va vào con trên xe đưa đón rồi xin lỗi.,SAFE,validation,synthetic,
VNBL_05397,Bạn An vô tình va vào em ở lớp rồi xin lỗi. ạ,SAFE,train,synthetic,
VNBL_05398,Em nói bạn Huy đấm em vào người.,HIGH_RISK,validation,synthetic,
VNBL_05399,bạn Huy nhắn tin xúc phạm em liên tục.,RISK,train,synthetic,
VNBL_05400,"Theo lời bé, bạn Minh nhắn tin xúc phạm bé liên tục.",RISK,train,synthetic,
VNBL_05401,Bé kể rằng tuần này em bị một nhóm bạn đánh trên xe đưa đón.,HIGH_RISK,train,synthetic,
VNBL_05402,bạn Linh mượn bút của em và đã trả lại. (lần kể 2),SAFE,train,synthetic,
VNBL_05403,em và bạn Nam tranh luận một chút rồi đã làm hòa. (lần kể 2),SAFE,test,synthetic,
VNBL_05404,"Theo lời bé, mỗi giờ ra chơi các bạn cứ gọi bé bằng biệt danh em không thích.",RISK,test,synthetic,
VNBL_05405,bé kể rằng có người đăng bài bêu xấu bé trên mạng. ạ,RISK,train,synthetic,
VNBL_05406,Bạn Phúc vô tình va vào con ngoài hành lang rồi xin lỗi. (lần kể 2),SAFE,validation,synthetic,
VNBL_05407,bạn Minh mượn bút của con và đã trả lại.,SAFE,test,synthetic,
VNBL_05408,Bạn Trang vô tình va vào em trong giờ ra chơi rồi xin lỗi.,SAFE,validation,synthetic,
VNBL_05409,"em bị ngã ở lớp khi đang chạy, không có ai xô bé.",SAFE,train,synthetic,
VNBL_05410,bạn Phúc vô tình va vào em lúc tan học rồi xin lỗi. (lần kể 2),SAFE,validation,synthetic,
VNBL_05411,Bé kể rằng các bạn không cho em chơi cùng ngoài hành lang....,RISK,train,synthetic,
VNBL_05412,lớp em xem video hướng dẫn cách báo với người lớn khi bị bắt nạt.,SAFE,train,synthetic,
VNBL_05413,Nhóm của em không chọn ý tưởng của em nhưng mọi người vẫn làm việc cùng nhau. (lần kể 2),SAFE,train,synthetic,
VNBL_05414,Bạn Mai vô tình va vào em trong giờ ra chơi rồi xin lỗi. ạ,SAFE,train,synthetic,
VNBL_05415,Dạo này họ nói tan học đợi đấy rồi vây con ở cổng trường.,HIGH_RISK,train,synthetic,
VNBL_05416,"theo lời bé, tuần này các bạn cứ gọi em bằng biệt danh em không thích.",RISK,validation,synthetic,
VNBL_05417,dạo này bạn Mai dọa sẽ đánh em nếu em kể với cô....,HIGH_RISK,train,synthetic,
VNBL_05418,bé kể rằng bé không dám kể với cô vì sợ bị các bạn ghét hơn.,RISK,train,synthetic,
VNBL_05419,bé kể rằng họ dọa sẽ tiếp tục đánh nếu em báo với người lớn.,HIGH_RISK,train,synthetic,
VNBL_05420,em với bạn Minh giành bóng khi chơi rồi tiếp tục chơi bình thường. (lần kể 2),SAFE,train,synthetic,
VNBL_05421,em có vết bầm vì bị bạn đánh ở lớp. ạ,HIGH_RISK,train,synthetic,
VNBL_05422,Dạo này em không dám kể với cô vì sợ bị các bạn ghét hơn.,RISK,train,synthetic,
VNBL_05423,Em nói em bị tát nhiều lần ngoài hành lang. ạ,HIGH_RISK,test,synthetic,
VNBL_05424,"Theo lời bé, mấy hôm nay các bạn cứ gọi em bằng biệt danh em không thích.",RISK,train,synthetic,
VNBL_05425,em và bạn Khánh tranh luận một chút rồi đã làm hòa. (lần kể 2),SAFE,validation,synthetic,
VNBL_05426,bạn Minh nhắn tin xúc phạm em liên tục.,RISK,train,synthetic,
VNBL_05427,bé kể rằng ngày nào họ cũng trêu em dù em đã bảo dừng.,RISK,train,synthetic,
VNBL_05428,Em nói mỗi giờ ra chơi bé bị một nhóm bạn đánh ở sân trường.,HIGH_RISK,train,synthetic,
VNBL_05429,bạn Trang mượn bút của bé và đã trả lại.,SAFE,train,synthetic,
VNBL_05430,bé kể rằng các bạn quay video lúc đánh em rồi gửi vào nhóm....,HIGH_RISK,train,synthetic,
VNBL_05431,Bạn An vô tình va vào em ở sân trường rồi xin lỗi.,SAFE,validation,synthetic,
VNBL_05432,tuần này con đi học bình thường và chơi với các bạn.,SAFE,train,synthetic,
VNBL_05433,"theo lời bé, em bị chửi và xúc phạm trong giờ ra chơi.",RISK,train,synthetic,
VNBL_05434,Bé kể rằng bé bị giấu cặp sách và đồ dùng học tập.,RISK,train,synthetic,
VNBL_05435,Bé kể rằng mấy hôm nay em bị một nhóm bạn đánh ngoài hành lang....,HIGH_RISK,train,synthetic,
VNBL_05436,"theo lời bé, bạn Lan lấy đồ của em rồi ko chịu trả.",RISK,validation,synthetic,
VNBL_05437,Em nói các bạn không cho em chơi cùng ngoài hành lang. ạ,RISK,test,synthetic,
VNBL_05438,Dạo này mấy bạn ném đồ cứng vào em và cười. ạ,HIGH_RISK,train,synthetic,
VNBL_05439,"bạn Phúc nói câu đùa làm con khó chịu, sau đó bạn đã xin lỗi.",SAFE,test,synthetic,
VNBL_05440,em nói các bạn không cho con chơi cùng ở lớp....,RISK,train,synthetic,
VNBL_05441,"Em bị ngã trong giờ ra chơi khi đang chạy, ko có ai xô em....",SAFE,train,synthetic,
VNBL_05442,"mẹ hỏi em có bị bạn nào bắt nạt không, em nói là không....",SAFE,train,synthetic,
VNBL_05443,con nói là em bị giữ tay để một bạn khác đánh.,HIGH_RISK,train,synthetic,
VNBL_05444,Bạn Nam vô tình va vào em ngoài hành lang rồi xin lỗi....,SAFE,validation,synthetic,
VNBL_05445,Bé kể rằng mấy bạn ném đồ cứng vào em và cười.,HIGH_RISK,train,synthetic,
VNBL_05446,Dạo này một số bạn tung tin sai về con trong lớp.,RISK,train,synthetic,
VNBL_05447,Em nói họ dọa sẽ tiếp tục đánh nếu em báo với người lớn.,HIGH_RISK,train,synthetic,
VNBL_05448,"Em bị ngã ở lớp khi đang chạy, không có ai xô em.... (lần kể 2)",SAFE,train,synthetic,
VNBL_05449,con nói là con bị chặn ở cổng trường và cướp tiền.,HIGH_RISK,train,synthetic,
VNBL_05450,bạn An lấy đồ của em rồi ko chịu trả.,RISK,train,synthetic,
VNBL_05451,Em thấy hai bạn khác cãi nhau nhưng em ko liên quan.,SAFE,train,synthetic,
VNBL_05452,Con nói là tuần này em bị một nhóm bạn đánh trong giờ ra chơi.,HIGH_RISK,train,synthetic,
VNBL_05453,"Theo lời bé, các bạn bắt em đưa tiền mỗi tuần....",HIGH_RISK,train,synthetic,
VNBL_05454,bạn Lan vô tình va vào con lúc tan học rồi xin lỗi.,SAFE,train,synthetic,
VNBL_05455,mấy bạn thường xuyên cười nhạo bé trước lớp.,RISK,validation,synthetic,
VNBL_05456,Dạo này em bị chửi và xúc phạm ngoài hành lang. ạ,RISK,train,synthetic,
VNBL_05457,Con nói là em bị tát nhiều lần lúc tan học. ạ,HIGH_RISK,train,synthetic,
VNBL_05458,Em thấy hai bạn khác cãi nhau nhưng bé ko liên quan.,SAFE,train,synthetic,
VNBL_05459,Dạo này em bị ép đưa đồ ăn và tiền cho các bạn....,HIGH_RISK,train,synthetic,
VNBL_05460,Bạn Khánh mượn bút của em và đã trả lại. ạ (lần kể 2),SAFE,train,synthetic,
VNBL_05461,Con nói là họ nhốt con trong nhà vệ sinh và không cho ra.,HIGH_RISK,train,synthetic,
VNBL_05462,Bé kể rằng em có vết bầm vì bị bạn đánh trên xe đưa đón. ạ,HIGH_RISK,validation,synthetic,
VNBL_05463,mỗi giờ ra chơi em bị một nhóm bạn đánh ở sân trường.,HIGH_RISK,train,synthetic,
VNBL_05464,"Em bị ngã lúc tan học khi đang chạy, ko có ai xô bé.",SAFE,validation,synthetic,
VNBL_05465,có bạn dọa làm em bị thương nếu em không làm theo.,HIGH_RISK,validation,synthetic,
VNBL_05466,Con nói là bạn Linh nhắn tin xúc phạm bé liên tục.,RISK,train,synthetic,
VNBL_05467,Bạn Trang vô tình va vào em ngoài hành lang rồi xin lỗi....,SAFE,train,synthetic,
VNBL_05468,em nói em có vết bầm vì bị bạn đánh ngoài hành lang.,HIGH_RISK,train,synthetic,
VNBL_05469,Con nói là bạn Huy đấm em vào người.,HIGH_RISK,test,synthetic,
VNBL_05470,Con nói là con có vết bầm vì bị bạn đánh trên xe đưa đón.,HIGH_RISK,test,synthetic,
VNBL_05471,con nói là mỗi giờ ra chơi em bị một nhóm bạn đánh trên xe đưa đón.,HIGH_RISK,train,synthetic,
VNBL_05472,Bạn Mai vô tình va vào con trong giờ ra chơi rồi xin lỗi. (lần kể 2),SAFE,train,synthetic,
VNBL_05473,Bé kể rằng bạn Mai dọa sẽ đánh con nếu em kể với cô.,HIGH_RISK,train,synthetic,
VNBL_05474,Bạn Minh vô tình va vào em lúc tan học rồi xin lỗi.,SAFE,validation,synthetic,
VNBL_05475,dạo này bạn Linh ép em phải đưa mật khẩu tài khoản và dọa đánh.,HIGH_RISK,test,synthetic,
VNBL_05476,có người đăng bài bêu xấu bé trên mạng....,RISK,train,synthetic,
VNBL_05477,nhóm của em không chọn ý tưởng của em nhưng mọi người vẫn làm việc cùng nhau....,SAFE,validation,synthetic,
VNBL_05478,Con nói là em bị giữ tay để một bạn khác đánh. ạ,HIGH_RISK,train,synthetic,
VNBL_05479,"theo lời bé, hôm nay em bị một nhóm bạn đánh ngoài hành lang.",HIGH_RISK,train,synthetic,
VNBL_05480,Em nói em có vết bầm vì bị bạn đánh ở lớp.,HIGH_RISK,train,synthetic,
VNBL_05481,Em thấy hai bạn khác cãi nhau nhưng em không liên quan.,SAFE,test,synthetic,
VNBL_05482,Dạo này con thường bị lấy đồ ăn mà không được hỏi.,RISK,validation,synthetic,
VNBL_05483,bạn Vy vô tình va vào em trên xe đưa đón rồi xin lỗi.,SAFE,train,synthetic,
VNBL_05484,"Theo lời bé, bạn Minh lấy đồ của bé rồi không chịu trả.",RISK,train,synthetic,
VNBL_05485,Nhóm của em ko chọn ý tưởng của em nhưng mọi người vẫn làm việc cùng nhau.,SAFE,validation,synthetic,
VNBL_05486,Dạo này ngày nào họ cũng trêu em dù em đã bảo dừng.,RISK,test,synthetic,
VNBL_05487,"theo lời bé, có bạn thường xuyên nói xấu em với các bạn khác. ạ",RISK,test,synthetic,
VNBL_05488,bạn Vy dọa sẽ đánh em nếu em kể với cô.,HIGH_RISK,validation,synthetic,
VNBL_05489,con nói là bạn Khánh dọa sẽ đánh em nếu em kể với cô.,HIGH_RISK,validation,synthetic,
VNBL_05490,Dạo này em có vết bầm vì bị bạn đánh ở sân trường.,HIGH_RISK,train,synthetic,
VNBL_05491,em nói em ko dám phát biểu vì các bạn hay cười nhạo.,RISK,validation,synthetic,
VNBL_05492,Bạn Phúc vô tình va vào con trên xe đưa đón rồi xin lỗi.,SAFE,train,synthetic,
VNBL_05493,Lớp em xem video hướng dẫn cách báo với người lớn khi bị bắt nạt.... (lần kể 2),SAFE,train,synthetic,
VNBL_05494,Bạn Phúc mượn bút của con và đã trả lại.,SAFE,train,synthetic,
VNBL_05495,Bạn Mai vô tình va vào em ở sân trường rồi xin lỗi. (lần kể 2),SAFE,train,synthetic,
VNBL_05496,Bạn Khánh mượn bút của em và đã trả lại. (lần kể 2),SAFE,test,synthetic,
VNBL_05497,Dạo này gần đây em bị một nhóm bạn đánh ở sân trường.,HIGH_RISK,train,synthetic,
VNBL_05498,Em nói các bạn không cho em chơi cùng ở sân trường. ạ,RISK,train,synthetic,
VNBL_05499,Em thấy hai bạn khác cãi nhau nhưng em ko liên quan. ạ,SAFE,train,synthetic,
VNBL_05500,Con nói là họ nói tan học đợi đấy rồi vây bé ở cổng trường.,HIGH_RISK,train,synthetic,
VNBL_05501,Bạn Lan mượn bút của em và đã trả lại....,SAFE,train,synthetic,
VNBL_05502,bé kể rằng có bạn thường xuyên nói xấu bé với các bạn khác.,RISK,train,synthetic,
VNBL_05503,em nói tuần này em bị một nhóm bạn đánh trên xe đưa đón.,HIGH_RISK,train,synthetic,
VNBL_05504,Dạo này con có vết bầm vì bị bạn đánh lúc tan học.,HIGH_RISK,validation,synthetic,
VNBL_05505,Bạn Hà vô tình va vào em ở sân trường rồi xin lỗi....,SAFE,train,synthetic,
VNBL_05506,"Theo lời bé, em ko dám kể với cô vì sợ bị các bạn ghét hơn. ạ",RISK,test,synthetic,
VNBL_05507,em bị chửi và xúc phạm ngoài hành lang. ạ,RISK,train,synthetic,
VNBL_05508,"theo lời bé, bạn Hà lấy đồ của em rồi ko chịu trả.",RISK,test,synthetic,
VNBL_05509,Con nói là họ nói tan học đợi đấy rồi vây em ở cổng trường.,HIGH_RISK,train,synthetic,
VNBL_05510,Bạn Hà vô tình va vào bé ngoài hành lang rồi xin lỗi.,SAFE,test,synthetic,
VNBL_05511,bé kể rằng em ko dám phát biểu vì các bạn hay cười nhạo.,RISK,train,synthetic,
VNBL_05512,bạn Phúc ép con phải đưa mật khẩu tài khoản và dọa đánh.,HIGH_RISK,train,synthetic,
VNBL_05513,con nói là các bạn không cho em chơi cùng lúc tan học....,RISK,test,synthetic,
VNBL_05514,Dạo này họ nhốt con trong nhà vệ sinh và không cho ra.,HIGH_RISK,train,synthetic,
VNBL_05515,Bạn Phúc vô tình va vào bé ở sân trường rồi xin lỗi.,SAFE,train,synthetic,
VNBL_05516,Dạo này hôm nay em bị một nhóm bạn đánh ở lớp.,HIGH_RISK,train,synthetic,
VNBL_05517,Con nói là bạn Vy dọa sẽ đánh em nếu em kể với cô.,HIGH_RISK,test,synthetic,
VNBL_05518,Cô giáo nhắc cả lớp ko được đánh nhau và phải tôn trọng nhau.,SAFE,train,synthetic,
VNBL_05519,Em nói em bị giữ tay để một bạn khác đánh. ạ,HIGH_RISK,train,synthetic,
VNBL_05520,Em nói các bạn cố tình làm hỏng đồ dùng của em.,RISK,train,synthetic,
VNBL_05521,em nói con bị kéo tóc và xô ngã.,HIGH_RISK,train,synthetic,
VNBL_05522,"Mẹ hỏi bé có bị bạn nào bắt nạt không, em nói là không. ạ",SAFE,train,synthetic,
VNBL_05523,Bé kể rằng tuần này các bạn cứ gọi em bằng biệt danh em không thích.,RISK,train,synthetic,
VNBL_05524,Bạn Phúc vô tình va vào con ngoài hành lang rồi xin lỗi.,SAFE,train,synthetic,
VNBL_05525,Bé kể rằng con bị giấu cặp sách và đồ dùng học tập.,RISK,validation,synthetic,
VNBL_05526,em và bạn Mai tranh luận một chút rồi đã làm hòa. (lần kể 2),SAFE,train,synthetic,
VNBL_05527,Con nói là em thường bị lấy đồ ăn mà không được hỏi.,RISK,train,synthetic,
VNBL_05528,Dạo này hôm qua em bị một nhóm bạn đánh lúc tan học.,HIGH_RISK,train,synthetic,
VNBL_05529,em bị loại khỏi các hoạt động của nhóm nhiều lần. ạ,RISK,train,synthetic,
VNBL_05530,em muốn chuyển chỗ ngồi vì gần cửa sổ bị nắng. (lần kể 2),SAFE,validation,synthetic,
VNBL_05531,bé kể rằng có bạn bóp cổ em trong giờ ra chơi.,HIGH_RISK,validation,synthetic,
VNBL_05532,Em nói em cảm thấy bị cô lập vì ko ai trong nhóm chịu nói chuyện với em. ạ,RISK,train,synthetic,
VNBL_05533,"Bạn Huy nói câu đùa làm em khó chịu, sau đó bạn đã xin lỗi. ạ",SAFE,train,synthetic,
VNBL_05534,có bạn thường xuyên nói xấu em với các bạn khác....,RISK,train,synthetic,
VNBL_05535,"Em bị ngã lúc tan học khi đang chạy, ko có ai xô bé. ạ",SAFE,train,synthetic,
VNBL_05536,Em nói gần đây các bạn cứ gọi con bằng biệt danh em không thích.,RISK,test,synthetic,
VNBL_05537,Em nói một nhóm bạn thường xuyên đạp vào chân em dưới bàn. ạ,HIGH_RISK,train,synthetic,
VNBL_05538,Bạn Phúc vô tình va vào em lúc tan học rồi xin lỗi.,SAFE,train,synthetic,
VNBL_05539,Bạn Trang vô tình va vào em trong giờ ra chơi rồi xin lỗi. ạ (lần kể 2),SAFE,train,synthetic,
VNBL_05540,"Em bị ngã trong giờ ra chơi khi đang chạy, không có ai xô em.",SAFE,validation,synthetic,
VNBL_05541,Em nói em cảm thấy bị cô lập vì ko ai trong nhóm chịu nói chuyện với em.,RISK,train,synthetic,
VNBL_05542,em nói em sợ giờ ra chơi vì các bạn hay vây quanh trêu chọc.,RISK,test,synthetic,
VNBL_05543,Con nói là con bị giấu cặp sách và đồ dùng học tập.,RISK,train,synthetic,
VNBL_05544,có bạn bắt em làm bài hộ nếu ko sẽ nói xấu em.,RISK,train,synthetic,
VNBL_05545,Con nói là bé bị chửi và xúc phạm ở lớp.,RISK,train,synthetic,
VNBL_05546,bạn Linh lấy đồ của em rồi không chịu trả. ạ,RISK,validation,synthetic,
VNBL_05547,bạn Khánh vô tình va vào em ngoài hành lang rồi xin lỗi. ạ,SAFE,test,synthetic,
VNBL_05548,bạn Mai đấm con vào người.,HIGH_RISK,test,synthetic,
VNBL_05549,bạn An mượn bút của em và đã trả lại. (lần kể 2),SAFE,train,synthetic,
VNBL_05550,hôm nay em làm rơi hộp bút và bạn đã nhặt giúp. ạ,SAFE,validation,synthetic,
VNBL_05551,"theo lời bé, em cảm thấy bị cô lập vì không ai trong nhóm chịu nói chuyện với em.",RISK,train,synthetic,
VNBL_05552,con có vết bầm vì bị bạn đánh ngoài hành lang.,HIGH_RISK,validation,synthetic,
VNBL_05553,"theo lời bé, bé bị ép làm việc em không muốn và bị đe dọa nếu từ chối.",HIGH_RISK,train,synthetic,
VNBL_05554,em với bạn Mai giành bóng khi chơi rồi tiếp tục chơi bình thường.,SAFE,train,synthetic,
VNBL_05555,Em nói có bạn dọa làm em bị thương nếu em không làm theo.,HIGH_RISK,train,synthetic,
VNBL_05556,Bạn An vô tình va vào em ở lớp rồi xin lỗi.,SAFE,train,synthetic,
VNBL_05557,con nói là các bạn cố tình làm hỏng đồ dùng của em....,RISK,test,synthetic,
VNBL_05558,Con nói là bạn Huy nhắn tin xúc phạm em liên tục....,RISK,train,synthetic,
VNBL_05559,"Theo lời bé, em bị ép đưa đồ ăn và tiền cho các bạn....",HIGH_RISK,train,synthetic,
VNBL_05560,Con nói là hôm qua các bạn cứ gọi bé bằng biệt danh em không thích.,RISK,validation,synthetic,
VNBL_05561,Em nói các bạn không cho bé chơi cùng ngoài hành lang.,RISK,train,synthetic,
VNBL_05562,Bạn Trang vô tình va vào bé ở sân trường rồi xin lỗi.,SAFE,train,synthetic,
VNBL_05563,bạn Minh vô tình va vào con trong giờ ra chơi rồi xin lỗi.,SAFE,test,synthetic,
VNBL_05564,Em nghỉ học hôm nay vì gia đình có việc.,SAFE,train,synthetic,
VNBL_05565,con nói là bạn Trang nhắn tin xúc phạm em liên tục.,RISK,train,synthetic,
VNBL_05566,em và bạn Khánh tranh luận một chút rồi đã làm hòa. ạ,SAFE,train,synthetic,
VNBL_05567,Em nói bạn Mai đấm em vào người.,HIGH_RISK,train,synthetic,
VNBL_05568,Dạo này họ nhốt em trong nhà vệ sinh và không cho ra. ạ,HIGH_RISK,train,synthetic,
VNBL_05569,Em nói ngày nào họ cũng trêu con dù em đã bảo dừng.,RISK,train,synthetic,
VNBL_05570,Bé kể rằng các bạn quay video lúc đánh em rồi gửi vào nhóm. ạ,HIGH_RISK,train,synthetic,
VNBL_05571,Bé kể rằng họ dọa sẽ tiếp tục đánh nếu em báo với người lớn. ạ,HIGH_RISK,train,synthetic,
VNBL_05572,Dạo này em không dám phát biểu vì các bạn hay cười nhạo....,RISK,train,synthetic,
VNBL_05573,Con nói là các bạn quay video lúc em khóc rồi gửi cho nhau. ạ,RISK,validation,synthetic,
VNBL_05574,Bạn An mượn bút của con và đã trả lại. ạ,SAFE,train,synthetic,
VNBL_05575,Con nói là em bị ép làm việc em không muốn và bị đe dọa nếu từ chối.,HIGH_RISK,test,synthetic,
VNBL_05576,các bạn chế ảnh của con rồi gửi vào nhóm lớp.,RISK,validation,synthetic,
VNBL_05577,"Theo lời bé, tuần này em bị một nhóm bạn đánh lúc tan học.",HIGH_RISK,train,synthetic,
VNBL_05578,Con nói là bạn Minh dọa sẽ đánh em nếu em kể với cô.,HIGH_RISK,train,synthetic,
VNBL_05579,Con nói là bạn Huy dọa sẽ đánh em nếu em kể với cô.,HIGH_RISK,train,synthetic,
VNBL_05580,Em nói bạn Khánh lấy đồ của con rồi không chịu trả.,RISK,train,synthetic,
VNBL_05581,Em nói em bị chửi và xúc phạm trên xe đưa đón.,RISK,train,synthetic,
VNBL_05582,Em nói bạn Lan nhắn tin xúc phạm con liên tục.,RISK,validation,synthetic,
VNBL_05583,Bé kể rằng hôm nay em bị một nhóm bạn đánh ở sân trường.,HIGH_RISK,train,synthetic,
VNBL_05584,bạn Nam lấy đồ của em rồi không chịu trả. ạ,RISK,train,synthetic,
VNBL_05585,Con nói là em không dám kể với cô vì sợ bị các bạn ghét hơn.,RISK,train,synthetic,
VNBL_05586,bạn Vy vô tình va vào con lúc tan học rồi xin lỗi.,SAFE,train,synthetic,
VNBL_05587,Bé kể rằng bé bị ép đưa đồ ăn và tiền cho các bạn.,HIGH_RISK,train,synthetic,
VNBL_05588,bé kể rằng bạn Linh nhắn tin xúc phạm bé liên tục. ạ,RISK,validation,synthetic,
VNBL_05589,"theo lời bé, em bị chửi và xúc phạm ngoài hành lang.",RISK,test,synthetic,
VNBL_05590,Dạo này bạn Hà dọa sẽ đánh em nếu em kể với cô.,HIGH_RISK,train,synthetic,
VNBL_05591,"Theo lời bé, em bị ép làm việc em ko muốn và bị đe dọa nếu từ chối....",HIGH_RISK,train,synthetic,
VNBL_05592,các bạn ko cho em chơi cùng trên xe đưa đón.,RISK,train,synthetic,
VNBL_05593,bạn Nam lấy đồ của em rồi không chịu trả.,RISK,train,synthetic,
VNBL_05594,Em nói một nhóm bạn lấy tiền của em và dọa không được nói với bố mẹ....,HIGH_RISK,train,synthetic,
VNBL_05595,"Bạn Nam nói câu đùa làm em khó chịu, sau đó bạn đã xin lỗi....",SAFE,validation,synthetic,
VNBL_05596,Con nói là bé bị đánh nhiều lần trong tuần này.,HIGH_RISK,train,synthetic,
VNBL_05597,bé kể rằng mấy hôm nay các bạn cứ gọi em bằng biệt danh em không thích.,RISK,train,synthetic,
VNBL_05598,"Theo lời bé, có bạn thường xuyên nói xấu con với các bạn khác.",RISK,train,synthetic,
VNBL_05599,Bạn Mai vô tình va vào con ngoài hành lang rồi xin lỗi.,SAFE,validation,synthetic,
VNBL_05600,Dạo này các bạn không cho em chơi cùng trên xe đưa đón.,RISK,train,synthetic,
VNBL_05601,bạn Minh ép em phải đưa mật khẩu tài khoản và dọa đánh.,HIGH_RISK,train,synthetic,
VNBL_05602,"Bạn Trang nói câu đùa làm bé khó chịu, sau đó bạn đã xin lỗi.",SAFE,train,synthetic,
VNBL_05603,Bé kể rằng em cảm thấy bị cô lập vì không ai trong nhóm chịu nói chuyện với em....,RISK,train,synthetic,
VNBL_05604,Bé kể rằng bạn Nam lấy đồ của em rồi không chịu trả.,RISK,train,synthetic,
VNBL_05605,em nói các bạn quay video lúc đánh em rồi gửi vào nhóm. ạ,HIGH_RISK,train,synthetic,
VNBL_05606,Bé kể rằng em bị đuổi ra khỏi nhóm chat của lớp.,RISK,train,synthetic,
VNBL_05607,Bé kể rằng bé bị giữ tay để một bạn khác đánh.,HIGH_RISK,train,synthetic,
VNBL_05608,bé kể rằng các bạn quay video lúc bé khóc rồi gửi cho nhau.,RISK,train,synthetic,
VNBL_05609,bạn Khánh mượn bút của bé và đã trả lại. (lần kể 2),SAFE,validation,synthetic,
VNBL_05610,Em nói mỗi giờ ra chơi con bị một nhóm bạn đánh trên xe đưa đón.,HIGH_RISK,test,synthetic,
VNBL_05611,Bạn Huy vô tình va vào con trong giờ ra chơi rồi xin lỗi.,SAFE,validation,synthetic,
VNBL_05612,Con nói là tuần này bé bị một nhóm bạn đánh ngoài hành lang.,HIGH_RISK,test,synthetic,
VNBL_05613,"Bạn Hà nói câu đùa làm em khó chịu, sau đó bạn đã xin lỗi.... (lần kể 2)",SAFE,validation,synthetic,
VNBL_05614,"Mẹ hỏi bé có bị bạn nào bắt nạt không, em nói là không. (lần kể 2)",SAFE,train,synthetic,
VNBL_05615,dạo này các bạn không cho em chơi cùng ở sân trường.,RISK,train,synthetic,
VNBL_05616,em bị đau tay do chơi thể thao ở lớp. (lần kể 2),SAFE,train,synthetic,
VNBL_05617,Dạo này em bị giấu cặp sách và đồ dùng học tập.,RISK,train,synthetic,
VNBL_05618,"bạn Khánh nói câu đùa làm em khó chịu, sau đó bạn đã xin lỗi....",SAFE,train,synthetic,
VNBL_05619,bạn Mai vô tình va vào bé ngoài hành lang rồi xin lỗi.,SAFE,train,synthetic,
VNBL_05620,em nói bạn Minh dọa sẽ đánh em nếu em kể với cô.,HIGH_RISK,test,synthetic,
VNBL_05621,bạn Lan vô tình va vào con trên xe đưa đón rồi xin lỗi.,SAFE,validation,synthetic,
VNBL_05622,Con nói là bạn Mai ép con phải đưa mật khẩu tài khoản và dọa đánh.,HIGH_RISK,train,synthetic,
VNBL_05623,"Theo lời bé, ngày nào họ cũng trêu con dù em đã bảo dừng.",RISK,train,synthetic,
VNBL_05624,bạn Khánh dọa sẽ đánh em nếu em kể với cô. ạ,HIGH_RISK,train,synthetic,
VNBL_05625,Dạo này bạn Mai dọa sẽ đánh em nếu em kể với cô.,HIGH_RISK,test,synthetic,
VNBL_05626,"theo lời bé, bạn Huy lấy đồ của em rồi không chịu trả.",RISK,validation,synthetic,
VNBL_05627,"Bạn Hà nói câu đùa làm bé khó chịu, sau đó bạn đã xin lỗi.",SAFE,validation,synthetic,
VNBL_05628,Con nói là bạn Mai đấm em vào người.,HIGH_RISK,train,synthetic,
VNBL_05629,"bạn An nói câu đùa làm em khó chịu, sau đó bạn đã xin lỗi. ạ",SAFE,train,synthetic,
VNBL_05630,em nói em bị chửi và xúc phạm trên xe đưa đón.,RISK,train,synthetic,
VNBL_05631,nhóm của em không chọn ý tưởng của em nhưng mọi người vẫn làm việc cùng nhau. (lần kể 2),SAFE,test,synthetic,
VNBL_05632,một số bạn tung tin sai về con trong lớp. ạ,RISK,train,synthetic,
VNBL_05633,"Theo lời bé, cả nhóm cố tình không cho bé ngồi cùng.",RISK,train,synthetic,
VNBL_05634,Bạn Phúc vô tình va vào con lúc tan học rồi xin lỗi.,SAFE,train,synthetic,
VNBL_05635,Con nói là tuần này em bị một nhóm bạn đánh lúc tan học.,HIGH_RISK,train,synthetic,
VNBL_05636,Bé kể rằng con thường bị lấy đồ ăn mà không được hỏi.,RISK,train,synthetic,
VNBL_05637,Bé kể rằng mỗi giờ ra chơi em bị một nhóm bạn đánh ngoài hành lang.,HIGH_RISK,train,synthetic,
VNBL_05638,cô giáo nhắc cả lớp không được đánh nhau và phải tôn trọng nhau. ạ (lần kể 2),SAFE,train,synthetic,
VNBL_05639,Bạn Mai vô tình va vào bé ngoài hành lang rồi xin lỗi.,SAFE,train,synthetic,
VNBL_05640,hôm qua con đi học bình thường và chơi với các bạn. ạ,SAFE,train,synthetic,
VNBL_05641,em nói mấy bạn thường xuyên cười nhạo em trước lớp.,RISK,train,synthetic,
VNBL_05642,Bé kể rằng các bạn không cho em chơi cùng ngoài hành lang.,RISK,train,synthetic,
VNBL_05643,"theo lời bé, hôm qua bé bị một nhóm bạn đánh ngoài hành lang.",HIGH_RISK,train,synthetic,
VNBL_05644,Con nói là em bị đuổi ra khỏi nhóm chat của lớp.,RISK,test,synthetic,
VNBL_05645,Em nói có bạn bắt bé làm bài hộ nếu không sẽ nói xấu em.,RISK,train,synthetic,
VNBL_05646,Bạn Khánh vô tình va vào em ở sân trường rồi xin lỗi....,SAFE,train,synthetic,
VNBL_05647,bạn Khánh mượn bút của con và đã trả lại.,SAFE,validation,synthetic,
VNBL_05648,"Theo lời bé, mấy bạn thường xuyên cười nhạo em trước lớp. ạ",RISK,train,synthetic,
VNBL_05649,Bạn Mai vô tình va vào em lúc tan học rồi xin lỗi. (lần kể 2),SAFE,test,synthetic,
VNBL_05650,em nói bạn Khánh lấy đồ của em rồi không chịu trả.,RISK,train,synthetic,
VNBL_05651,dạo này con bị ép làm việc em ko muốn và bị đe dọa nếu từ chối.,HIGH_RISK,validation,synthetic,
VNBL_05652,"mẹ hỏi em có bị bạn nào bắt nạt ko, em nói là ko.",SAFE,train,synthetic,
VNBL_05653,Con nói là có bạn dọa làm bé bị thương nếu em không làm theo. ạ,HIGH_RISK,train,synthetic,
VNBL_05654,Em với bạn Mai giành bóng khi chơi rồi tiếp tục chơi bình thường. ạ,SAFE,train,synthetic,
VNBL_05655,Em nói bé có vết bầm vì bị bạn đánh ngoài hành lang.,HIGH_RISK,train,synthetic,
VNBL_05656,"bạn Vy nói câu đùa làm bé khó chịu, sau đó bạn đã xin lỗi.",SAFE,train,synthetic,
VNBL_05657,Em nói có bạn bóp cổ em trong giờ ra chơi. ạ,HIGH_RISK,train,synthetic,
VNBL_05658,"Theo lời bé, họ nhốt bé trong nhà vệ sinh và không cho ra.",HIGH_RISK,train,synthetic,
VNBL_05659,Dạo này một số bạn tung tin sai về bé trong lớp.,RISK,validation,synthetic,
VNBL_05660,Con nói là bạn Phúc lấy đồ của em rồi không chịu trả.,RISK,validation,synthetic,
VNBL_05661,con bị chửi và xúc phạm trên xe đưa đón.,RISK,train,synthetic,
VNBL_05662,"Theo lời bé, con không dám phát biểu vì các bạn hay cười nhạo.",RISK,train,synthetic,
VNBL_05663,"Bạn Nam nói câu đùa làm con khó chịu, sau đó bạn đã xin lỗi.",SAFE,train,synthetic,
VNBL_05664,bé kể rằng bạn Lan nhắn tin xúc phạm em liên tục....,RISK,train,synthetic,
VNBL_05665,"Mẹ hỏi bé có bị bạn nào bắt nạt không, em nói là không.",SAFE,train,synthetic,
VNBL_05666,"Theo lời bé, bạn Phúc lấy đồ của em rồi không chịu trả....",RISK,train,synthetic,
VNBL_05667,con nói là em không muốn đi học vì sợ gặp nhóm bạn trong lớp. ạ,RISK,train,synthetic,
VNBL_05668,em và bạn An tranh luận một chút rồi đã làm hòa....,SAFE,train,synthetic,
VNBL_05669,Bé kể rằng em bị tát nhiều lần lúc tan học. ạ,HIGH_RISK,train,synthetic,
VNBL_05670,bạn Minh vô tình va vào em ngoài hành lang rồi xin lỗi.,SAFE,train,synthetic,
VNBL_05671,có bạn bắt con làm bài hộ nếu ko sẽ nói xấu em.,RISK,train,synthetic,
VNBL_05672,Em nói em có vết bầm vì bị bạn đánh trong giờ ra chơi.,HIGH_RISK,train,synthetic,
VNBL_05673,Bạn Hà mượn bút của con và đã trả lại....,SAFE,train,synthetic,
VNBL_05674,"Em bị ngã ở lớp khi đang chạy, ko có ai xô con.",SAFE,validation,synthetic,
VNBL_05675,"em bị ngã ở sân trường khi đang chạy, không có ai xô em....",SAFE,train,synthetic,
VNBL_05676,"Theo lời bé, bạn Nam lấy đồ của em rồi không chịu trả. ạ",RISK,train,synthetic,
VNBL_05677,Em nói em bị đánh nhiều lần trong tuần này....,HIGH_RISK,train,synthetic,
VNBL_05678,"Theo lời bé, có người đăng bài bêu xấu em trên mạng.",RISK,train,synthetic,
VNBL_05679,Bé kể rằng các bạn đá em khi em ngã xuống.,HIGH_RISK,train,synthetic,
VNBL_05680,bé kể rằng bạn Nam dọa sẽ đánh em nếu em kể với cô.,HIGH_RISK,test,synthetic,
VNBL_05681,dạo này mấy bạn thường xuyên cười nhạo em trước lớp....,RISK,train,synthetic,
VNBL_05682,Em bị đau tay do chơi thể thao ở lớp.... (lần kể 2),SAFE,test,synthetic,
VNBL_05683,họ nói tan học đợi đấy rồi vây em ở cổng trường. ạ,HIGH_RISK,train,synthetic,
VNBL_05684,mấy hôm nay các bạn cứ gọi em bằng biệt danh em không thích.,RISK,train,synthetic,
VNBL_05685,hôm qua bé đi học bình thường và chơi với các bạn. (lần kể 2),SAFE,train,synthetic,
VNBL_05686,Bé kể rằng bạn Huy lấy đồ của em rồi không chịu trả.,RISK,test,synthetic,
VNBL_05687,Bạn Huy vô tình va vào em lúc tan học rồi xin lỗi. ạ (lần kể 2),SAFE,train,synthetic,
VNBL_05688,em sợ giờ ra chơi vì các bạn hay vây quanh trêu chọc....,RISK,train,synthetic,
VNBL_05689,Bạn Lan vô tình va vào em trong giờ ra chơi rồi xin lỗi....,SAFE,validation,synthetic,
VNBL_05690,hôm nay lớp em học về chủ đề phòng chống bắt nạt học đường.,SAFE,test,synthetic,
VNBL_05691,"Theo lời bé, con ko muốn đi học vì sợ gặp nhóm bạn trong lớp.",RISK,train,synthetic,
VNBL_05692,Em nói hôm qua em bị một nhóm bạn đánh ngoài hành lang.,HIGH_RISK,train,synthetic,
VNBL_05693,"Bạn Trang nói câu đùa làm bé khó chịu, sau đó bạn đã xin lỗi. ạ",SAFE,train,synthetic,
VNBL_05694,"Em bị ngã lúc tan học khi đang chạy, không có ai xô con....",SAFE,train,synthetic,
VNBL_05695,bạn Mai mượn bút của con và đã trả lại.,SAFE,test,synthetic,
VNBL_05696,"theo lời bé, con bị đánh nhiều lần trong tuần này....",HIGH_RISK,train,synthetic,
VNBL_05697,dạo này bé có vết bầm vì bị bạn đánh trên xe đưa đón.,HIGH_RISK,train,synthetic,
VNBL_05698,Em với bạn Minh giành bóng khi chơi rồi tiếp tục chơi bình thường.... (lần kể 2),SAFE,train,synthetic,
VNBL_05699,Con nói là các bạn ko cho em chơi cùng ngoài hành lang.,RISK,train,synthetic,
VNBL_05700,Em nói em bị tát nhiều lần ở sân trường.,HIGH_RISK,validation,synthetic,
VNBL_05701,Bạn Linh vô tình va vào em ở sân trường rồi xin lỗi....,SAFE,train,synthetic,
VNBL_05702,Bé kể rằng bé ko dám kể với cô vì sợ bị các bạn ghét hơn.,RISK,train,synthetic,
VNBL_05703,Bạn Trang mượn bút của em và đã trả lại....,SAFE,test,synthetic,
VNBL_05704,"theo lời bé, một nhóm bạn thường xuyên đạp vào chân con dưới bàn.",HIGH_RISK,train,synthetic,
VNBL_05705,"Theo lời bé, tuần này em bị một nhóm bạn đánh trong giờ ra chơi.",HIGH_RISK,validation,synthetic,
VNBL_05706,các bạn không cho em chơi cùng ở sân trường.,RISK,train,synthetic,
VNBL_05707,em nói mấy bạn thường xuyên cười nhạo con trước lớp.,RISK,test,synthetic,
VNBL_05708,Dạo này các bạn quay video lúc đánh em rồi gửi vào nhóm. ạ,HIGH_RISK,validation,synthetic,
VNBL_05709,em ko muốn đi học vì sợ gặp nhóm bạn trong lớp.,RISK,train,synthetic,
VNBL_05710,"Theo lời bé, em thường bị lấy đồ ăn mà không được hỏi.",RISK,train,synthetic,
VNBL_05711,"bạn Nam nói câu đùa làm con khó chịu, sau đó bạn đã xin lỗi.",SAFE,train,synthetic,
VNBL_05712,Dạo này mấy bạn chặn đường con lúc tan học để đánh.,HIGH_RISK,train,synthetic,
VNBL_05713,"Theo lời bé, con bị loại khỏi các hoạt động của nhóm nhiều lần.",RISK,train,synthetic,
VNBL_05714,Dạo này bạn Linh nhắn tin xúc phạm em liên tục.,RISK,test,synthetic,
VNBL_05715,hôm qua em bị một nhóm bạn đánh ở sân trường.,HIGH_RISK,validation,synthetic,
VNBL_05716,Bé kể rằng em có vết bầm vì bị bạn đánh ở sân trường. ạ,HIGH_RISK,train,synthetic,
VNBL_05717,Em với bạn Trang giành bóng khi chơi rồi tiếp tục chơi bình thường....,SAFE,test,synthetic,
VNBL_05718,em thấy hai bạn khác cãi nhau nhưng em ko liên quan. ạ,SAFE,train,synthetic,
VNBL_05719,Bé kể rằng em bị chửi và xúc phạm trong giờ ra chơi.,RISK,validation,synthetic,
VNBL_05720,bé bị kéo tóc và xô ngã.,HIGH_RISK,test,synthetic,
VNBL_05721,em nói hôm nay em bị một nhóm bạn đánh trong giờ ra chơi.,HIGH_RISK,validation,synthetic,
VNBL_05722,Con nói là một nhóm bạn lấy tiền của con và dọa không được nói với bố mẹ.,HIGH_RISK,train,synthetic,
VNBL_05723,Con nói là bạn Linh dọa sẽ đánh bé nếu em kể với cô.,HIGH_RISK,train,synthetic,
VNBL_05724,Em nói các bạn bắt em đưa tiền mỗi tuần. ạ,HIGH_RISK,train,synthetic,
VNBL_05725,"theo lời bé, các bạn không cho em chơi cùng trên xe đưa đón.",RISK,train,synthetic,
VNBL_05726,Bạn Khánh vô tình va vào bé ở sân trường rồi xin lỗi.,SAFE,validation,synthetic,
VNBL_05727,"Theo lời bé, bạn Lan đấm con vào người.",HIGH_RISK,train,synthetic,
VNBL_05728,em và bạn Vy tranh luận một chút rồi đã làm hòa. ạ,SAFE,test,synthetic,
VNBL_05729,Con nói là các bạn quay video lúc đánh em rồi gửi vào nhóm....,HIGH_RISK,train,synthetic,
VNBL_05730,"Em bị ngã ngoài hành lang khi đang chạy, không có ai xô con....",SAFE,train,synthetic,
VNBL_05731,Bé kể rằng bạn Khánh ép em phải đưa mật khẩu tài khoản và dọa đánh.,HIGH_RISK,validation,synthetic,
VNBL_05732,Bé kể rằng các bạn không cho em chơi cùng trong giờ ra chơi. ạ,RISK,train,synthetic,
VNBL_05733,dạo này em không dám phát biểu vì các bạn hay cười nhạo.,RISK,train,synthetic,
VNBL_05734,nhóm của bé ko chọn ý tưởng của em nhưng mọi người vẫn làm việc cùng nhau.,SAFE,train,synthetic,
VNBL_05735,Con nói là bạn Mai dọa sẽ đánh con nếu em kể với cô.,HIGH_RISK,train,synthetic,
VNBL_05736,bé kể rằng các bạn cố tình làm hỏng đồ dùng của em.,RISK,train,synthetic,
VNBL_05737,"Theo lời bé, bạn Lan đấm em vào người.",HIGH_RISK,train,synthetic,
VNBL_05738,Em nói tuần này em bị một nhóm bạn đánh lúc tan học.,HIGH_RISK,test,synthetic,
VNBL_05739,Hôm nay bé làm rơi hộp bút và bạn đã nhặt giúp.,SAFE,train,synthetic,
VNBL_05740,Dạo này bạn Nam nhắn tin xúc phạm bé liên tục.,RISK,test,synthetic,
VNBL_05741,dạo này hôm qua các bạn cứ gọi em bằng biệt danh em không thích.,RISK,train,synthetic,
VNBL_05742,Em nói bạn An ép em phải đưa mật khẩu tài khoản và dọa đánh. ạ,HIGH_RISK,train,synthetic,
VNBL_05743,con nói là bạn Linh lấy đồ của em rồi không chịu trả.,RISK,test,synthetic,
VNBL_05744,Bạn Nam vô tình va vào em trên xe đưa đón rồi xin lỗi....,SAFE,train,synthetic,
VNBL_05745,Em nói em bị ép làm việc em không muốn và bị đe dọa nếu từ chối....,HIGH_RISK,train,synthetic,
VNBL_05746,Bé kể rằng họ nhốt em trong nhà vệ sinh và không cho ra.,HIGH_RISK,train,synthetic,
VNBL_05747,Con nói là hôm qua các bạn cứ gọi em bằng biệt danh em không thích. ạ,RISK,train,synthetic,
VNBL_05748,có bạn thường xuyên nói xấu em với các bạn khác. ạ,RISK,test,synthetic,
VNBL_05749,nhóm của em ko chọn ý tưởng của em nhưng mọi người vẫn làm việc cùng nhau. ạ,SAFE,validation,synthetic,
VNBL_05750,mỗi giờ ra chơi em bị một nhóm bạn đánh ngoài hành lang.,HIGH_RISK,train,synthetic,
VNBL_05751,"Theo lời bé, bạn Minh dọa sẽ đánh em nếu em kể với cô.",HIGH_RISK,train,synthetic,
VNBL_05752,bạn Minh mượn bút của con và đã trả lại. (lần kể 2),SAFE,validation,synthetic,
VNBL_05753,Bé kể rằng mấy hôm nay em bị một nhóm bạn đánh trong giờ ra chơi.,HIGH_RISK,train,synthetic,
VNBL_05754,"Theo lời bé, em bị xô xuống cầu thang nhưng may em bám được tay vịn. ạ",HIGH_RISK,train,synthetic,
VNBL_05755,có bạn bóp cổ bé trong giờ ra chơi.,HIGH_RISK,test,synthetic,
VNBL_05756,bé kể rằng em bị tát nhiều lần trong giờ ra chơi.,HIGH_RISK,train,synthetic,
VNBL_05757,Bé kể rằng bạn Linh dọa sẽ đánh con nếu em kể với cô.,HIGH_RISK,train,synthetic,
VNBL_05758,Bạn Vy vô tình va vào con trong giờ ra chơi rồi xin lỗi.,SAFE,validation,synthetic,
VNBL_05759,Con nói là có bạn thường xuyên nói xấu con với các bạn khác.,RISK,train,synthetic,
VNBL_05760,"theo lời bé, mấy bạn chặn đường em lúc tan học để đánh.",HIGH_RISK,train,synthetic,
VNBL_05761,Bạn Hà vô tình va vào con trong giờ ra chơi rồi xin lỗi. (lần kể 2),SAFE,train,synthetic,
VNBL_05762,Bé kể rằng mấy hôm nay em bị một nhóm bạn đánh ngoài hành lang.,HIGH_RISK,train,synthetic,
VNBL_05763,"theo lời bé, bạn Vy đấm em vào người.",HIGH_RISK,test,synthetic,
VNBL_05764,em với bạn Nam giành bóng khi chơi rồi tiếp tục chơi bình thường. (lần kể 2),SAFE,train,synthetic,
VNBL_05765,"Em bị ngã ở sân trường khi đang chạy, ko có ai xô con. ạ",SAFE,train,synthetic,
VNBL_05766,Con nói là bạn Trang nhắn tin xúc phạm em liên tục....,RISK,train,synthetic,
VNBL_05767,Con nói là em bị giấu cặp sách và đồ dùng học tập....,RISK,train,synthetic,
VNBL_05768,Bé kể rằng bạn Nam lấy đồ của em rồi ko chịu trả.,RISK,train,synthetic,
VNBL_05769,bé kể rằng bé thường bị xô vai và chọc ghẹo khi đi qua hành lang.,RISK,test,synthetic,
VNBL_05770,Dạo này một số bạn tung tin sai về con trong lớp. ạ,RISK,test,synthetic,
VNBL_05771,Bé kể rằng bạn Mai dọa sẽ đánh em nếu em kể với cô....,HIGH_RISK,train,synthetic,
VNBL_05772,Con nói là mấy hôm nay các bạn cứ gọi con bằng biệt danh em ko thích.,RISK,train,synthetic,
VNBL_05773,Dạo này bạn Trang ép em phải đưa mật khẩu tài khoản và dọa đánh.,HIGH_RISK,validation,synthetic,
VNBL_05774,con bị kéo tóc và xô ngã.,HIGH_RISK,validation,synthetic,
VNBL_05775,Em nói có bạn bắt em làm bài hộ nếu không sẽ nói xấu em.,RISK,train,synthetic,
VNBL_05776,em bị chặn ở cổng trường và cướp tiền....,HIGH_RISK,train,synthetic,
VNBL_05777,dạo này bạn Hà ép em phải đưa mật khẩu tài khoản và dọa đánh.,HIGH_RISK,train,synthetic,
VNBL_05778,Em nói một nhóm bạn lấy tiền của em và dọa không được nói với bố mẹ.,HIGH_RISK,train,synthetic,
VNBL_05779,Em nói bé sợ giờ ra chơi vì các bạn hay vây quanh trêu chọc.,RISK,train,synthetic,
VNBL_05780,"Theo lời bé, các bạn quay video lúc đánh em rồi gửi vào nhóm....",HIGH_RISK,test,synthetic,
VNBL_05781,bạn Hà dọa sẽ đánh em nếu em kể với cô....,HIGH_RISK,train,synthetic,
VNBL_05782,bạn Mai vô tình va vào em ở sân trường rồi xin lỗi.,SAFE,train,synthetic,
VNBL_05783,Em nói tuần này các bạn cứ gọi em bằng biệt danh em không thích. ạ,RISK,train,synthetic,
VNBL_05784,con nói là em bị chửi và xúc phạm ở lớp. ạ,RISK,validation,synthetic,
VNBL_05785,Con nói là bạn Minh lấy đồ của con rồi không chịu trả.,RISK,train,synthetic,
VNBL_05786,Bạn Linh vô tình va vào em trong giờ ra chơi rồi xin lỗi. (lần kể 2),SAFE,train,synthetic,
VNBL_05787,Con nói là em cảm thấy bị cô lập vì không ai trong nhóm chịu nói chuyện với em. ạ,RISK,train,synthetic,
VNBL_05788,Con nói là bạn Lan lấy đồ của em rồi không chịu trả.,RISK,train,synthetic,
VNBL_05789,Hôm nay lớp em học về chủ đề phòng chống bắt nạt học đường.,SAFE,test,synthetic,
VNBL_05790,"theo lời bé, các bạn quay video lúc em khóc rồi gửi cho nhau.",RISK,validation,synthetic,
VNBL_05791,một nhóm bạn lấy tiền của con và dọa ko được nói với bố mẹ.,HIGH_RISK,train,synthetic,
VNBL_05792,bạn Lan mượn bút của con và đã trả lại.,SAFE,train,synthetic,
VNBL_05793,"Theo lời bé, mấy bạn chặn đường con lúc tan học để đánh.",HIGH_RISK,train,synthetic,
VNBL_05794,Con nói là bạn Lan lấy đồ của con rồi không chịu trả.,RISK,train,synthetic,
VNBL_05795,"theo lời bé, con bị chặn ở cổng trường và cướp tiền.",HIGH_RISK,validation,synthetic,
VNBL_05796,bạn An lấy đồ của em rồi không chịu trả.,RISK,train,synthetic,
VNBL_05797,Dạo này mấy bạn ném đồ cứng vào bé và cười.,HIGH_RISK,test,synthetic,
VNBL_05798,Bé kể rằng bé thường bị lấy đồ ăn mà không được hỏi.,RISK,train,synthetic,
VNBL_05799,Con nói là bạn Phúc lấy đồ của em rồi ko chịu trả.,RISK,train,synthetic,
VNBL_05800,nhóm của con ko chọn ý tưởng của em nhưng mọi người vẫn làm việc cùng nhau....,SAFE,train,synthetic,
VNBL_05801,bé kể rằng bạn Lan nhắn tin xúc phạm em liên tục.,RISK,validation,synthetic,
VNBL_05802,"Theo lời bé, em bị chửi và xúc phạm lúc tan học. ạ",RISK,train,synthetic,
VNBL_05803,Bé kể rằng em có vết bầm vì bị bạn đánh trong giờ ra chơi. ạ,HIGH_RISK,train,synthetic,
VNBL_05804,em thường bị xô vai và chọc ghẹo khi đi qua hành lang.,RISK,train,synthetic,
VNBL_05805,dạo này các bạn cố tình làm hỏng đồ dùng của bé.,RISK,train,synthetic,
VNBL_05806,em không dám phát biểu vì các bạn hay cười nhạo. ạ,RISK,train,synthetic,
VNBL_05807,Bé kể rằng các bạn đá em khi em ngã xuống....,HIGH_RISK,test,synthetic,
VNBL_05808,em nói ngày nào họ cũng trêu con dù em đã bảo dừng.,RISK,train,synthetic,
VNBL_05809,"bạn Phúc nói câu đùa làm con khó chịu, sau đó bạn đã xin lỗi. (lần kể 2)",SAFE,train,synthetic,
VNBL_05810,Bé kể rằng một nhóm bạn lấy tiền của em và dọa không được nói với bố mẹ.,HIGH_RISK,train,synthetic,
VNBL_05811,bé kể rằng các bạn ko cho em chơi cùng lúc tan học.,RISK,train,synthetic,
VNBL_05812,"Theo lời bé, các bạn không cho em chơi cùng ngoài hành lang.",RISK,train,synthetic,
VNBL_05813,"Theo lời bé, bạn Hà dọa sẽ đánh em nếu em kể với cô.",HIGH_RISK,train,synthetic,
VNBL_05814,Bạn Hà mượn bút của em và đã trả lại....,SAFE,train,synthetic,
VNBL_05815,Bạn Phúc vô tình va vào em trong giờ ra chơi rồi xin lỗi. (lần kể 2),SAFE,train,synthetic,
VNBL_05816,bé kể rằng bé thường bị lấy đồ ăn mà không được hỏi.,RISK,train,synthetic,
VNBL_05817,hôm nay các bạn cứ gọi em bằng biệt danh em ko thích.,RISK,test,synthetic,
VNBL_05818,con nói là một nhóm bạn lấy tiền của em và dọa ko được nói với bố mẹ.,HIGH_RISK,test,synthetic,
VNBL_05819,"Theo lời bé, có người đăng bài bêu xấu em trên mạng. ạ",RISK,train,synthetic,
VNBL_05820,em bị chửi và xúc phạm ở sân trường.,RISK,test,synthetic,
VNBL_05821,Bạn Vy vô tình va vào em trên xe đưa đón rồi xin lỗi....,SAFE,train,synthetic,
VNBL_05822,Bạn Linh vô tình va vào bé ở lớp rồi xin lỗi. (lần kể 2),SAFE,train,synthetic,
VNBL_05823,Em và bạn Minh tranh luận một chút rồi đã làm hòa.,SAFE,train,synthetic,
VNBL_05824,"Bạn Hà nói câu đùa làm con khó chịu, sau đó bạn đã xin lỗi.",SAFE,test,synthetic,
VNBL_05825,"Theo lời bé, mấy bạn ném đồ cứng vào bé và cười.",HIGH_RISK,train,synthetic,
VNBL_05826,bé kể rằng bạn Minh nhắn tin xúc phạm em liên tục.,RISK,train,synthetic,
VNBL_05827,Em và bạn An tranh luận một chút rồi đã làm hòa....,SAFE,train,synthetic,
VNBL_05828,"Bạn Khánh nói câu đùa làm bé khó chịu, sau đó bạn đã xin lỗi....",SAFE,train,synthetic,
VNBL_05829,em bị đau tay do chơi thể thao trong giờ ra chơi....,SAFE,train,synthetic,
VNBL_05830,Em nói bạn Phúc nhắn tin xúc phạm con liên tục.,RISK,validation,synthetic,
VNBL_05831,bé kể rằng các bạn không cho em chơi cùng ở sân trường....,RISK,test,synthetic,
VNBL_05832,bé kể rằng một số bạn tung tin sai về bé trong lớp.,RISK,train,synthetic,
VNBL_05833,"Theo lời bé, bạn Huy đấm bé vào người.",HIGH_RISK,train,synthetic,
VNBL_05834,em và bạn Trang tranh luận một chút rồi đã làm hòa.... (lần kể 2),SAFE,train,synthetic,
VNBL_05835,Bé kể rằng em bị tát nhiều lần ngoài hành lang.,HIGH_RISK,train,synthetic,
VNBL_05836,Bạn Linh mượn bút của con và đã trả lại. (lần kể 2),SAFE,train,synthetic,
VNBL_05837,Bạn Minh vô tình va vào con trong giờ ra chơi rồi xin lỗi.,SAFE,train,synthetic,
VNBL_05838,"Em bị ngã trong giờ ra chơi khi đang chạy, không có ai xô em....",SAFE,train,synthetic,
VNBL_05839,Em với bạn Vy giành bóng khi chơi rồi tiếp tục chơi bình thường.,SAFE,train,synthetic,
VNBL_05840,Em bị đau tay do chơi thể thao trên xe đưa đón....,SAFE,test,synthetic,
VNBL_05841,bạn Minh nhắn tin xúc phạm bé liên tục.,RISK,train,synthetic,
VNBL_05842,"theo lời bé, có bạn dọa làm con bị thương nếu em không làm theo.",HIGH_RISK,test,synthetic,
VNBL_05843,"Theo lời bé, họ nhốt bé trong nhà vệ sinh và không cho ra....",HIGH_RISK,validation,synthetic,
VNBL_05844,Bạn Khánh vô tình va vào con ở lớp rồi xin lỗi.,SAFE,validation,synthetic,
VNBL_05845,Con nói là em bị chặn ở cổng trường và cướp tiền. ạ,HIGH_RISK,test,synthetic,
VNBL_05846,mấy hôm nay con đi học bình thường và chơi với các bạn.,SAFE,train,synthetic,
VNBL_05847,"bạn Minh nói câu đùa làm em khó chịu, sau đó bạn đã xin lỗi. (lần kể 2)",SAFE,train,synthetic,
VNBL_05848,Hôm nay con làm rơi hộp bút và bạn đã nhặt giúp. ạ,SAFE,train,synthetic,
VNBL_05849,con nói là em bị đuổi ra khỏi nhóm chat của lớp.,RISK,train,synthetic,
VNBL_05850,Bé kể rằng em bị tát nhiều lần ở sân trường....,HIGH_RISK,train,synthetic,
VNBL_05851,bạn Trang vô tình va vào em ở sân trường rồi xin lỗi.,SAFE,train,synthetic,
VNBL_05852,Bé kể rằng em thường bị xô vai và chọc ghẹo khi đi qua hành lang....,RISK,train,synthetic,
VNBL_05853,bạn Vy vô tình va vào em ngoài hành lang rồi xin lỗi....,SAFE,train,synthetic,
VNBL_05854,Bạn Lan mượn bút của con và đã trả lại.,SAFE,train,synthetic,
VNBL_05855,tuần này em bị một nhóm bạn đánh trong giờ ra chơi.,HIGH_RISK,train,synthetic,
VNBL_05856,Em với bạn Linh giành bóng khi chơi rồi tiếp tục chơi bình thường. (lần kể 2),SAFE,train,synthetic,
VNBL_05857,Dạo này em bị tát nhiều lần ngoài hành lang. ạ,HIGH_RISK,train,synthetic,
VNBL_05858,con nói là bạn Nam đấm em vào người.,HIGH_RISK,train,synthetic,
VNBL_05859,Em nói em bị ép làm việc em không muốn và bị đe dọa nếu từ chối. ạ,HIGH_RISK,validation,synthetic,
VNBL_05860,Bé kể rằng mấy bạn ném đồ cứng vào em và cười. ạ,HIGH_RISK,test,synthetic,
VNBL_05861,Em nói họ dọa sẽ tiếp tục đánh nếu em báo với người lớn....,HIGH_RISK,train,synthetic,
VNBL_05862,em nói bạn Minh ép em phải đưa mật khẩu tài khoản và dọa đánh.,HIGH_RISK,test,synthetic,
VNBL_05863,"em bị ngã ở lớp khi đang chạy, không có ai xô con.",SAFE,test,synthetic,
VNBL_05864,em bị kéo tóc và xô ngã. ạ,HIGH_RISK,train,synthetic,
VNBL_05865,em có vết bầm vì bị bạn đánh ở lớp.,HIGH_RISK,train,synthetic,
VNBL_05866,con nói là bạn Linh dọa sẽ đánh em nếu em kể với cô.,HIGH_RISK,train,synthetic,
VNBL_05867,Bé kể rằng các bạn không cho em chơi cùng trong giờ ra chơi.,RISK,train,synthetic,
VNBL_05868,Con nói là hôm nay các bạn cứ gọi em bằng biệt danh em không thích....,RISK,test,synthetic,
VNBL_05869,"Theo lời bé, các bạn không cho em chơi cùng ở sân trường.",RISK,train,synthetic,
VNBL_05870,Em nói con bị tát nhiều lần ở lớp.,HIGH_RISK,test,synthetic,
VNBL_05871,"Theo lời bé, bạn Huy đấm em vào người.",HIGH_RISK,train,synthetic,
VNBL_05872,Con nói là có bạn bóp cổ em trong giờ ra chơi....,HIGH_RISK,test,synthetic,
VNBL_05873,bé kể rằng có bạn dọa làm em bị thương nếu em không làm theo.,HIGH_RISK,test,synthetic,
VNBL_05874,bạn An vô tình va vào em trên xe đưa đón rồi xin lỗi.,SAFE,train,synthetic,
VNBL_05875,Bạn Nam vô tình va vào em ở lớp rồi xin lỗi. (lần kể 2),SAFE,test,synthetic,
VNBL_05876,Bạn Lan mượn bút của em và đã trả lại.,SAFE,train,synthetic,
VNBL_05877,"Theo lời bé, bạn Khánh nhắn tin xúc phạm em liên tục.",RISK,train,synthetic,
VNBL_05878,Bé kể rằng bạn Vy ép em phải đưa mật khẩu tài khoản và dọa đánh.,HIGH_RISK,train,synthetic,
VNBL_05879,con không muốn đi học vì sợ gặp nhóm bạn trong lớp....,RISK,train,synthetic,
VNBL_05880,"Em bị ngã trên xe đưa đón khi đang chạy, ko có ai xô em. ạ",SAFE,train,synthetic,
VNBL_05881,Bạn Mai vô tình va vào em ngoài hành lang rồi xin lỗi.,SAFE,train,synthetic,
VNBL_05882,dạo này bé bị đánh nhiều lần trong tuần này.,HIGH_RISK,train,synthetic,
VNBL_05883,bạn Minh mượn bút của bé và đã trả lại.,SAFE,train,synthetic,
VNBL_05884,Bạn Hà vô tình va vào em ngoài hành lang rồi xin lỗi.,SAFE,train,synthetic,
VNBL_05885,dạo này tuần này các bạn cứ gọi em bằng biệt danh em không thích.,RISK,train,synthetic,
VNBL_05886,mấy hôm nay bé bị một nhóm bạn đánh ngoài hành lang.,HIGH_RISK,test,synthetic,
VNBL_05887,"Em bị ngã lúc tan học khi đang chạy, ko có ai xô bé....",SAFE,test,synthetic,
VNBL_05888,Em nói mấy hôm nay em bị một nhóm bạn đánh ở lớp....,HIGH_RISK,train,synthetic,
VNBL_05889,Con nói là bạn Lan dọa sẽ đánh em nếu em kể với cô.,HIGH_RISK,train,synthetic,
VNBL_05890,Con nói là bạn Vy nhắn tin xúc phạm em liên tục.,RISK,train,synthetic,
VNBL_05891,Bạn Vy vô tình va vào em lúc tan học rồi xin lỗi. ạ (lần kể 2),SAFE,validation,synthetic,
VNBL_05892,Dạo này họ dọa sẽ tiếp tục đánh nếu con báo với người lớn.,HIGH_RISK,train,synthetic,
VNBL_05893,"Theo lời bé, em bị giấu cặp sách và đồ dùng học tập.",RISK,test,synthetic,
VNBL_05894,Dạo này bạn Mai lấy đồ của em rồi không chịu trả.,RISK,train,synthetic,
VNBL_05895,Bé kể rằng hôm nay em bị một nhóm bạn đánh ở lớp.,HIGH_RISK,train,synthetic,
VNBL_05896,em bị tát nhiều lần ngoài hành lang. ạ,HIGH_RISK,train,synthetic,
VNBL_05897,em và bạn Linh tranh luận một chút rồi đã làm hòa....,SAFE,train,synthetic,
VNBL_05898,"theo lời bé, mấy hôm nay em bị một nhóm bạn đánh ở sân trường.",HIGH_RISK,train,synthetic,
VNBL_05899,em đọc một bài báo nói về bạo lực học đường....,SAFE,train,synthetic,
VNBL_05900,em bị tát nhiều lần lúc tan học.,HIGH_RISK,train,synthetic,
VNBL_05901,Em nói em có vết bầm vì bị bạn đánh ngoài hành lang.,HIGH_RISK,validation,synthetic,
VNBL_05902,Em nói bạn Nam lấy đồ của em rồi ko chịu trả.,RISK,validation,synthetic,
VNBL_05903,Bé kể rằng em bị chửi và xúc phạm ở lớp....,RISK,validation,synthetic,
VNBL_05904,em bị tát nhiều lần ở sân trường.,HIGH_RISK,train,synthetic,
VNBL_05905,Em nói ngày nào họ cũng trêu em dù em đã bảo dừng.,RISK,test,synthetic,
VNBL_05906,Bạn Nam vô tình va vào em ở lớp rồi xin lỗi. ạ,SAFE,train,synthetic,
VNBL_05907,"Bạn Lan nói câu đùa làm bé khó chịu, sau đó bạn đã xin lỗi....",SAFE,train,synthetic,
VNBL_05908,Bạn Trang mượn bút của con và đã trả lại....,SAFE,train,synthetic,
VNBL_05909,"Bạn An nói câu đùa làm em khó chịu, sau đó bạn đã xin lỗi. ạ",SAFE,train,synthetic,
VNBL_05910,Em thấy hai bạn khác cãi nhau nhưng em không liên quan....,SAFE,train,synthetic,
VNBL_05911,Con nói là em bị tát nhiều lần lúc tan học....,HIGH_RISK,train,synthetic,
VNBL_05912,Bạn Mai vô tình va vào bé trong giờ ra chơi rồi xin lỗi.,SAFE,train,synthetic,
VNBL_05913,Dạo này bạn Hà đấm em vào người.,HIGH_RISK,train,synthetic,
VNBL_05914,Dạo này các bạn không cho em chơi cùng ở lớp.,RISK,test,synthetic,
VNBL_05915,"theo lời bé, cả nhóm cố tình không cho bé ngồi cùng.",RISK,validation,synthetic,
VNBL_05916,"bạn Vy nói câu đùa làm em khó chịu, sau đó bạn đã xin lỗi....",SAFE,train,synthetic,
VNBL_05917,các bạn chế ảnh của bé rồi gửi vào nhóm lớp.,RISK,train,synthetic,
VNBL_05918,Con nói là mấy bạn thường xuyên cười nhạo con trước lớp.,RISK,train,synthetic,
VNBL_05919,Con nói là em bị xô xuống cầu thang nhưng may em bám được tay vịn. ạ,HIGH_RISK,test,synthetic,
VNBL_05920,Bé kể rằng con bị tát nhiều lần ngoài hành lang.,HIGH_RISK,train,synthetic,
VNBL_05921,Em nói một nhóm bạn lấy tiền của em và dọa ko được nói với bố mẹ....,HIGH_RISK,train,synthetic,
VNBL_05922,mấy hôm nay con đi học bình thường và chơi với các bạn. (lần kể 2),SAFE,train,synthetic,
VNBL_05923,Bé kể rằng bạn Huy dọa sẽ đánh bé nếu em kể với cô.,HIGH_RISK,test,synthetic,
VNBL_05924,các bạn cố tình làm hỏng đồ dùng của em.,RISK,train,synthetic,
VNBL_05925,"theo lời bé, bạn Khánh đấm em vào người.",HIGH_RISK,train,synthetic,
VNBL_05926,Bé kể rằng một số bạn tung tin sai về em trong lớp....,RISK,test,synthetic,
VNBL_05927,"bạn Huy nói câu đùa làm em khó chịu, sau đó bạn đã xin lỗi.",SAFE,test,synthetic,
VNBL_05928,bé kể rằng bạn Trang lấy đồ của em rồi không chịu trả.,RISK,validation,synthetic,
VNBL_05929,bé kể rằng gần đây các bạn cứ gọi bé bằng biệt danh em không thích.,RISK,validation,synthetic,
VNBL_05930,"theo lời bé, các bạn không cho em chơi cùng ở lớp.",RISK,train,synthetic,
VNBL_05931,bạn Khánh vô tình va vào em trên xe đưa đón rồi xin lỗi.,SAFE,validation,synthetic,
VNBL_05932,Dạo này các bạn cố tình làm hỏng đồ dùng của em. ạ,RISK,train,synthetic,
VNBL_05933,bạn Mai vô tình va vào em trong giờ ra chơi rồi xin lỗi.,SAFE,train,synthetic,
VNBL_05934,con nói là bé bị chửi và xúc phạm trong giờ ra chơi.,RISK,train,synthetic,
VNBL_05935,"Mẹ hỏi em có bị bạn nào bắt nạt không, em nói là không.... (lần kể 2)",SAFE,train,synthetic,
VNBL_05936,"Theo lời bé, em không dám phát biểu vì các bạn hay cười nhạo....",RISK,train,synthetic,
VNBL_05937,"Theo lời bé, mỗi giờ ra chơi em bị một nhóm bạn đánh lúc tan học. ạ",HIGH_RISK,test,synthetic,
VNBL_05938,"Theo lời bé, các bạn không cho bé chơi cùng trong giờ ra chơi.",RISK,test,synthetic,
VNBL_05939,Bạn Trang vô tình va vào con ở sân trường rồi xin lỗi.,SAFE,train,synthetic,
VNBL_05940,Bạn Lan mượn bút của em và đã trả lại. ạ,SAFE,train,synthetic,
VNBL_05941,bạn Nam vô tình va vào em ở sân trường rồi xin lỗi.,SAFE,train,synthetic,
VNBL_05942,Bạn Nam vô tình va vào bé ở lớp rồi xin lỗi. ạ,SAFE,train,synthetic,
VNBL_05943,Dạo này họ dọa sẽ tiếp tục đánh nếu bé báo với người lớn.,HIGH_RISK,validation,synthetic,
VNBL_05944,Bạn Minh vô tình va vào con trên xe đưa đón rồi xin lỗi.,SAFE,train,synthetic,
VNBL_05945,"Theo lời bé, con thường bị lấy đồ ăn mà không được hỏi....",RISK,train,synthetic,
VNBL_05946,"Theo lời bé, mỗi giờ ra chơi em bị một nhóm bạn đánh ở lớp.",HIGH_RISK,train,synthetic,
VNBL_05947,bạn Minh mượn bút của em và đã trả lại....,SAFE,train,synthetic,
VNBL_05948,em nói mấy hôm nay em bị một nhóm bạn đánh ngoài hành lang.,HIGH_RISK,train,synthetic,
VNBL_05949,Dạo này bạn Phúc nhắn tin xúc phạm con liên tục.,RISK,train,synthetic,
VNBL_05950,bé không dám kể với cô vì sợ bị các bạn ghét hơn.,RISK,train,synthetic,
VNBL_05951,Bé kể rằng bạn Lan nhắn tin xúc phạm em liên tục.,RISK,validation,synthetic,
VNBL_05952,Bé kể rằng một số bạn tung tin sai về bé trong lớp. ạ,RISK,validation,synthetic,
VNBL_05953,"theo lời bé, một số bạn tung tin sai về con trong lớp.",RISK,train,synthetic,
VNBL_05954,bé không muốn đi học vì sợ gặp nhóm bạn trong lớp.,RISK,train,synthetic,
VNBL_05955,Dạo này bé không dám phát biểu vì các bạn hay cười nhạo.,RISK,train,synthetic,
VNBL_05956,Em nói con bị chặn ở cổng trường và cướp tiền.,HIGH_RISK,train,synthetic,
VNBL_05957,Con nói là bạn Huy lấy đồ của em rồi không chịu trả.,RISK,train,synthetic,
VNBL_05958,"theo lời bé, em bị xô xuống cầu thang nhưng may em bám được tay vịn.",HIGH_RISK,test,synthetic,
VNBL_05959,em bị đau tay do chơi thể thao ở lớp....,SAFE,validation,synthetic,
VNBL_05960,em và bạn Huy tranh luận một chút rồi đã làm hòa.,SAFE,train,synthetic,
VNBL_05961,"theo lời bé, bạn Lan lấy đồ của bé rồi không chịu trả.",RISK,validation,synthetic,
VNBL_05962,em thấy lo vì ngày mai có bài kiểm tra.... (lần kể 2),SAFE,validation,synthetic,
VNBL_05963,Bạn Huy mượn bút của con và đã trả lại. ạ,SAFE,train,synthetic,
VNBL_05964,Em nói em bị đánh nhiều lần trong tuần này. ạ,HIGH_RISK,train,synthetic,
VNBL_05965,Con nói là em bị chửi và xúc phạm ở lớp.,RISK,train,synthetic,
VNBL_05966,"Bạn Trang nói câu đùa làm em khó chịu, sau đó bạn đã xin lỗi. ạ",SAFE,test,synthetic,
VNBL_05967,"em bị ngã trên xe đưa đón khi đang chạy, không có ai xô bé.",SAFE,train,synthetic,
VNBL_05968,con nói là em bị chửi và xúc phạm ở sân trường.,RISK,test,synthetic,
VNBL_05969,em với bạn Lan giành bóng khi chơi rồi tiếp tục chơi bình thường....,SAFE,validation,synthetic,
VNBL_05970,cả nhóm cố tình không cho em ngồi cùng. ạ,RISK,validation,synthetic,
VNBL_05971,dạo này có bạn thường xuyên nói xấu em với các bạn khác.,RISK,train,synthetic,
VNBL_05972,con không dám kể với cô vì sợ bị các bạn ghét hơn.,RISK,train,synthetic,
VNBL_05973,Con nói là mấy bạn chặn đường bé lúc tan học để đánh.,HIGH_RISK,train,synthetic,
VNBL_05974,con nói là mấy bạn chặn đường em lúc tan học để đánh. ạ,HIGH_RISK,test,synthetic,
VNBL_05975,Em nói các bạn không cho em chơi cùng ngoài hành lang.,RISK,train,synthetic,
VNBL_05976,bạn An vô tình va vào em trong giờ ra chơi rồi xin lỗi. (lần kể 2),SAFE,train,synthetic,
VNBL_05977,em đọc một bài báo nói về bạo lực học đường. (lần kể 2),SAFE,test,synthetic,
VNBL_05978,em thấy lo vì ngày mai có bài kiểm tra....,SAFE,train,synthetic,
VNBL_05979,Em với bạn Trang giành bóng khi chơi rồi tiếp tục chơi bình thường. ạ,SAFE,train,synthetic,
VNBL_05980,Dạo này bạn Phúc đấm em vào người. ạ,HIGH_RISK,train,synthetic,
VNBL_05981,Em nói em bị chặn ở cổng trường và cướp tiền. ạ,HIGH_RISK,train,synthetic,
VNBL_05982,bạn Trang mượn bút của em và đã trả lại. (lần kể 2),SAFE,test,synthetic,
VNBL_05983,"Theo lời bé, em cảm thấy bị cô lập vì không ai trong nhóm chịu nói chuyện với em.",RISK,train,synthetic,
VNBL_05984,"Theo lời bé, bạn Linh nhắn tin xúc phạm em liên tục....",RISK,train,synthetic,
VNBL_05985,Em nói bạn Lan đấm em vào người.,HIGH_RISK,test,synthetic,
VNBL_05986,bé kể rằng các bạn quay video lúc em khóc rồi gửi cho nhau.,RISK,train,synthetic,
VNBL_05987,"em bị ngã ở lớp khi đang chạy, không có ai xô em. ạ",SAFE,train,synthetic,
VNBL_05988,bé kể rằng bạn Phúc lấy đồ của em rồi không chịu trả.,RISK,test,synthetic,
VNBL_05989,Em và bạn Nam tranh luận một chút rồi đã làm hòa.,SAFE,validation,synthetic,
VNBL_05990,"Theo lời bé, bạn Khánh dọa sẽ đánh em nếu em kể với cô....",HIGH_RISK,train,synthetic,
VNBL_05991,"Theo lời bé, mấy bạn ném đồ cứng vào em và cười. ạ",HIGH_RISK,validation,synthetic,
VNBL_05992,Bé kể rằng hôm nay em bị một nhóm bạn đánh lúc tan học....,HIGH_RISK,train,synthetic,
VNBL_05993,"Theo lời bé, mấy hôm nay con bị một nhóm bạn đánh ở lớp.",HIGH_RISK,train,synthetic,
VNBL_05994,Dạo này các bạn quay video lúc em khóc rồi gửi cho nhau. ạ,RISK,train,synthetic,
VNBL_05995,Dạo này mấy bạn chặn đường em lúc tan học để đánh. ạ,HIGH_RISK,train,synthetic,
VNBL_05996,con nói là con bị giữ tay để một bạn khác đánh....,HIGH_RISK,train,synthetic,
VNBL_05997,"Bạn Trang nói câu đùa làm con khó chịu, sau đó bạn đã xin lỗi.",SAFE,validation,synthetic,
VNBL_05998,Em nói gần đây em bị một nhóm bạn đánh ngoài hành lang.,HIGH_RISK,validation,synthetic,
VNBL_05999,"Theo lời bé, các bạn đá con khi em ngã xuống.",HIGH_RISK,test,synthetic,
VNBL_06000,con nói là mấy bạn ném đồ cứng vào con và cười.,HIGH_RISK,test,synthetic,
